ISO-10303-21;
HEADER;
FILE_DESCRIPTION((''),'2;1');
FILE_NAME('mounting hub motor-_blades', '2026-08-21T11:54:34', (''), (''), 'ImageToStl.com STEP Converter','', '');
FILE_SCHEMA(('AUTOMOTIVE_DESIGN_CC2'));
ENDSEC;
DATA;
#1=PRODUCT_DEFINITION_CONTEXT('',#4,'design');
#2=APPLICATION_PROTOCOL_DEFINITION('INTERNATIONAL STANDARD','automotive_design',1994,#4);
#3=(GEOMETRIC_REPRESENTATION_CONTEXT(3)GLOBAL_UNCERTAINTY_ASSIGNED_CONTEXT((#5))GLOBAL_UNIT_ASSIGNED_CONTEXT((#6,#7,#8))REPRESENTATION_CONTEXT('NONE','WORKSPACE'));
#4=APPLICATION_CONTEXT(' ');
#5=UNCERTAINTY_MEASURE_WITH_UNIT(LENGTH_MEASURE(1.0E-006),#6,'','');
#6=(CONVERSION_BASED_UNIT('METRE',#10)LENGTH_UNIT()NAMED_UNIT(#11));
#7=(NAMED_UNIT(#12)PLANE_ANGLE_UNIT()SI_UNIT($,.RADIAN.));
#8=(NAMED_UNIT(#12)SOLID_ANGLE_UNIT()SI_UNIT($,.STERADIAN.));
#9=AXIS2_PLACEMENT_3D('',#14,#15,#16);
#10=LENGTH_MEASURE_WITH_UNIT(LENGTH_MEASURE(1.0),#17);
#11=DIMENSIONAL_EXPONENTS(1.0,0.0,0.0,0.0,0.0,0.0,0.0);
#12=DIMENSIONAL_EXPONENTS(0.0,0.0,0.0,0.0,0.0,0.0,0.0);
#13=PRODUCT_CONTEXT('',#4,'mechanical');
#14=CARTESIAN_POINT('',(0.0,0.0,0.0));
#15=DIRECTION('',(0.0,0.0,1.0));
#16=DIRECTION('',(1.0,0.0,0.0));
#17=(NAMED_UNIT(#11)LENGTH_UNIT()SI_UNIT(.MILLI.,.METRE.));
#18=PRESENTATION_STYLE_ASSIGNMENT((#19));
#19=SURFACE_STYLE_USAGE(.BOTH.,#20);
#20=SURFACE_SIDE_STYLE('',(#21));
#21=SURFACE_STYLE_FILL_AREA(#22);
#22=FILL_AREA_STYLE('',(#23));
#23=FILL_AREA_STYLE_COLOUR('',#24);
#24=COLOUR_RGB('',0.9,0.9,0.9);
#25=SHAPE_DEFINITION_REPRESENTATION(#26,#27);
#26=PRODUCT_DEFINITION_SHAPE('productshape0','',#30);
#27=MANIFOLD_SURFACE_SHAPE_REPRESENTATION('',(#28,#9),#3);
#28=SHELL_BASED_SURFACE_MODEL('shell0',(#33));
#29=PRODUCT('product0','','',(#13));
#30=PRODUCT_DEFINITION('mesh0','',#31,#2);
#31=PRODUCT_DEFINITION_FORMATION_WITH_SPECIFIED_SOURCE('prodsource0','',#29,.NOT_KNOWN.);
#32=STYLED_ITEM('',(#18),#33);
#33=CLOSED_SHELL('',(#246,#268,#290,#312,#334,#356,#378,#400,#422,#444,#466,#488,#510,#532,#554,#576,#598,#620,#642,#664,#686,#708,#730,#752,#774,#796,#818,#840,#862,#884,#906,#928,#950,#972,#994,#1016,#1038,#1060,#1082,#1104,#1126,#1148,#1170,#1192,#1214,#1236,#1258,#1280,#1302,#1324,#1346,#1368,#1390,#1412,#1434,#1456,#1478,#1500,#1522,#1544,#1566,#1588,#1610,#1632,#1654,#1676,#1698,#1720,#1742,#1764,#1786,#1808,#1830,#1852,#1874,#1896,#1918,#1940,#1962,#1984,#2006,#2028,#2050,#2072,#2094,#2116,#2138,#2160,#2182,#2204,#2226,#2248,#2270,#2292,#2314,#2336,#2358,#2380,#2402,#2424,#2446,#2468,#2490,#2512,#2534,#2556,#2578,#2600,#2622,#2644,#2666,#2688,#2710,#2732,#2754,#2776,#2798,#2820,#2842,#2864,#2886,#2908,#2930,#2952,#2974,#2996,#3018,#3040,#3062,#3084,#3106,#3128,#3150,#3172,#3194,#3216,#3238,#3260,#3282,#3304,#3326,#3348,#3370,#3392,#3414,#3436,#3458,#3480,#3502,#3524,#3546,#3568,#3590,#3612,#3634,#3656,#3678,#3700,#3722,#3744,#3766,#3788,#3810,#3832,#3854,#3876,#3898,#3920,#3942,#3964,#3986,#4008,#4030,#4052,#4074,#4096,#4118,#4140,#4162,#4184,#4206,#4228,#4250,#4272,#4294,#4316,#4338,#4360,#4382,#4404,#4426,#4448,#4470,#4492,#4514,#4536,#4558,#4580,#4602,#4624,#4646,#4668,#4690,#4712,#4734,#4756,#4778,#4800,#4822,#4844,#4866,#4888,#4910,#4932,#4954,#4976,#4998,#5020,#5042,#5064,#5086,#5108,#5130,#5152,#5174,#5196,#5218,#5240,#5262,#5284,#5306,#5328,#5350,#5372,#5394,#5416,#5438,#5460,#5482,#5504,#5526,#5548,#5570,#5592,#5614,#5636,#5658,#5680,#5702,#5724,#5746,#5768,#5790,#5812,#5834,#5856,#5878,#5900,#5922,#5944,#5966,#5988,#6010,#6032,#6054,#6076,#6098,#6120,#6142,#6164,#6186,#6208,#6230,#6252,#6274,#6296,#6318,#6340,#6362,#6384,#6406,#6428,#6450,#6472,#6494,#6516,#6538,#6560,#6582,#6604,#6626,#6648,#6670,#6692,#6714,#6736,#6758,#6780,#6802,#6824));
#34=CARTESIAN_POINT('',(0.7831571698188782,-5.948668956756592,9.53166387303501E-16));
#35=VERTEX_POINT('',#34);
#36=CARTESIAN_POINT('',(3.6739402930577075E-16,-6,9.645640626417549E-16));
#37=VERTEX_POINT('',#36);
#38=CARTESIAN_POINT('',(0,-9.063624171326621E-16,-3.677035139688738E-16));
#39=VERTEX_POINT('',#38);
#40=CARTESIAN_POINT('',(1.5529142618179321,-5.795555114746094,9.191681788666079E-16));
#41=VERTEX_POINT('',#40);
#42=CARTESIAN_POINT('',(2.296100616455078,-5.543277263641357,8.6315129602628E-16));
#43=VERTEX_POINT('',#42);
#44=CARTESIAN_POINT('',(3,-5.196152210235596,7.860741036227765E-16));
#45=VERTEX_POINT('',#44);
#46=CARTESIAN_POINT('',(3.6525685787200928,-4.760119915008545,6.892554319549722E-16));
#47=VERTEX_POINT('',#46);
#48=CARTESIAN_POINT('',(4.242640495300293,-4.242640495300293,5.743519715885781E-16));
#49=VERTEX_POINT('',#48);
#50=CARTESIAN_POINT('',(4.760119915008545,-3.6525685787200928,4.433296330546123E-16));
#51=VERTEX_POINT('',#50);
#52=CARTESIAN_POINT('',(5.196152210235596,-3,2.9843030080622013E-16));
#53=VERTEX_POINT('',#52);
#54=CARTESIAN_POINT('',(5.543277263641357,-2.296100616455078,1.4213322704512507E-16));
#55=VERTEX_POINT('',#54);
#56=CARTESIAN_POINT('',(5.795555114746094,-1.5529142618179321,-2.2887283529786874E-17));
#57=VERTEX_POINT('',#56);
#58=CARTESIAN_POINT('',(5.948668956756592,-0.7831571698188782,-1.9380770283712514E-16));
#59=VERTEX_POINT('',#58);
#60=CARTESIAN_POINT('',(6,-9.063624171326621E-16,-3.677035139688738E-16));
#61=VERTEX_POINT('',#60);
#62=CARTESIAN_POINT('',(5.948668956756592,0.7831571698188782,-5.415993251006225E-16));
#63=VERTEX_POINT('',#62);
#64=CARTESIAN_POINT('',(5.795555114746094,1.5529142618179321,-7.125197741864628E-16));
#65=VERTEX_POINT('',#64);
#66=CARTESIAN_POINT('',(5.543277263641357,2.296100616455078,-8.775402682177625E-16));
#67=VERTEX_POINT('',#66);
#68=CARTESIAN_POINT('',(5.196152210235596,3,-1.033837381683527E-15));
#69=VERTEX_POINT('',#68);
#70=CARTESIAN_POINT('',(4.760119915008545,3.6525685787200928,-1.17873666099236E-15));
#71=VERTEX_POINT('',#70);
#72=CARTESIAN_POINT('',(4.242640495300293,4.242640495300293,-1.3097589995263257E-15));
#73=VERTEX_POINT('',#72);
#74=CARTESIAN_POINT('',(3.6525685787200928,4.760119915008545,-1.424662512832279E-15));
#75=VERTEX_POINT('',#74);
#76=CARTESIAN_POINT('',(3,5.196152210235596,-1.521481131560524E-15));
#77=VERTEX_POINT('',#76);
#78=CARTESIAN_POINT('',(2.296100616455078,5.543277263641357,-1.5985582710244684E-15));
#79=VERTEX_POINT('',#78);
#80=CARTESIAN_POINT('',(1.5529142618179321,5.795555114746094,-1.6545752068043555E-15));
#81=VERTEX_POINT('',#80);
#82=CARTESIAN_POINT('',(0.7831571698188782,5.948668956756592,-1.6885734152412486E-15));
#83=VERTEX_POINT('',#82);
#84=CARTESIAN_POINT('',(3.6739402930577075E-16,6,-1.6999711964586208E-15));
#85=VERTEX_POINT('',#84);
#86=CARTESIAN_POINT('',(-0.7831571698188782,5.948668956756592,-1.6885734152412486E-15));
#87=VERTEX_POINT('',#86);
#88=CARTESIAN_POINT('',(-1.5529142618179321,5.795555114746094,-1.6545752068043555E-15));
#89=VERTEX_POINT('',#88);
#90=CARTESIAN_POINT('',(-2.296100616455078,5.543277263641357,-1.5985582710244684E-15));
#91=VERTEX_POINT('',#90);
#92=CARTESIAN_POINT('',(-3,5.196152210235596,-1.521481131560524E-15));
#93=VERTEX_POINT('',#92);
#94=CARTESIAN_POINT('',(-3.6525685787200928,4.760119915008545,-1.424662512832279E-15));
#95=VERTEX_POINT('',#94);
#96=CARTESIAN_POINT('',(-4.242640495300293,4.242640495300293,-1.3097589995263257E-15));
#97=VERTEX_POINT('',#96);
#98=CARTESIAN_POINT('',(-4.760119915008545,3.6525685787200928,-1.17873666099236E-15));
#99=VERTEX_POINT('',#98);
#100=CARTESIAN_POINT('',(-5.196152210235596,3,-1.033837381683527E-15));
#101=VERTEX_POINT('',#100);
#102=CARTESIAN_POINT('',(-5.543277263641357,2.296100616455078,-8.775402682177625E-16));
#103=VERTEX_POINT('',#102);
#104=CARTESIAN_POINT('',(-5.795555114746094,1.5529142618179321,-7.125197741864628E-16));
#105=VERTEX_POINT('',#104);
#106=CARTESIAN_POINT('',(-5.948668956756592,0.7831571698188782,-5.415993251006225E-16));
#107=VERTEX_POINT('',#106);
#108=CARTESIAN_POINT('',(-6,-1.7157434528623084E-16,-3.677035139688738E-16));
#109=VERTEX_POINT('',#108);
#110=CARTESIAN_POINT('',(-5.948668956756592,-0.7831571698188782,-1.9380770283712514E-16));
#111=VERTEX_POINT('',#110);
#112=CARTESIAN_POINT('',(-5.795555114746094,-1.5529142618179321,-2.2887283529786874E-17));
#113=VERTEX_POINT('',#112);
#114=CARTESIAN_POINT('',(-5.543277263641357,-2.296100616455078,1.4213322704512507E-16));
#115=VERTEX_POINT('',#114);
#116=CARTESIAN_POINT('',(-5.196152210235596,-3,2.9843030080622013E-16));
#117=VERTEX_POINT('',#116);
#118=CARTESIAN_POINT('',(-4.760119915008545,-3.6525685787200928,4.433296330546123E-16));
#119=VERTEX_POINT('',#118);
#120=CARTESIAN_POINT('',(-4.242640495300293,-4.242640495300293,5.743519715885781E-16));
#121=VERTEX_POINT('',#120);
#122=CARTESIAN_POINT('',(-3.6525685787200928,-4.760119915008545,6.892554319549722E-16));
#123=VERTEX_POINT('',#122);
#124=CARTESIAN_POINT('',(-3,-5.196152210235596,7.860741036227765E-16));
#125=VERTEX_POINT('',#124);
#126=CARTESIAN_POINT('',(-2.296100616455078,-5.543277263641357,8.6315129602628E-16));
#127=VERTEX_POINT('',#126);
#128=CARTESIAN_POINT('',(-1.5529142618179321,-5.795555114746094,9.191681788666079E-16));
#129=VERTEX_POINT('',#128);
#130=CARTESIAN_POINT('',(-0.7831571698188782,-5.948668956756592,9.53166387303501E-16));
#131=VERTEX_POINT('',#130);
#132=CARTESIAN_POINT('',(3.6739402930577075E-16,-6,21));
#133=VERTEX_POINT('',#132);
#134=CARTESIAN_POINT('',(0.7831571698188782,-5.948668956756592,21));
#135=VERTEX_POINT('',#134);
#136=CARTESIAN_POINT('',(0,3.756574180413877E-15,21));
#137=VERTEX_POINT('',#136);
#138=CARTESIAN_POINT('',(1.5529142618179321,-5.795555114746094,21));
#139=VERTEX_POINT('',#138);
#140=CARTESIAN_POINT('',(2.296100616455078,-5.543277263641357,21));
#141=VERTEX_POINT('',#140);
#142=CARTESIAN_POINT('',(3,-5.196152210235596,21));
#143=VERTEX_POINT('',#142);
#144=CARTESIAN_POINT('',(3.6525685787200928,-4.760119915008545,21));
#145=VERTEX_POINT('',#144);
#146=CARTESIAN_POINT('',(4.242640495300293,-4.242640495300293,21));
#147=VERTEX_POINT('',#146);
#148=CARTESIAN_POINT('',(4.760119915008545,-3.6525685787200928,21));
#149=VERTEX_POINT('',#148);
#150=CARTESIAN_POINT('',(5.196152210235596,-3,21));
#151=VERTEX_POINT('',#150);
#152=CARTESIAN_POINT('',(5.543277263641357,-2.296100616455078,21));
#153=VERTEX_POINT('',#152);
#154=CARTESIAN_POINT('',(5.795555114746094,-1.5529142618179321,21));
#155=VERTEX_POINT('',#154);
#156=CARTESIAN_POINT('',(5.948668956756592,-0.7831571698188782,21));
#157=VERTEX_POINT('',#156);
#158=CARTESIAN_POINT('',(6,3.756574180413877E-15,21));
#159=VERTEX_POINT('',#158);
#160=CARTESIAN_POINT('',(5.948668956756592,0.7831571698188782,21));
#161=VERTEX_POINT('',#160);
#162=CARTESIAN_POINT('',(5.795555114746094,1.5529142618179321,21));
#163=VERTEX_POINT('',#162);
#164=CARTESIAN_POINT('',(5.543277263641357,2.296100616455078,21));
#165=VERTEX_POINT('',#164);
#166=CARTESIAN_POINT('',(5.196152210235596,3,21));
#167=VERTEX_POINT('',#166);
#168=CARTESIAN_POINT('',(4.760119915008545,3.6525685787200928,21));
#169=VERTEX_POINT('',#168);
#170=CARTESIAN_POINT('',(4.242640495300293,4.242640495300293,21));
#171=VERTEX_POINT('',#170);
#172=CARTESIAN_POINT('',(3.6525685787200928,4.760119915008545,21));
#173=VERTEX_POINT('',#172);
#174=CARTESIAN_POINT('',(3,5.196152210235596,21));
#175=VERTEX_POINT('',#174);
#176=CARTESIAN_POINT('',(2.296100616455078,5.543277263641357,21));
#177=VERTEX_POINT('',#176);
#178=CARTESIAN_POINT('',(1.5529142618179321,5.795555114746094,21));
#179=VERTEX_POINT('',#178);
#180=CARTESIAN_POINT('',(0.7831571698188782,5.948668956756592,21));
#181=VERTEX_POINT('',#180);
#182=CARTESIAN_POINT('',(3.6739402930577075E-16,6,21));
#183=VERTEX_POINT('',#182);
#184=CARTESIAN_POINT('',(-0.7831571698188782,5.948668956756592,21));
#185=VERTEX_POINT('',#184);
#186=CARTESIAN_POINT('',(-1.5529142618179321,5.795555114746094,21));
#187=VERTEX_POINT('',#186);
#188=CARTESIAN_POINT('',(-2.296100616455078,5.543277263641357,21));
#189=VERTEX_POINT('',#188);
#190=CARTESIAN_POINT('',(-3,5.196152210235596,21));
#191=VERTEX_POINT('',#190);
#192=CARTESIAN_POINT('',(-3.6525685787200928,4.760119915008545,21));
#193=VERTEX_POINT('',#192);
#194=CARTESIAN_POINT('',(-4.242640495300293,4.242640495300293,21));
#195=VERTEX_POINT('',#194);
#196=CARTESIAN_POINT('',(-4.760119915008545,3.6525685787200928,21));
#197=VERTEX_POINT('',#196);
#198=CARTESIAN_POINT('',(-5.196152210235596,3,21));
#199=VERTEX_POINT('',#198);
#200=CARTESIAN_POINT('',(-5.543277263641357,2.296100616455078,21));
#201=VERTEX_POINT('',#200);
#202=CARTESIAN_POINT('',(-5.795555114746094,1.5529142618179321,21));
#203=VERTEX_POINT('',#202);
#204=CARTESIAN_POINT('',(-5.948668956756592,0.7831571698188782,21));
#205=VERTEX_POINT('',#204);
#206=CARTESIAN_POINT('',(-6,4.491362556662774E-15,21));
#207=VERTEX_POINT('',#206);
#208=CARTESIAN_POINT('',(-5.948668956756592,-0.7831571698188782,21));
#209=VERTEX_POINT('',#208);
#210=CARTESIAN_POINT('',(-5.795555114746094,-1.5529142618179321,21));
#211=VERTEX_POINT('',#210);
#212=CARTESIAN_POINT('',(-5.543277263641357,-2.296100616455078,21));
#213=VERTEX_POINT('',#212);
#214=CARTESIAN_POINT('',(-5.196152210235596,-3,21));
#215=VERTEX_POINT('',#214);
#216=CARTESIAN_POINT('',(-4.760119915008545,-3.6525685787200928,21));
#217=VERTEX_POINT('',#216);
#218=CARTESIAN_POINT('',(-4.242640495300293,-4.242640495300293,21));
#219=VERTEX_POINT('',#218);
#220=CARTESIAN_POINT('',(-3.6525685787200928,-4.760119915008545,21));
#221=VERTEX_POINT('',#220);
#222=CARTESIAN_POINT('',(-3,-5.196152210235596,21));
#223=VERTEX_POINT('',#222);
#224=CARTESIAN_POINT('',(-2.296100616455078,-5.543277263641357,21));
#225=VERTEX_POINT('',#224);
#226=CARTESIAN_POINT('',(-1.5529142618179321,-5.795555114746094,21));
#227=VERTEX_POINT('',#226);
#228=CARTESIAN_POINT('',(-0.7831571698188782,-5.948668956756592,21));
#229=VERTEX_POINT('',#228);
#230=CARTESIAN_POINT('',(100,-100,10));
#231=VERTEX_POINT('',#230);
#232=CARTESIAN_POINT('',(100,-100,2.220446049250313E-14));
#233=VERTEX_POINT('',#232);
#234=CARTESIAN_POINT('',(100,100,10));
#235=VERTEX_POINT('',#234);
#236=CARTESIAN_POINT('',(100,100,-2.2816783998205054E-14));
#237=VERTEX_POINT('',#236);
#238=CARTESIAN_POINT('',(-100,100,10));
#239=VERTEX_POINT('',#238);
#240=CARTESIAN_POINT('',(-100,100,-2.2816783998205054E-14));
#241=VERTEX_POINT('',#240);
#242=CARTESIAN_POINT('',(-100,-100,10));
#243=VERTEX_POINT('',#242);
#244=CARTESIAN_POINT('',(-100,-100,2.220446049250313E-14));
#245=VERTEX_POINT('',#244);
#246=FACE_SURFACE('',(#251),#247,.T.);
#247=PLANE('',#248);
#248=AXIS2_PLACEMENT_3D('',#34,#249,#250);
#249=DIRECTION('',(1.3461692663738398E-22,-2.2204459610177147E-16,-1));
#250=DIRECTION('',(-0.9978589057423682,-0.06540339617056369,1.4522336357677854E-17));
#251=FACE_BOUND('',#252,.T.);
#252=EDGE_LOOP('',(#253,#254,#255));
#253=ORIENTED_EDGE('',*,*,#256,.T.);
#254=ORIENTED_EDGE('',*,*,#257,.T.);
#255=ORIENTED_EDGE('',*,*,#258,.T.);
#256=EDGE_CURVE('',#35,#37,#259,.F.);
#257=EDGE_CURVE('',#37,#39,#260,.T.);
#258=EDGE_CURVE('',#39,#35,#261,.T.);
#259=LINE('',#34,#262);
#260=LINE('',#36,#263);
#261=LINE('',#38,#264);
#262=VECTOR('',#265,1.0);
#263=VECTOR('',#266,1.0);
#264=VECTOR('',#267,1.0);
#265=DIRECTION('',(-0.9978589057423682,-0.06540339617056369,1.4522336357677854E-17));
#266=DIRECTION('',(-6.123233821762846E-17,1,-2.2204459610177147E-16));
#267=DIRECTION('',(0.1305261994843549,-0.9914448604174466,2.2014499115960495E-16));
#268=FACE_SURFACE('',(#273),#269,.T.);
#269=PLANE('',#270);
#270=AXIS2_PLACEMENT_3D('',#40,#271,#272);
#271=DIRECTION('',(-1.3231361508368419E-22,-2.2204463124384596E-16,-1));
#272=DIRECTION('',(-0.9807853690154503,-0.19508987653188684,4.331878946518804E-17));
#273=FACE_BOUND('',#274,.T.);
#274=EDGE_LOOP('',(#275,#276,#277));
#275=ORIENTED_EDGE('',*,*,#278,.T.);
#276=ORIENTED_EDGE('',*,*,#279,.T.);
#277=ORIENTED_EDGE('',*,*,#280,.T.);
#278=EDGE_CURVE('',#41,#35,#281,.F.);
#279=EDGE_CURVE('',#35,#39,#282,.T.);
#280=EDGE_CURVE('',#39,#41,#283,.T.);
#281=LINE('',#40,#284);
#282=LINE('',#34,#285);
#283=LINE('',#38,#286);
#284=VECTOR('',#287,1.0);
#285=VECTOR('',#288,1.0);
#286=VECTOR('',#289,1.0);
#287=DIRECTION('',(-0.9807853690154503,-0.19508987653188684,4.331878946518804E-17));
#288=DIRECTION('',(-0.1305261994843549,0.9914448604174466,-2.2014499115960495E-16));
#289=DIRECTION('',(0.2588190371923854,-0.9659258284085825,2.1447861013260768E-16));
#290=FACE_SURFACE('',(#295),#291,.T.);
#291=PLANE('',#292);
#292=AXIS2_PLACEMENT_3D('',#42,#293,#294);
#293=DIRECTION('',(6.245205208092093E-23,-2.2204457905654446E-16,-1));
#294=DIRECTION('',(-0.9469300992857509,-0.32143955429703697,7.137385138828095E-17));
#295=FACE_BOUND('',#296,.T.);
#296=EDGE_LOOP('',(#297,#298,#299));
#297=ORIENTED_EDGE('',*,*,#300,.T.);
#298=ORIENTED_EDGE('',*,*,#301,.T.);
#299=ORIENTED_EDGE('',*,*,#302,.T.);
#300=EDGE_CURVE('',#43,#41,#303,.F.);
#301=EDGE_CURVE('',#41,#39,#304,.T.);
#302=EDGE_CURVE('',#39,#43,#305,.T.);
#303=LINE('',#42,#306);
#304=LINE('',#40,#307);
#305=LINE('',#38,#308);
#306=VECTOR('',#309,1.0);
#307=VECTOR('',#310,1.0);
#308=VECTOR('',#311,1.0);
#309=DIRECTION('',(-0.9469300992857509,-0.32143955429703697,7.137385138828095E-17));
#310=DIRECTION('',(-0.2588190371923854,0.9659258284085825,-2.1447861013260768E-16));
#311=DIRECTION('',(0.3826834314916784,-0.9238795328730657,2.0514246587512237E-16));
#312=FACE_SURFACE('',(#317),#313,.T.);
#313=PLANE('',#314);
#314=AXIS2_PLACEMENT_3D('',#44,#315,#316);
#315=DIRECTION('',(6.24520501396932E-23,-2.220445790565452E-16,-1));
#316=DIRECTION('',(-0.8968725939362053,-0.4422889895149352,9.820781648665633E-17));
#317=FACE_BOUND('',#318,.T.);
#318=EDGE_LOOP('',(#319,#320,#321));
#319=ORIENTED_EDGE('',*,*,#322,.T.);
#320=ORIENTED_EDGE('',*,*,#323,.T.);
#321=ORIENTED_EDGE('',*,*,#324,.T.);
#322=EDGE_CURVE('',#45,#43,#325,.F.);
#323=EDGE_CURVE('',#43,#39,#326,.T.);
#324=EDGE_CURVE('',#39,#45,#327,.T.);
#325=LINE('',#44,#328);
#326=LINE('',#42,#329);
#327=LINE('',#38,#330);
#328=VECTOR('',#331,1.0);
#329=VECTOR('',#332,1.0);
#330=VECTOR('',#333,1.0);
#331=DIRECTION('',(-0.8968725939362053,-0.4422889895149352,9.820781648665633E-17));
#332=DIRECTION('',(-0.3826834314916784,0.9238795328730657,-2.0514246587512237E-16));
#333=DIRECTION('',(0.5000000153337767,-0.8660253949314785,1.922962754958645E-16));
#334=FACE_SURFACE('',(#339),#335,.T.);
#335=PLANE('',#336);
#336=AXIS2_PLACEMENT_3D('',#46,#337,#338);
#337=DIRECTION('',(-5.362879996200755E-23,-2.2204464607585802E-16,-1));
#338=DIRECTION('',(-0.8314696645985185,-0.5555701547531393,1.233614229731908E-16));
#339=FACE_BOUND('',#340,.T.);
#340=EDGE_LOOP('',(#341,#342,#343));
#341=ORIENTED_EDGE('',*,*,#344,.T.);
#342=ORIENTED_EDGE('',*,*,#345,.T.);
#343=ORIENTED_EDGE('',*,*,#346,.T.);
#344=EDGE_CURVE('',#47,#45,#347,.F.);
#345=EDGE_CURVE('',#45,#39,#348,.T.);
#346=EDGE_CURVE('',#39,#47,#349,.T.);
#347=LINE('',#46,#350);
#348=LINE('',#44,#351);
#349=LINE('',#38,#352);
#350=VECTOR('',#353,1.0);
#351=VECTOR('',#354,1.0);
#352=VECTOR('',#355,1.0);
#353=DIRECTION('',(-0.8314696645985185,-0.5555701547531393,1.233614229731908E-16));
#354=DIRECTION('',(-0.5000000153337767,0.8660253949314785,-1.922962754958645E-16));
#355=DIRECTION('',(0.6087614397000726,-0.7933533320874723,1.7615982718931997E-16));
#356=FACE_SURFACE('',(#361),#357,.T.);
#357=PLANE('',#358);
#358=AXIS2_PLACEMENT_3D('',#48,#359,#360);
#359=DIRECTION('',(5.362880455051559E-23,-2.2204456377420112E-16,-1));
#360=DIRECTION('',(-0.7518396575348835,-0.6593459860784998,1.4640415153480893E-16));
#361=FACE_BOUND('',#362,.T.);
#362=EDGE_LOOP('',(#363,#364,#365));
#363=ORIENTED_EDGE('',*,*,#366,.T.);
#364=ORIENTED_EDGE('',*,*,#367,.T.);
#365=ORIENTED_EDGE('',*,*,#368,.T.);
#366=EDGE_CURVE('',#49,#47,#369,.F.);
#367=EDGE_CURVE('',#47,#39,#370,.T.);
#368=EDGE_CURVE('',#39,#49,#371,.T.);
#369=LINE('',#48,#372);
#370=LINE('',#46,#373);
#371=LINE('',#38,#374);
#372=VECTOR('',#375,1.0);
#373=VECTOR('',#376,1.0);
#374=VECTOR('',#377,1.0);
#375=DIRECTION('',(-0.7518396575348835,-0.6593459860784998,1.4640415153480893E-16));
#376=DIRECTION('',(-0.6087614397000726,0.7933533320874723,-1.7615982718931997E-16));
#377=DIRECTION('',(0.7071067811865476,-0.7071067811865475,1.570092546916378E-16));
#378=FACE_SURFACE('',(#383),#379,.T.);
#379=PLANE('',#380);
#380=AXIS2_PLACEMENT_3D('',#50,#381,#382);
#381=DIRECTION('',(-4.115083017580701E-23,-2.2204465855383584E-16,-1));
#382=DIRECTION('',(-0.6593459860784998,-0.7518396575348835,1.6694200717720077E-16));
#383=FACE_BOUND('',#384,.T.);
#384=EDGE_LOOP('',(#385,#386,#387));
#385=ORIENTED_EDGE('',*,*,#388,.T.);
#386=ORIENTED_EDGE('',*,*,#389,.T.);
#387=ORIENTED_EDGE('',*,*,#390,.T.);
#388=EDGE_CURVE('',#51,#49,#391,.F.);
#389=EDGE_CURVE('',#49,#39,#392,.T.);
#390=EDGE_CURVE('',#39,#51,#393,.T.);
#391=LINE('',#50,#394);
#392=LINE('',#48,#395);
#393=LINE('',#38,#396);
#394=VECTOR('',#397,1.0);
#395=VECTOR('',#398,1.0);
#396=VECTOR('',#399,1.0);
#397=DIRECTION('',(-0.6593459860784998,-0.7518396575348835,1.6694200717720077E-16));
#398=DIRECTION('',(-0.7071067811865476,0.7071067811865475,-1.570092546916378E-16));
#399=DIRECTION('',(0.7933533320874724,-0.6087614397000725,1.3517219337179588E-16));
#400=FACE_SURFACE('',(#405),#401,.T.);
#401=PLANE('',#402);
#402=AXIS2_PLACEMENT_3D('',#52,#403,#404);
#403=DIRECTION('',(3.147759697159408E-32,-2.220446049250313E-16,-1));
#404=DIRECTION('',(-0.5555701547531393,-0.8314696645985185,1.8462335318292632E-16));
#405=FACE_BOUND('',#406,.T.);
#406=EDGE_LOOP('',(#407,#408,#409));
#407=ORIENTED_EDGE('',*,*,#410,.T.);
#408=ORIENTED_EDGE('',*,*,#411,.T.);
#409=ORIENTED_EDGE('',*,*,#412,.T.);
#410=EDGE_CURVE('',#53,#51,#413,.F.);
#411=EDGE_CURVE('',#51,#39,#414,.T.);
#412=EDGE_CURVE('',#39,#53,#415,.T.);
#413=LINE('',#52,#416);
#414=LINE('',#50,#417);
#415=LINE('',#38,#418);
#416=VECTOR('',#419,1.0);
#417=VECTOR('',#420,1.0);
#418=VECTOR('',#421,1.0);
#419=DIRECTION('',(-0.5555701547531393,-0.8314696645985185,1.8462335318292632E-16));
#420=DIRECTION('',(-0.7933533320874724,0.6087614397000725,-1.3517219337179588E-16));
#421=DIRECTION('',(0.8660253949314786,-0.5000000153337766,1.1102230586729804E-16));
#422=FACE_SURFACE('',(#427),#423,.T.);
#423=PLANE('',#424);
#424=AXIS2_PLACEMENT_3D('',#54,#425,#426);
#425=DIRECTION('',(-8.449701358009125E-24,-2.2204461956034283E-16,-1));
#426=DIRECTION('',(-0.4422889895149352,-0.8968725939362053,1.9914573765187243E-16));
#427=FACE_BOUND('',#428,.T.);
#428=EDGE_LOOP('',(#429,#430,#431));
#429=ORIENTED_EDGE('',*,*,#432,.T.);
#430=ORIENTED_EDGE('',*,*,#433,.T.);
#431=ORIENTED_EDGE('',*,*,#434,.T.);
#432=EDGE_CURVE('',#55,#53,#435,.F.);
#433=EDGE_CURVE('',#53,#39,#436,.T.);
#434=EDGE_CURVE('',#39,#55,#437,.T.);
#435=LINE('',#54,#438);
#436=LINE('',#52,#439);
#437=LINE('',#38,#440);
#438=VECTOR('',#441,1.0);
#439=VECTOR('',#442,1.0);
#440=VECTOR('',#443,1.0);
#441=DIRECTION('',(-0.4422889895149352,-0.8968725939362053,1.9914573765187243E-16));
#442=DIRECTION('',(-0.8660253949314786,0.5000000153337766,-1.1102230586729804E-16));
#443=DIRECTION('',(0.9238795328730657,-0.3826834314916782,8.497278915111006E-17));
#444=FACE_SURFACE('',(#449),#445,.T.);
#445=PLANE('',#446);
#446=AXIS2_PLACEMENT_3D('',#56,#447,#448);
#447=DIRECTION('',(2.7571070016851898E-24,-2.2204459250471403E-16,-1));
#448=DIRECTION('',(-0.32143955429703697,-0.9469300992857509,2.102607071401097E-16));
#449=FACE_BOUND('',#450,.T.);
#450=EDGE_LOOP('',(#451,#452,#453));
#451=ORIENTED_EDGE('',*,*,#454,.T.);
#452=ORIENTED_EDGE('',*,*,#455,.T.);
#453=ORIENTED_EDGE('',*,*,#456,.T.);
#454=EDGE_CURVE('',#57,#55,#457,.F.);
#455=EDGE_CURVE('',#55,#39,#458,.T.);
#456=EDGE_CURVE('',#39,#57,#459,.T.);
#457=LINE('',#56,#460);
#458=LINE('',#54,#461);
#459=LINE('',#38,#462);
#460=VECTOR('',#463,1.0);
#461=VECTOR('',#464,1.0);
#462=VECTOR('',#465,1.0);
#463=DIRECTION('',(-0.32143955429703697,-0.9469300992857509,2.102607071401097E-16));
#464=DIRECTION('',(-0.9238795328730657,0.3826834314916782,-8.497278915111006E-17));
#465=DIRECTION('',(0.9659258284085827,-0.25881903719238525,5.746937030900647E-17));
#466=FACE_SURFACE('',(#471),#467,.T.);
#467=PLANE('',#468);
#468=AXIS2_PLACEMENT_3D('',#58,#469,#470);
#469=DIRECTION('',(-3.822434505930817E-24,-2.22044617059898E-16,-1));
#470=DIRECTION('',(-0.19508987653188684,-0.9807853690154503,2.1777811242670472E-16));
#471=FACE_BOUND('',#472,.T.);
#472=EDGE_LOOP('',(#473,#474,#475));
#473=ORIENTED_EDGE('',*,*,#476,.T.);
#474=ORIENTED_EDGE('',*,*,#477,.T.);
#475=ORIENTED_EDGE('',*,*,#478,.T.);
#476=EDGE_CURVE('',#59,#57,#479,.F.);
#477=EDGE_CURVE('',#57,#39,#480,.T.);
#478=EDGE_CURVE('',#39,#59,#481,.T.);
#479=LINE('',#58,#482);
#480=LINE('',#56,#483);
#481=LINE('',#38,#484);
#482=VECTOR('',#485,1.0);
#483=VECTOR('',#486,1.0);
#484=VECTOR('',#487,1.0);
#485=DIRECTION('',(-0.19508987653188684,-0.9807853690154503,2.1777811242670472E-16));
#486=DIRECTION('',(-0.9659258284085827,0.25881903719238525,-5.746937030900647E-17));
#487=DIRECTION('',(0.9914448604174467,-0.13052619948435476,2.898263619105437E-17));
#488=FACE_SURFACE('',(#493),#489,.T.);
#489=PLANE('',#490);
#490=AXIS2_PLACEMENT_3D('',#60,#491,#492);
#491=DIRECTION('',(-0,-2.2204458802562706E-16,-1));
#492=DIRECTION('',(-0.06540339617056373,-0.9978589057423682,2.2156916963326716E-16));
#493=FACE_BOUND('',#494,.T.);
#494=EDGE_LOOP('',(#495,#496,#497));
#495=ORIENTED_EDGE('',*,*,#498,.T.);
#496=ORIENTED_EDGE('',*,*,#499,.T.);
#497=ORIENTED_EDGE('',*,*,#500,.T.);
#498=EDGE_CURVE('',#61,#59,#501,.F.);
#499=EDGE_CURVE('',#59,#39,#502,.T.);
#500=EDGE_CURVE('',#39,#61,#503,.T.);
#501=LINE('',#60,#504);
#502=LINE('',#58,#505);
#503=LINE('',#38,#506);
#504=VECTOR('',#507,1.0);
#505=VECTOR('',#508,1.0);
#506=VECTOR('',#509,1.0);
#507=DIRECTION('',(-0.06540339617056373,-0.9978589057423682,2.2156916963326716E-16));
#508=DIRECTION('',(-0.9914448604174467,0.13052619948435476,-2.898263619105437E-17));
#509=DIRECTION('',(1,0,0));
#510=FACE_SURFACE('',(#515),#511,.T.);
#511=PLANE('',#512);
#512=AXIS2_PLACEMENT_3D('',#62,#513,#514);
#513=DIRECTION('',(0,-2.2204458802562654E-16,-1));
#514=DIRECTION('',(0.06540339617056358,-0.997858905742368,2.2156916963326665E-16));
#515=FACE_BOUND('',#516,.T.);
#516=EDGE_LOOP('',(#517,#518,#519));
#517=ORIENTED_EDGE('',*,*,#520,.T.);
#518=ORIENTED_EDGE('',*,*,#521,.T.);
#519=ORIENTED_EDGE('',*,*,#522,.T.);
#520=EDGE_CURVE('',#63,#61,#523,.F.);
#521=EDGE_CURVE('',#61,#39,#524,.T.);
#522=EDGE_CURVE('',#39,#63,#525,.T.);
#523=LINE('',#62,#526);
#524=LINE('',#60,#527);
#525=LINE('',#38,#528);
#526=VECTOR('',#529,1.0);
#527=VECTOR('',#530,1.0);
#528=VECTOR('',#531,1.0);
#529=DIRECTION('',(0.06540339617056358,-0.997858905742368,2.2156916963326665E-16));
#530=DIRECTION('',(-1,0,0));
#531=DIRECTION('',(0.9914448604174466,0.13052619948435504,-2.8982636191054364E-17));
#532=FACE_SURFACE('',(#537),#533,.T.);
#533=PLANE('',#534);
#534=AXIS2_PLACEMENT_3D('',#64,#535,#536);
#535=DIRECTION('',(8.785518981785382E-24,-2.220446547582647E-16,-1));
#536=DIRECTION('',(0.19508987653188684,-0.9807853690154503,2.1777815036895875E-16));
#537=FACE_BOUND('',#538,.T.);
#538=EDGE_LOOP('',(#539,#540,#541));
#539=ORIENTED_EDGE('',*,*,#542,.T.);
#540=ORIENTED_EDGE('',*,*,#543,.T.);
#541=ORIENTED_EDGE('',*,*,#544,.T.);
#542=EDGE_CURVE('',#65,#63,#545,.F.);
#543=EDGE_CURVE('',#63,#39,#546,.T.);
#544=EDGE_CURVE('',#39,#65,#547,.T.);
#545=LINE('',#64,#548);
#546=LINE('',#62,#549);
#547=LINE('',#38,#550);
#548=VECTOR('',#551,1.0);
#549=VECTOR('',#552,1.0);
#550=VECTOR('',#553,1.0);
#551=DIRECTION('',(0.19508987653188684,-0.9807853690154503,2.1777815036895875E-16));
#552=DIRECTION('',(-0.9914448604174466,-0.13052619948435504,2.8982636191054364E-17));
#553=DIRECTION('',(0.9659258284085827,0.2588190371923856,-5.746937527209002E-17));
#554=FACE_SURFACE('',(#559),#555,.T.);
#555=PLANE('',#556);
#556=AXIS2_PLACEMENT_3D('',#66,#557,#558);
#557=DIRECTION('',(-1.2934243416738353E-23,-2.2204457369900527E-16,-1));
#558=DIRECTION('',(0.32143955429703697,-0.9469300992857509,2.1026068606108385E-16));
#559=FACE_BOUND('',#560,.T.);
#560=EDGE_LOOP('',(#561,#562,#563));
#561=ORIENTED_EDGE('',*,*,#564,.T.);
#562=ORIENTED_EDGE('',*,*,#565,.T.);
#563=ORIENTED_EDGE('',*,*,#566,.T.);
#564=EDGE_CURVE('',#67,#65,#567,.F.);
#565=EDGE_CURVE('',#65,#39,#568,.T.);
#566=EDGE_CURVE('',#39,#67,#569,.T.);
#567=LINE('',#66,#570);
#568=LINE('',#64,#571);
#569=LINE('',#38,#572);
#570=VECTOR('',#573,1.0);
#571=VECTOR('',#574,1.0);
#572=VECTOR('',#575,1.0);
#573=DIRECTION('',(0.32143955429703697,-0.9469300992857509,2.1026068606108385E-16));
#574=DIRECTION('',(-0.9659258284085827,-0.2588190371923856,5.746937527209002E-17));
#575=DIRECTION('',(0.9238795328730655,0.38268343149167844,-8.497279135692499E-17));
#576=FACE_SURFACE('',(#581),#577,.T.);
#577=PLANE('',#578);
#578=AXIS2_PLACEMENT_3D('',#68,#579,#580);
#579=DIRECTION('',(2.5868486113334098E-23,-2.220446673770814E-16,-1));
#580=DIRECTION('',(0.4422889895149352,-0.8968725939362053,1.991457882415315E-16));
#581=FACE_BOUND('',#582,.T.);
#582=EDGE_LOOP('',(#583,#584,#585));
#583=ORIENTED_EDGE('',*,*,#586,.T.);
#584=ORIENTED_EDGE('',*,*,#587,.T.);
#585=ORIENTED_EDGE('',*,*,#588,.T.);
#586=EDGE_CURVE('',#69,#67,#589,.F.);
#587=EDGE_CURVE('',#67,#39,#590,.T.);
#588=EDGE_CURVE('',#39,#69,#591,.T.);
#589=LINE('',#68,#592);
#590=LINE('',#66,#593);
#591=LINE('',#38,#594);
#592=VECTOR('',#595,1.0);
#593=VECTOR('',#596,1.0);
#594=VECTOR('',#597,1.0);
#595=DIRECTION('',(0.4422889895149352,-0.8968725939362053,1.991457882415315E-16));
#596=DIRECTION('',(-0.9238795328730655,-0.38268343149167844,8.497279135692499E-17));
#597=DIRECTION('',(0.8660253949314783,0.5000000153337767,-1.1102231469055815E-16));
#598=FACE_SURFACE('',(#603),#599,.T.);
#599=PLANE('',#600);
#600=AXIS2_PLACEMENT_3D('',#70,#601,#602);
#601=DIRECTION('',(-4.1150826687125676E-23,-2.2204455129623132E-16,-1));
#602=DIRECTION('',(0.5555701547531393,-0.8314696645985185,1.8462328573003484E-16));
#603=FACE_BOUND('',#604,.T.);
#604=EDGE_LOOP('',(#605,#606,#607));
#605=ORIENTED_EDGE('',*,*,#608,.T.);
#606=ORIENTED_EDGE('',*,*,#609,.T.);
#607=ORIENTED_EDGE('',*,*,#610,.T.);
#608=EDGE_CURVE('',#71,#69,#611,.F.);
#609=EDGE_CURVE('',#69,#39,#612,.T.);
#610=EDGE_CURVE('',#39,#71,#613,.T.);
#611=LINE('',#70,#614);
#612=LINE('',#68,#615);
#613=LINE('',#38,#616);
#614=VECTOR('',#617,1.0);
#615=VECTOR('',#618,1.0);
#616=VECTOR('',#619,1.0);
#617=DIRECTION('',(0.5555701547531393,-0.8314696645985185,1.8462328573003484E-16));
#618=DIRECTION('',(-0.8660253949314783,-0.5000000153337767,1.1102231469055815E-16));
#619=DIRECTION('',(0.7933533320874722,0.6087614397000726,-1.3517219337179583E-16));
#620=FACE_SURFACE('',(#625),#621,.T.);
#621=PLANE('',#622);
#622=AXIS2_PLACEMENT_3D('',#72,#623,#624);
#623=DIRECTION('',(4.1150830217777143E-23,-2.2204465855383584E-16,-1));
#624=DIRECTION('',(0.6593459860784998,-0.7518396575348835,1.6694200717720077E-16));
#625=FACE_BOUND('',#626,.T.);
#626=EDGE_LOOP('',(#627,#628,#629));
#627=ORIENTED_EDGE('',*,*,#630,.T.);
#628=ORIENTED_EDGE('',*,*,#631,.T.);
#629=ORIENTED_EDGE('',*,*,#632,.T.);
#630=EDGE_CURVE('',#73,#71,#633,.F.);
#631=EDGE_CURVE('',#71,#39,#634,.T.);
#632=EDGE_CURVE('',#39,#73,#635,.T.);
#633=LINE('',#72,#636);
#634=LINE('',#70,#637);
#635=LINE('',#38,#638);
#636=VECTOR('',#639,1.0);
#637=VECTOR('',#640,1.0);
#638=VECTOR('',#641,1.0);
#639=DIRECTION('',(0.6593459860784998,-0.7518396575348835,1.6694200717720077E-16));
#640=DIRECTION('',(-0.7933533320874722,-0.6087614397000726,1.3517219337179583E-16));
#641=DIRECTION('',(0.7071067811865475,0.7071067811865477,-1.5700925469163777E-16));
#642=FACE_SURFACE('',(#647),#643,.T.);
#643=PLANE('',#644);
#644=AXIS2_PLACEMENT_3D('',#74,#645,#646);
#645=DIRECTION('',(-5.830063746964971E-24,-2.2204461157294187E-16,-1));
#646=DIRECTION('',(0.7518396575348835,-0.6593459860784998,1.4640421898770568E-16));
#647=FACE_BOUND('',#648,.T.);
#648=EDGE_LOOP('',(#649,#650,#651));
#649=ORIENTED_EDGE('',*,*,#652,.T.);
#650=ORIENTED_EDGE('',*,*,#653,.T.);
#651=ORIENTED_EDGE('',*,*,#654,.T.);
#652=EDGE_CURVE('',#75,#73,#655,.F.);
#653=EDGE_CURVE('',#73,#39,#656,.T.);
#654=EDGE_CURVE('',#39,#75,#657,.T.);
#655=LINE('',#74,#658);
#656=LINE('',#72,#659);
#657=LINE('',#38,#660);
#658=VECTOR('',#661,1.0);
#659=VECTOR('',#662,1.0);
#660=VECTOR('',#663,1.0);
#661=DIRECTION('',(0.7518396575348835,-0.6593459860784998,1.4640421898770568E-16));
#662=DIRECTION('',(-0.7071067811865475,-0.7071067811865477,1.5700925469163777E-16));
#663=DIRECTION('',(0.6087614397000723,0.7933533320874723,-1.7615983601257993E-16));
#664=FACE_SURFACE('',(#669),#665,.T.);
#665=PLANE('',#666);
#666=AXIS2_PLACEMENT_3D('',#76,#667,#668);
#667=DIRECTION('',(-4.91245789275947E-24,-2.2204461227704564E-16,-1));
#668=DIRECTION('',(0.8314696645985185,-0.5555701547531393,1.2336135552029932E-16));
#669=FACE_BOUND('',#670,.T.);
#670=EDGE_LOOP('',(#671,#672,#673));
#671=ORIENTED_EDGE('',*,*,#674,.T.);
#672=ORIENTED_EDGE('',*,*,#675,.T.);
#673=ORIENTED_EDGE('',*,*,#676,.T.);
#674=EDGE_CURVE('',#77,#75,#677,.F.);
#675=EDGE_CURVE('',#75,#39,#678,.T.);
#676=EDGE_CURVE('',#39,#77,#679,.T.);
#677=LINE('',#76,#680);
#678=LINE('',#74,#681);
#679=LINE('',#38,#682);
#680=VECTOR('',#683,1.0);
#681=VECTOR('',#684,1.0);
#682=VECTOR('',#685,1.0);
#683=DIRECTION('',(0.8314696645985185,-0.5555701547531393,1.2336135552029932E-16));
#684=DIRECTION('',(-0.6087614397000723,-0.7933533320874723,1.7615983601257993E-16));
#685=DIRECTION('',(0.5000000153337766,0.8660253949314785,-1.9229627549586445E-16));
#686=FACE_SURFACE('',(#691),#687,.T.);
#687=PLANE('',#688);
#688=AXIS2_PLACEMENT_3D('',#78,#689,#690);
#689=DIRECTION('',(-1.2099329618645772E-22,-2.2204454525773967E-16,-1));
#690=DIRECTION('',(0.8968725939362053,-0.4422889895149352,9.820774903377757E-17));
#691=FACE_BOUND('',#692,.T.);
#692=EDGE_LOOP('',(#693,#694,#695));
#693=ORIENTED_EDGE('',*,*,#696,.T.);
#694=ORIENTED_EDGE('',*,*,#697,.T.);
#695=ORIENTED_EDGE('',*,*,#698,.T.);
#696=EDGE_CURVE('',#79,#77,#699,.F.);
#697=EDGE_CURVE('',#77,#39,#700,.T.);
#698=EDGE_CURVE('',#39,#79,#701,.T.);
#699=LINE('',#78,#702);
#700=LINE('',#76,#703);
#701=LINE('',#38,#704);
#702=VECTOR('',#705,1.0);
#703=VECTOR('',#706,1.0);
#704=VECTOR('',#707,1.0);
#705=DIRECTION('',(0.8968725939362053,-0.4422889895149352,9.820774903377757E-17));
#706=DIRECTION('',(-0.5000000153337766,-0.8660253949314785,1.9229627549586445E-16));
#707=DIRECTION('',(0.3826834314916782,0.9238795328730656,-2.051424570518625E-16));
#708=FACE_SURFACE('',(#713),#709,.T.);
#709=PLANE('',#710);
#710=AXIS2_PLACEMENT_3D('',#80,#711,#712);
#711=DIRECTION('',(2.8422301108608453E-24,-2.2204459655209398E-16,-1));
#712=DIRECTION('',(0.9469300992857509,-0.32143955429703697,7.137391884116372E-17));
#713=FACE_BOUND('',#714,.T.);
#714=EDGE_LOOP('',(#715,#716,#717));
#715=ORIENTED_EDGE('',*,*,#718,.T.);
#716=ORIENTED_EDGE('',*,*,#719,.T.);
#717=ORIENTED_EDGE('',*,*,#720,.T.);
#718=EDGE_CURVE('',#81,#79,#721,.F.);
#719=EDGE_CURVE('',#79,#39,#722,.T.);
#720=EDGE_CURVE('',#39,#81,#723,.T.);
#721=LINE('',#80,#724);
#722=LINE('',#78,#725);
#723=LINE('',#38,#726);
#724=VECTOR('',#727,1.0);
#725=VECTOR('',#728,1.0);
#726=VECTOR('',#729,1.0);
#727=DIRECTION('',(0.9469300992857509,-0.32143955429703697,7.137391884116372E-17));
#728=DIRECTION('',(-0.3826834314916782,-0.9238795328730656,2.051424570518625E-16));
#729=DIRECTION('',(0.25881903719238536,0.9659258284085827,-2.1447861013260763E-16));
#730=FACE_SURFACE('',(#735),#731,.T.);
#731=PLANE('',#732);
#732=AXIS2_PLACEMENT_3D('',#82,#733,#734);
#733=DIRECTION('',(1.3231361509417667E-22,-2.220446312438459E-16,-1));
#734=DIRECTION('',(0.9807853690154503,-0.19508987653188684,4.331878946518804E-17));
#735=FACE_BOUND('',#736,.T.);
#736=EDGE_LOOP('',(#737,#738,#739));
#737=ORIENTED_EDGE('',*,*,#740,.T.);
#738=ORIENTED_EDGE('',*,*,#741,.T.);
#739=ORIENTED_EDGE('',*,*,#742,.T.);
#740=EDGE_CURVE('',#83,#81,#743,.F.);
#741=EDGE_CURVE('',#81,#39,#744,.T.);
#742=EDGE_CURVE('',#39,#83,#745,.T.);
#743=LINE('',#82,#746);
#744=LINE('',#80,#747);
#745=LINE('',#38,#748);
#746=VECTOR('',#749,1.0);
#747=VECTOR('',#750,1.0);
#748=VECTOR('',#751,1.0);
#749=DIRECTION('',(0.9807853690154503,-0.19508987653188684,4.331878946518804E-17));
#750=DIRECTION('',(-0.25881903719238536,-0.9659258284085827,2.1447861013260763E-16));
#751=DIRECTION('',(0.1305261994843549,0.9914448604174467,-2.2014499115960492E-16));
#752=FACE_SURFACE('',(#757),#753,.T.);
#753=PLANE('',#754);
#754=AXIS2_PLACEMENT_3D('',#84,#755,#756);
#755=DIRECTION('',(-5.78309372872304E-25,-2.2204461374829114E-16,-1));
#756=DIRECTION('',(0.9978589057423682,-0.06540339617056369,1.452247126344812E-17));
#757=FACE_BOUND('',#758,.T.);
#758=EDGE_LOOP('',(#759,#760,#761));
#759=ORIENTED_EDGE('',*,*,#762,.T.);
#760=ORIENTED_EDGE('',*,*,#763,.T.);
#761=ORIENTED_EDGE('',*,*,#764,.T.);
#762=EDGE_CURVE('',#85,#83,#765,.F.);
#763=EDGE_CURVE('',#83,#39,#766,.T.);
#764=EDGE_CURVE('',#39,#85,#767,.T.);
#765=LINE('',#84,#768);
#766=LINE('',#82,#769);
#767=LINE('',#38,#770);
#768=VECTOR('',#771,1.0);
#769=VECTOR('',#772,1.0);
#770=VECTOR('',#773,1.0);
#771=DIRECTION('',(0.9978589057423682,-0.06540339617056369,1.452247126344812E-17));
#772=DIRECTION('',(-0.1305261994843549,-0.9914448604174467,2.2014499115960492E-16));
#773=DIRECTION('',(6.123233821762845E-17,1,-2.2204461374829114E-16));
#774=FACE_SURFACE('',(#779),#775,.T.);
#775=PLANE('',#776);
#776=AXIS2_PLACEMENT_3D('',#86,#777,#778);
#777=DIRECTION('',(5.783093728723035E-25,-2.2204461374829114E-16,-1));
#778=DIRECTION('',(0.997858905742368,0.06540339617056362,-1.4522471263448105E-17));
#779=FACE_BOUND('',#780,.T.);
#780=EDGE_LOOP('',(#781,#782,#783));
#781=ORIENTED_EDGE('',*,*,#784,.T.);
#782=ORIENTED_EDGE('',*,*,#785,.T.);
#783=ORIENTED_EDGE('',*,*,#786,.T.);
#784=EDGE_CURVE('',#87,#85,#787,.F.);
#785=EDGE_CURVE('',#85,#39,#788,.T.);
#786=EDGE_CURVE('',#39,#87,#789,.T.);
#787=LINE('',#86,#790);
#788=LINE('',#84,#791);
#789=LINE('',#38,#792);
#790=VECTOR('',#793,1.0);
#791=VECTOR('',#794,1.0);
#792=VECTOR('',#795,1.0);
#793=DIRECTION('',(0.997858905742368,0.06540339617056362,-1.4522471263448105E-17));
#794=DIRECTION('',(-6.123233821762845E-17,-1,2.2204461374829114E-16));
#795=DIRECTION('',(-0.1305261994843549,0.9914448604174467,-2.2014499115960492E-16));
#796=FACE_SURFACE('',(#801),#797,.T.);
#797=PLANE('',#798);
#798=AXIS2_PLACEMENT_3D('',#88,#799,#800);
#799=DIRECTION('',(-1.3231361509417667E-22,-2.220446312438459E-16,-1));
#800=DIRECTION('',(0.9807853690154503,0.19508987653188684,-4.331878946518804E-17));
#801=FACE_BOUND('',#802,.T.);
#802=EDGE_LOOP('',(#803,#804,#805));
#803=ORIENTED_EDGE('',*,*,#806,.T.);
#804=ORIENTED_EDGE('',*,*,#807,.T.);
#805=ORIENTED_EDGE('',*,*,#808,.T.);
#806=EDGE_CURVE('',#89,#87,#809,.F.);
#807=EDGE_CURVE('',#87,#39,#810,.T.);
#808=EDGE_CURVE('',#39,#89,#811,.T.);
#809=LINE('',#88,#812);
#810=LINE('',#86,#813);
#811=LINE('',#38,#814);
#812=VECTOR('',#815,1.0);
#813=VECTOR('',#816,1.0);
#814=VECTOR('',#817,1.0);
#815=DIRECTION('',(0.9807853690154503,0.19508987653188684,-4.331878946518804E-17));
#816=DIRECTION('',(0.1305261994843549,-0.9914448604174467,2.2014499115960492E-16));
#817=DIRECTION('',(-0.25881903719238536,0.9659258284085827,-2.1447861013260763E-16));
#818=FACE_SURFACE('',(#823),#819,.T.);
#819=PLANE('',#820);
#820=AXIS2_PLACEMENT_3D('',#90,#821,#822);
#821=DIRECTION('',(-2.8422301108608453E-24,-2.2204459655209398E-16,-1));
#822=DIRECTION('',(0.9469300992857509,0.32143955429703697,-7.137391884116372E-17));
#823=FACE_BOUND('',#824,.T.);
#824=EDGE_LOOP('',(#825,#826,#827));
#825=ORIENTED_EDGE('',*,*,#828,.T.);
#826=ORIENTED_EDGE('',*,*,#829,.T.);
#827=ORIENTED_EDGE('',*,*,#830,.T.);
#828=EDGE_CURVE('',#91,#89,#831,.F.);
#829=EDGE_CURVE('',#89,#39,#832,.T.);
#830=EDGE_CURVE('',#39,#91,#833,.T.);
#831=LINE('',#90,#834);
#832=LINE('',#88,#835);
#833=LINE('',#38,#836);
#834=VECTOR('',#837,1.0);
#835=VECTOR('',#838,1.0);
#836=VECTOR('',#839,1.0);
#837=DIRECTION('',(0.9469300992857509,0.32143955429703697,-7.137391884116372E-17));
#838=DIRECTION('',(0.25881903719238536,-0.9659258284085827,2.1447861013260763E-16));
#839=DIRECTION('',(-0.3826834314916782,0.9238795328730656,-2.051424570518625E-16));
#840=FACE_SURFACE('',(#845),#841,.T.);
#841=PLANE('',#842);
#842=AXIS2_PLACEMENT_3D('',#92,#843,#844);
#843=DIRECTION('',(1.2099329618645772E-22,-2.2204454525773967E-16,-1));
#844=DIRECTION('',(0.8968725939362053,0.4422889895149352,-9.820774903377757E-17));
#845=FACE_BOUND('',#846,.T.);
#846=EDGE_LOOP('',(#847,#848,#849));
#847=ORIENTED_EDGE('',*,*,#850,.T.);
#848=ORIENTED_EDGE('',*,*,#851,.T.);
#849=ORIENTED_EDGE('',*,*,#852,.T.);
#850=EDGE_CURVE('',#93,#91,#853,.F.);
#851=EDGE_CURVE('',#91,#39,#854,.T.);
#852=EDGE_CURVE('',#39,#93,#855,.T.);
#853=LINE('',#92,#856);
#854=LINE('',#90,#857);
#855=LINE('',#38,#858);
#856=VECTOR('',#859,1.0);
#857=VECTOR('',#860,1.0);
#858=VECTOR('',#861,1.0);
#859=DIRECTION('',(0.8968725939362053,0.4422889895149352,-9.820774903377757E-17));
#860=DIRECTION('',(0.3826834314916782,-0.9238795328730656,2.051424570518625E-16));
#861=DIRECTION('',(-0.5000000153337766,0.8660253949314785,-1.9229627549586445E-16));
#862=FACE_SURFACE('',(#867),#863,.T.);
#863=PLANE('',#864);
#864=AXIS2_PLACEMENT_3D('',#94,#865,#866);
#865=DIRECTION('',(4.91245789275947E-24,-2.2204461227704564E-16,-1));
#866=DIRECTION('',(0.8314696645985185,0.5555701547531393,-1.2336135552029932E-16));
#867=FACE_BOUND('',#868,.T.);
#868=EDGE_LOOP('',(#869,#870,#871));
#869=ORIENTED_EDGE('',*,*,#872,.T.);
#870=ORIENTED_EDGE('',*,*,#873,.T.);
#871=ORIENTED_EDGE('',*,*,#874,.T.);
#872=EDGE_CURVE('',#95,#93,#875,.F.);
#873=EDGE_CURVE('',#93,#39,#876,.T.);
#874=EDGE_CURVE('',#39,#95,#877,.T.);
#875=LINE('',#94,#878);
#876=LINE('',#92,#879);
#877=LINE('',#38,#880);
#878=VECTOR('',#881,1.0);
#879=VECTOR('',#882,1.0);
#880=VECTOR('',#883,1.0);
#881=DIRECTION('',(0.8314696645985185,0.5555701547531393,-1.2336135552029932E-16));
#882=DIRECTION('',(0.5000000153337766,-0.8660253949314785,1.9229627549586445E-16));
#883=DIRECTION('',(-0.6087614397000723,0.7933533320874723,-1.7615983601257993E-16));
#884=FACE_SURFACE('',(#889),#885,.T.);
#885=PLANE('',#886);
#886=AXIS2_PLACEMENT_3D('',#96,#887,#888);
#887=DIRECTION('',(5.830063746964971E-24,-2.2204461157294187E-16,-1));
#888=DIRECTION('',(0.7518396575348835,0.6593459860784998,-1.4640421898770568E-16));
#889=FACE_BOUND('',#890,.T.);
#890=EDGE_LOOP('',(#891,#892,#893));
#891=ORIENTED_EDGE('',*,*,#894,.T.);
#892=ORIENTED_EDGE('',*,*,#895,.T.);
#893=ORIENTED_EDGE('',*,*,#896,.T.);
#894=EDGE_CURVE('',#97,#95,#897,.F.);
#895=EDGE_CURVE('',#95,#39,#898,.T.);
#896=EDGE_CURVE('',#39,#97,#899,.T.);
#897=LINE('',#96,#900);
#898=LINE('',#94,#901);
#899=LINE('',#38,#902);
#900=VECTOR('',#903,1.0);
#901=VECTOR('',#904,1.0);
#902=VECTOR('',#905,1.0);
#903=DIRECTION('',(0.7518396575348835,0.6593459860784998,-1.4640421898770568E-16));
#904=DIRECTION('',(0.6087614397000723,-0.7933533320874723,1.7615983601257993E-16));
#905=DIRECTION('',(-0.7071067811865475,0.7071067811865477,-1.5700925469163777E-16));
#906=FACE_SURFACE('',(#911),#907,.T.);
#907=PLANE('',#908);
#908=AXIS2_PLACEMENT_3D('',#98,#909,#910);
#909=DIRECTION('',(-4.1150830217777143E-23,-2.2204465855383584E-16,-1));
#910=DIRECTION('',(0.6593459860784998,0.7518396575348835,-1.6694200717720077E-16));
#911=FACE_BOUND('',#912,.T.);
#912=EDGE_LOOP('',(#913,#914,#915));
#913=ORIENTED_EDGE('',*,*,#916,.T.);
#914=ORIENTED_EDGE('',*,*,#917,.T.);
#915=ORIENTED_EDGE('',*,*,#918,.T.);
#916=EDGE_CURVE('',#99,#97,#919,.F.);
#917=EDGE_CURVE('',#97,#39,#920,.T.);
#918=EDGE_CURVE('',#39,#99,#921,.T.);
#919=LINE('',#98,#922);
#920=LINE('',#96,#923);
#921=LINE('',#38,#924);
#922=VECTOR('',#925,1.0);
#923=VECTOR('',#926,1.0);
#924=VECTOR('',#927,1.0);
#925=DIRECTION('',(0.6593459860784998,0.7518396575348835,-1.6694200717720077E-16));
#926=DIRECTION('',(0.7071067811865475,-0.7071067811865477,1.5700925469163777E-16));
#927=DIRECTION('',(-0.7933533320874722,0.6087614397000726,-1.3517219337179583E-16));
#928=FACE_SURFACE('',(#933),#929,.T.);
#929=PLANE('',#930);
#930=AXIS2_PLACEMENT_3D('',#100,#931,#932);
#931=DIRECTION('',(4.1150826676633143E-23,-2.2204455129623132E-16,-1));
#932=DIRECTION('',(0.5555701547531393,0.8314696645985185,-1.8462328573003484E-16));
#933=FACE_BOUND('',#934,.T.);
#934=EDGE_LOOP('',(#935,#936,#937));
#935=ORIENTED_EDGE('',*,*,#938,.T.);
#936=ORIENTED_EDGE('',*,*,#939,.T.);
#937=ORIENTED_EDGE('',*,*,#940,.T.);
#938=EDGE_CURVE('',#101,#99,#941,.F.);
#939=EDGE_CURVE('',#99,#39,#942,.T.);
#940=EDGE_CURVE('',#39,#101,#943,.T.);
#941=LINE('',#100,#944);
#942=LINE('',#98,#945);
#943=LINE('',#38,#946);
#944=VECTOR('',#947,1.0);
#945=VECTOR('',#948,1.0);
#946=VECTOR('',#949,1.0);
#947=DIRECTION('',(0.5555701547531393,0.8314696645985185,-1.8462328573003484E-16));
#948=DIRECTION('',(0.7933533320874722,-0.6087614397000726,1.3517219337179583E-16));
#949=DIRECTION('',(-0.8660253949314783,0.5000000153337767,-1.1102231469055815E-16));
#950=FACE_SURFACE('',(#955),#951,.T.);
#951=PLANE('',#952);
#952=AXIS2_PLACEMENT_3D('',#102,#953,#954);
#953=DIRECTION('',(-2.586848612382663E-23,-2.220446673770814E-16,-1));
#954=DIRECTION('',(0.4422889895149352,0.8968725939362053,-1.991457882415315E-16));
#955=FACE_BOUND('',#956,.T.);
#956=EDGE_LOOP('',(#957,#958,#959));
#957=ORIENTED_EDGE('',*,*,#960,.T.);
#958=ORIENTED_EDGE('',*,*,#961,.T.);
#959=ORIENTED_EDGE('',*,*,#962,.T.);
#960=EDGE_CURVE('',#103,#101,#963,.F.);
#961=EDGE_CURVE('',#101,#39,#964,.T.);
#962=EDGE_CURVE('',#39,#103,#965,.T.);
#963=LINE('',#102,#966);
#964=LINE('',#100,#967);
#965=LINE('',#38,#968);
#966=VECTOR('',#969,1.0);
#967=VECTOR('',#970,1.0);
#968=VECTOR('',#971,1.0);
#969=DIRECTION('',(0.4422889895149352,0.8968725939362053,-1.991457882415315E-16));
#970=DIRECTION('',(0.8660253949314783,-0.5000000153337767,1.1102231469055815E-16));
#971=DIRECTION('',(-0.9238795328730655,0.38268343149167844,-8.497279135692499E-17));
#972=FACE_SURFACE('',(#977),#973,.T.);
#973=PLANE('',#974);
#974=AXIS2_PLACEMENT_3D('',#104,#975,#976);
#975=DIRECTION('',(1.2934243416738353E-23,-2.2204457369900527E-16,-1));
#976=DIRECTION('',(0.32143955429703697,0.9469300992857509,-2.1026068606108385E-16));
#977=FACE_BOUND('',#978,.T.);
#978=EDGE_LOOP('',(#979,#980,#981));
#979=ORIENTED_EDGE('',*,*,#982,.T.);
#980=ORIENTED_EDGE('',*,*,#983,.T.);
#981=ORIENTED_EDGE('',*,*,#984,.T.);
#982=EDGE_CURVE('',#105,#103,#985,.F.);
#983=EDGE_CURVE('',#103,#39,#986,.T.);
#984=EDGE_CURVE('',#39,#105,#987,.T.);
#985=LINE('',#104,#988);
#986=LINE('',#102,#989);
#987=LINE('',#38,#990);
#988=VECTOR('',#991,1.0);
#989=VECTOR('',#992,1.0);
#990=VECTOR('',#993,1.0);
#991=DIRECTION('',(0.32143955429703697,0.9469300992857509,-2.1026068606108385E-16));
#992=DIRECTION('',(0.9238795328730655,-0.38268343149167844,8.497279135692499E-17));
#993=DIRECTION('',(-0.9659258284085827,0.2588190371923856,-5.746937527209002E-17));
#994=FACE_SURFACE('',(#999),#995,.T.);
#995=PLANE('',#996);
#996=AXIS2_PLACEMENT_3D('',#106,#997,#998);
#997=DIRECTION('',(-8.785518981785382E-24,-2.220446547582647E-16,-1));
#998=DIRECTION('',(0.19508987653188684,0.9807853690154503,-2.1777815036895875E-16));
#999=FACE_BOUND('',#1000,.T.);
#1000=EDGE_LOOP('',(#1001,#1002,#1003));
#1001=ORIENTED_EDGE('',*,*,#1004,.T.);
#1002=ORIENTED_EDGE('',*,*,#1005,.T.);
#1003=ORIENTED_EDGE('',*,*,#1006,.T.);
#1004=EDGE_CURVE('',#107,#105,#1007,.F.);
#1005=EDGE_CURVE('',#105,#39,#1008,.T.);
#1006=EDGE_CURVE('',#39,#107,#1009,.T.);
#1007=LINE('',#106,#1010);
#1008=LINE('',#104,#1011);
#1009=LINE('',#38,#1012);
#1010=VECTOR('',#1013,1.0);
#1011=VECTOR('',#1014,1.0);
#1012=VECTOR('',#1015,1.0);
#1013=DIRECTION('',(0.19508987653188684,0.9807853690154503,-2.1777815036895875E-16));
#1014=DIRECTION('',(0.9659258284085827,-0.2588190371923856,5.746937527209002E-17));
#1015=DIRECTION('',(-0.9914448604174466,0.13052619948435504,-2.8982636191054364E-17));
#1016=FACE_SURFACE('',(#1021),#1017,.T.);
#1017=PLANE('',#1018);
#1018=AXIS2_PLACEMENT_3D('',#108,#1019,#1020);
#1019=DIRECTION('',(-2.719261911654757E-32,-2.2204458802562672E-16,-1));
#1020=DIRECTION('',(0.06540339617056365,0.9978589057423682,-2.2156916963326684E-16));
#1021=FACE_BOUND('',#1022,.T.);
#1022=EDGE_LOOP('',(#1023,#1024,#1025));
#1023=ORIENTED_EDGE('',*,*,#1026,.T.);
#1024=ORIENTED_EDGE('',*,*,#1027,.T.);
#1025=ORIENTED_EDGE('',*,*,#1028,.T.);
#1026=EDGE_CURVE('',#109,#107,#1029,.F.);
#1027=EDGE_CURVE('',#107,#39,#1030,.T.);
#1028=EDGE_CURVE('',#39,#109,#1031,.T.);
#1029=LINE('',#108,#1032);
#1030=LINE('',#106,#1033);
#1031=LINE('',#38,#1034);
#1032=VECTOR('',#1035,1.0);
#1033=VECTOR('',#1036,1.0);
#1034=VECTOR('',#1037,1.0);
#1035=DIRECTION('',(0.06540339617056365,0.9978589057423682,-2.2156916963326684E-16));
#1036=DIRECTION('',(0.9914448604174466,-0.13052619948435504,2.8982636191054364E-17));
#1037=DIRECTION('',(-1,1.2246467864107189E-16,0));
#1038=FACE_SURFACE('',(#1043),#1039,.T.);
#1039=PLANE('',#1040);
#1040=AXIS2_PLACEMENT_3D('',#110,#1041,#1042);
#1041=DIRECTION('',(-2.0985062546136516E-32,-2.2204458802562684E-16,-1));
#1042=DIRECTION('',(-0.06540339617056368,0.997858905742368,-2.2156916963326694E-16));
#1043=FACE_BOUND('',#1044,.T.);
#1044=EDGE_LOOP('',(#1045,#1046,#1047));
#1045=ORIENTED_EDGE('',*,*,#1048,.T.);
#1046=ORIENTED_EDGE('',*,*,#1049,.T.);
#1047=ORIENTED_EDGE('',*,*,#1050,.T.);
#1048=EDGE_CURVE('',#111,#109,#1051,.F.);
#1049=EDGE_CURVE('',#109,#39,#1052,.T.);
#1050=EDGE_CURVE('',#39,#111,#1053,.T.);
#1051=LINE('',#110,#1054);
#1052=LINE('',#108,#1055);
#1053=LINE('',#38,#1056);
#1054=VECTOR('',#1057,1.0);
#1055=VECTOR('',#1058,1.0);
#1056=VECTOR('',#1059,1.0);
#1057=DIRECTION('',(-0.06540339617056368,0.997858905742368,-2.2156916963326694E-16));
#1058=DIRECTION('',(1,-1.2246467864107189E-16,0));
#1059=DIRECTION('',(-0.9914448604174467,-0.13052619948435476,2.898263619105437E-17));
#1060=FACE_SURFACE('',(#1065),#1061,.T.);
#1061=PLANE('',#1062);
#1062=AXIS2_PLACEMENT_3D('',#112,#1063,#1064);
#1063=DIRECTION('',(3.822434505930817E-24,-2.22044617059898E-16,-1));
#1064=DIRECTION('',(-0.19508987653188684,0.9807853690154503,-2.1777811242670472E-16));
#1065=FACE_BOUND('',#1066,.T.);
#1066=EDGE_LOOP('',(#1067,#1068,#1069));
#1067=ORIENTED_EDGE('',*,*,#1070,.T.);
#1068=ORIENTED_EDGE('',*,*,#1071,.T.);
#1069=ORIENTED_EDGE('',*,*,#1072,.T.);
#1070=EDGE_CURVE('',#113,#111,#1073,.F.);
#1071=EDGE_CURVE('',#111,#39,#1074,.T.);
#1072=EDGE_CURVE('',#39,#113,#1075,.T.);
#1073=LINE('',#112,#1076);
#1074=LINE('',#110,#1077);
#1075=LINE('',#38,#1078);
#1076=VECTOR('',#1079,1.0);
#1077=VECTOR('',#1080,1.0);
#1078=VECTOR('',#1081,1.0);
#1079=DIRECTION('',(-0.19508987653188684,0.9807853690154503,-2.1777811242670472E-16));
#1080=DIRECTION('',(0.9914448604174467,0.13052619948435476,-2.898263619105437E-17));
#1081=DIRECTION('',(-0.9659258284085827,-0.25881903719238525,5.746937030900647E-17));
#1082=FACE_SURFACE('',(#1087),#1083,.T.);
#1083=PLANE('',#1084);
#1084=AXIS2_PLACEMENT_3D('',#114,#1085,#1086);
#1085=DIRECTION('',(-2.7571070016851898E-24,-2.2204459250471403E-16,-1));
#1086=DIRECTION('',(-0.32143955429703697,0.9469300992857509,-2.102607071401097E-16));
#1087=FACE_BOUND('',#1088,.T.);
#1088=EDGE_LOOP('',(#1089,#1090,#1091));
#1089=ORIENTED_EDGE('',*,*,#1092,.T.);
#1090=ORIENTED_EDGE('',*,*,#1093,.T.);
#1091=ORIENTED_EDGE('',*,*,#1094,.T.);
#1092=EDGE_CURVE('',#115,#113,#1095,.F.);
#1093=EDGE_CURVE('',#113,#39,#1096,.T.);
#1094=EDGE_CURVE('',#39,#115,#1097,.T.);
#1095=LINE('',#114,#1098);
#1096=LINE('',#112,#1099);
#1097=LINE('',#38,#1100);
#1098=VECTOR('',#1101,1.0);
#1099=VECTOR('',#1102,1.0);
#1100=VECTOR('',#1103,1.0);
#1101=DIRECTION('',(-0.32143955429703697,0.9469300992857509,-2.102607071401097E-16));
#1102=DIRECTION('',(0.9659258284085827,0.25881903719238525,-5.746937030900647E-17));
#1103=DIRECTION('',(-0.9238795328730657,-0.3826834314916782,8.497278915111006E-17));
#1104=FACE_SURFACE('',(#1109),#1105,.T.);
#1105=PLANE('',#1106);
#1106=AXIS2_PLACEMENT_3D('',#116,#1107,#1108);
#1107=DIRECTION('',(8.449701368501656E-24,-2.2204461956034283E-16,-1));
#1108=DIRECTION('',(-0.4422889895149352,0.8968725939362053,-1.9914573765187243E-16));
#1109=FACE_BOUND('',#1110,.T.);
#1110=EDGE_LOOP('',(#1111,#1112,#1113));
#1111=ORIENTED_EDGE('',*,*,#1114,.T.);
#1112=ORIENTED_EDGE('',*,*,#1115,.T.);
#1113=ORIENTED_EDGE('',*,*,#1116,.T.);
#1114=EDGE_CURVE('',#117,#115,#1117,.F.);
#1115=EDGE_CURVE('',#115,#39,#1118,.T.);
#1116=EDGE_CURVE('',#39,#117,#1119,.T.);
#1117=LINE('',#116,#1120);
#1118=LINE('',#114,#1121);
#1119=LINE('',#38,#1122);
#1120=VECTOR('',#1123,1.0);
#1121=VECTOR('',#1124,1.0);
#1122=VECTOR('',#1125,1.0);
#1123=DIRECTION('',(-0.4422889895149352,0.8968725939362053,-1.9914573765187243E-16));
#1124=DIRECTION('',(0.9238795328730657,0.3826834314916782,-8.497278915111006E-17));
#1125=DIRECTION('',(-0.8660253949314786,-0.5000000153337766,1.1102230586729804E-16));
#1126=FACE_SURFACE('',(#1131),#1127,.T.);
#1127=PLANE('',#1128);
#1128=AXIS2_PLACEMENT_3D('',#118,#1129,#1130);
#1129=DIRECTION('',(-2.0985064647729385E-32,-2.220446049250313E-16,-1));
#1130=DIRECTION('',(-0.5555701547531393,0.8314696645985185,-1.8462335318292632E-16));
#1131=FACE_BOUND('',#1132,.T.);
#1132=EDGE_LOOP('',(#1133,#1134,#1135));
#1133=ORIENTED_EDGE('',*,*,#1136,.T.);
#1134=ORIENTED_EDGE('',*,*,#1137,.T.);
#1135=ORIENTED_EDGE('',*,*,#1138,.T.);
#1136=EDGE_CURVE('',#119,#117,#1139,.F.);
#1137=EDGE_CURVE('',#117,#39,#1140,.T.);
#1138=EDGE_CURVE('',#39,#119,#1141,.T.);
#1139=LINE('',#118,#1142);
#1140=LINE('',#116,#1143);
#1141=LINE('',#38,#1144);
#1142=VECTOR('',#1145,1.0);
#1143=VECTOR('',#1146,1.0);
#1144=VECTOR('',#1147,1.0);
#1145=DIRECTION('',(-0.5555701547531393,0.8314696645985185,-1.8462335318292632E-16));
#1146=DIRECTION('',(0.8660253949314786,0.5000000153337766,-1.1102230586729804E-16));
#1147=DIRECTION('',(-0.7933533320874724,-0.6087614397000725,1.3517219337179588E-16));
#1148=FACE_SURFACE('',(#1153),#1149,.T.);
#1149=PLANE('',#1150);
#1150=AXIS2_PLACEMENT_3D('',#120,#1151,#1152);
#1151=DIRECTION('',(4.115083017580701E-23,-2.2204465855383584E-16,-1));
#1152=DIRECTION('',(-0.6593459860784998,0.7518396575348835,-1.6694200717720077E-16));
#1153=FACE_BOUND('',#1154,.T.);
#1154=EDGE_LOOP('',(#1155,#1156,#1157));
#1155=ORIENTED_EDGE('',*,*,#1158,.T.);
#1156=ORIENTED_EDGE('',*,*,#1159,.T.);
#1157=ORIENTED_EDGE('',*,*,#1160,.T.);
#1158=EDGE_CURVE('',#121,#119,#1161,.F.);
#1159=EDGE_CURVE('',#119,#39,#1162,.T.);
#1160=EDGE_CURVE('',#39,#121,#1163,.T.);
#1161=LINE('',#120,#1164);
#1162=LINE('',#118,#1165);
#1163=LINE('',#38,#1166);
#1164=VECTOR('',#1167,1.0);
#1165=VECTOR('',#1168,1.0);
#1166=VECTOR('',#1169,1.0);
#1167=DIRECTION('',(-0.6593459860784998,0.7518396575348835,-1.6694200717720077E-16));
#1168=DIRECTION('',(0.7933533320874724,0.6087614397000725,-1.3517219337179588E-16));
#1169=DIRECTION('',(-0.7071067811865476,-0.7071067811865475,1.570092546916378E-16));
#1170=FACE_SURFACE('',(#1175),#1171,.T.);
#1171=PLANE('',#1172);
#1172=AXIS2_PLACEMENT_3D('',#122,#1173,#1174);
#1173=DIRECTION('',(-5.362880455051559E-23,-2.2204456377420112E-16,-1));
#1174=DIRECTION('',(-0.7518396575348835,0.6593459860784998,-1.4640415153480893E-16));
#1175=FACE_BOUND('',#1176,.T.);
#1176=EDGE_LOOP('',(#1177,#1178,#1179));
#1177=ORIENTED_EDGE('',*,*,#1180,.T.);
#1178=ORIENTED_EDGE('',*,*,#1181,.T.);
#1179=ORIENTED_EDGE('',*,*,#1182,.T.);
#1180=EDGE_CURVE('',#123,#121,#1183,.F.);
#1181=EDGE_CURVE('',#121,#39,#1184,.T.);
#1182=EDGE_CURVE('',#39,#123,#1185,.T.);
#1183=LINE('',#122,#1186);
#1184=LINE('',#120,#1187);
#1185=LINE('',#38,#1188);
#1186=VECTOR('',#1189,1.0);
#1187=VECTOR('',#1190,1.0);
#1188=VECTOR('',#1191,1.0);
#1189=DIRECTION('',(-0.7518396575348835,0.6593459860784998,-1.4640415153480893E-16));
#1190=DIRECTION('',(0.7071067811865476,0.7071067811865475,-1.570092546916378E-16));
#1191=DIRECTION('',(-0.6087614397000726,-0.7933533320874723,1.7615982718931997E-16));
#1192=FACE_SURFACE('',(#1197),#1193,.T.);
#1193=PLANE('',#1194);
#1194=AXIS2_PLACEMENT_3D('',#124,#1195,#1196);
#1195=DIRECTION('',(5.362879996200755E-23,-2.2204464607585802E-16,-1));
#1196=DIRECTION('',(-0.8314696645985185,0.5555701547531393,-1.233614229731908E-16));
#1197=FACE_BOUND('',#1198,.T.);
#1198=EDGE_LOOP('',(#1199,#1200,#1201));
#1199=ORIENTED_EDGE('',*,*,#1202,.T.);
#1200=ORIENTED_EDGE('',*,*,#1203,.T.);
#1201=ORIENTED_EDGE('',*,*,#1204,.T.);
#1202=EDGE_CURVE('',#125,#123,#1205,.F.);
#1203=EDGE_CURVE('',#123,#39,#1206,.T.);
#1204=EDGE_CURVE('',#39,#125,#1207,.T.);
#1205=LINE('',#124,#1208);
#1206=LINE('',#122,#1209);
#1207=LINE('',#38,#1210);
#1208=VECTOR('',#1211,1.0);
#1209=VECTOR('',#1212,1.0);
#1210=VECTOR('',#1213,1.0);
#1211=DIRECTION('',(-0.8314696645985185,0.5555701547531393,-1.233614229731908E-16));
#1212=DIRECTION('',(0.6087614397000726,0.7933533320874723,-1.7615982718931997E-16));
#1213=DIRECTION('',(-0.5000000153337767,-0.8660253949314785,1.922962754958645E-16));
#1214=FACE_SURFACE('',(#1219),#1215,.T.);
#1215=PLANE('',#1216);
#1216=AXIS2_PLACEMENT_3D('',#126,#1217,#1218);
#1217=DIRECTION('',(-6.24520501396932E-23,-2.220445790565452E-16,-1));
#1218=DIRECTION('',(-0.8968725939362053,0.4422889895149352,-9.820781648665633E-17));
#1219=FACE_BOUND('',#1220,.T.);
#1220=EDGE_LOOP('',(#1221,#1222,#1223));
#1221=ORIENTED_EDGE('',*,*,#1224,.T.);
#1222=ORIENTED_EDGE('',*,*,#1225,.T.);
#1223=ORIENTED_EDGE('',*,*,#1226,.T.);
#1224=EDGE_CURVE('',#127,#125,#1227,.F.);
#1225=EDGE_CURVE('',#125,#39,#1228,.T.);
#1226=EDGE_CURVE('',#39,#127,#1229,.T.);
#1227=LINE('',#126,#1230);
#1228=LINE('',#124,#1231);
#1229=LINE('',#38,#1232);
#1230=VECTOR('',#1233,1.0);
#1231=VECTOR('',#1234,1.0);
#1232=VECTOR('',#1235,1.0);
#1233=DIRECTION('',(-0.8968725939362053,0.4422889895149352,-9.820781648665633E-17));
#1234=DIRECTION('',(0.5000000153337767,0.8660253949314785,-1.922962754958645E-16));
#1235=DIRECTION('',(-0.3826834314916784,-0.9238795328730657,2.0514246587512237E-16));
#1236=FACE_SURFACE('',(#1241),#1237,.T.);
#1237=PLANE('',#1238);
#1238=AXIS2_PLACEMENT_3D('',#128,#1239,#1240);
#1239=DIRECTION('',(-6.245205208092093E-23,-2.2204457905654446E-16,-1));
#1240=DIRECTION('',(-0.9469300992857509,0.32143955429703697,-7.137385138828095E-17));
#1241=FACE_BOUND('',#1242,.T.);
#1242=EDGE_LOOP('',(#1243,#1244,#1245));
#1243=ORIENTED_EDGE('',*,*,#1246,.T.);
#1244=ORIENTED_EDGE('',*,*,#1247,.T.);
#1245=ORIENTED_EDGE('',*,*,#1248,.T.);
#1246=EDGE_CURVE('',#129,#127,#1249,.F.);
#1247=EDGE_CURVE('',#127,#39,#1250,.T.);
#1248=EDGE_CURVE('',#39,#129,#1251,.T.);
#1249=LINE('',#128,#1252);
#1250=LINE('',#126,#1253);
#1251=LINE('',#38,#1254);
#1252=VECTOR('',#1255,1.0);
#1253=VECTOR('',#1256,1.0);
#1254=VECTOR('',#1257,1.0);
#1255=DIRECTION('',(-0.9469300992857509,0.32143955429703697,-7.137385138828095E-17));
#1256=DIRECTION('',(0.3826834314916784,0.9238795328730657,-2.0514246587512237E-16));
#1257=DIRECTION('',(-0.2588190371923854,-0.9659258284085825,2.1447861013260768E-16));
#1258=FACE_SURFACE('',(#1263),#1259,.T.);
#1259=PLANE('',#1260);
#1260=AXIS2_PLACEMENT_3D('',#130,#1261,#1262);
#1261=DIRECTION('',(1.3231361508368419E-22,-2.2204463124384596E-16,-1));
#1262=DIRECTION('',(-0.9807853690154503,0.19508987653188684,-4.331878946518804E-17));
#1263=FACE_BOUND('',#1264,.T.);
#1264=EDGE_LOOP('',(#1265,#1266,#1267));
#1265=ORIENTED_EDGE('',*,*,#1268,.T.);
#1266=ORIENTED_EDGE('',*,*,#1269,.T.);
#1267=ORIENTED_EDGE('',*,*,#1270,.T.);
#1268=EDGE_CURVE('',#131,#129,#1271,.F.);
#1269=EDGE_CURVE('',#129,#39,#1272,.T.);
#1270=EDGE_CURVE('',#39,#131,#1273,.T.);
#1271=LINE('',#130,#1274);
#1272=LINE('',#128,#1275);
#1273=LINE('',#38,#1276);
#1274=VECTOR('',#1277,1.0);
#1275=VECTOR('',#1278,1.0);
#1276=VECTOR('',#1279,1.0);
#1277=DIRECTION('',(-0.9807853690154503,0.19508987653188684,-4.331878946518804E-17));
#1278=DIRECTION('',(0.2588190371923854,0.9659258284085825,-2.1447861013260768E-16));
#1279=DIRECTION('',(-0.1305261994843549,-0.9914448604174466,2.2014499115960495E-16));
#1280=FACE_SURFACE('',(#1285),#1281,.T.);
#1281=PLANE('',#1282);
#1282=AXIS2_PLACEMENT_3D('',#36,#1283,#1284);
#1283=DIRECTION('',(-1.346169266373839E-22,-2.2204459610177147E-16,-1));
#1284=DIRECTION('',(-0.997858905742368,0.06540339617056362,-1.452233635767784E-17));
#1285=FACE_BOUND('',#1286,.T.);
#1286=EDGE_LOOP('',(#1287,#1288,#1289));
#1287=ORIENTED_EDGE('',*,*,#1290,.T.);
#1288=ORIENTED_EDGE('',*,*,#1291,.T.);
#1289=ORIENTED_EDGE('',*,*,#1292,.T.);
#1290=EDGE_CURVE('',#37,#131,#1293,.F.);
#1291=EDGE_CURVE('',#131,#39,#1294,.T.);
#1292=EDGE_CURVE('',#39,#37,#1295,.T.);
#1293=LINE('',#36,#1296);
#1294=LINE('',#130,#1297);
#1295=LINE('',#38,#1298);
#1296=VECTOR('',#1299,1.0);
#1297=VECTOR('',#1300,1.0);
#1298=VECTOR('',#1301,1.0);
#1299=DIRECTION('',(-0.997858905742368,0.06540339617056362,-1.452233635767784E-17));
#1300=DIRECTION('',(0.1305261994843549,0.9914448604174466,-2.2014499115960495E-16));
#1301=DIRECTION('',(6.123233821762846E-17,-1,2.2204459610177147E-16));
#1302=FACE_SURFACE('',(#1307),#1303,.T.);
#1303=PLANE('',#1304);
#1304=AXIS2_PLACEMENT_3D('',#132,#1305,#1306);
#1305=DIRECTION('',(0,-0,1));
#1306=DIRECTION('',(0.9978589057423682,0.06540339617056369,0));
#1307=FACE_BOUND('',#1308,.T.);
#1308=EDGE_LOOP('',(#1309,#1310,#1311));
#1309=ORIENTED_EDGE('',*,*,#1312,.T.);
#1310=ORIENTED_EDGE('',*,*,#1313,.T.);
#1311=ORIENTED_EDGE('',*,*,#1314,.T.);
#1312=EDGE_CURVE('',#133,#135,#1315,.F.);
#1313=EDGE_CURVE('',#135,#137,#1316,.T.);
#1314=EDGE_CURVE('',#137,#133,#1317,.T.);
#1315=LINE('',#132,#1318);
#1316=LINE('',#134,#1319);
#1317=LINE('',#136,#1320);
#1318=VECTOR('',#1321,1.0);
#1319=VECTOR('',#1322,1.0);
#1320=VECTOR('',#1323,1.0);
#1321=DIRECTION('',(0.9978589057423682,0.06540339617056369,0));
#1322=DIRECTION('',(-0.13052619948435484,0.9914448604174467,0));
#1323=DIRECTION('',(6.123233821762843E-17,-1,0));
#1324=FACE_SURFACE('',(#1329),#1325,.T.);
#1325=PLANE('',#1326);
#1326=AXIS2_PLACEMENT_3D('',#134,#1327,#1328);
#1327=DIRECTION('',(0,-0,1));
#1328=DIRECTION('',(0.9807853690154503,0.19508987653188684,0));
#1329=FACE_BOUND('',#1330,.T.);
#1330=EDGE_LOOP('',(#1331,#1332,#1333));
#1331=ORIENTED_EDGE('',*,*,#1334,.T.);
#1332=ORIENTED_EDGE('',*,*,#1335,.T.);
#1333=ORIENTED_EDGE('',*,*,#1336,.T.);
#1334=EDGE_CURVE('',#135,#139,#1337,.F.);
#1335=EDGE_CURVE('',#139,#137,#1338,.T.);
#1336=EDGE_CURVE('',#137,#135,#1339,.T.);
#1337=LINE('',#134,#1340);
#1338=LINE('',#138,#1341);
#1339=LINE('',#136,#1342);
#1340=VECTOR('',#1343,1.0);
#1341=VECTOR('',#1344,1.0);
#1342=VECTOR('',#1345,1.0);
#1343=DIRECTION('',(0.9807853690154503,0.19508987653188684,0));
#1344=DIRECTION('',(-0.25881903719238525,0.9659258284085827,0));
#1345=DIRECTION('',(0.13052619948435484,-0.9914448604174467,0));
#1346=FACE_SURFACE('',(#1351),#1347,.T.);
#1347=PLANE('',#1348);
#1348=AXIS2_PLACEMENT_3D('',#138,#1349,#1350);
#1349=DIRECTION('',(0,-0,1));
#1350=DIRECTION('',(0.9469300992857509,0.32143955429703697,0));
#1351=FACE_BOUND('',#1352,.T.);
#1352=EDGE_LOOP('',(#1353,#1354,#1355));
#1353=ORIENTED_EDGE('',*,*,#1356,.T.);
#1354=ORIENTED_EDGE('',*,*,#1357,.T.);
#1355=ORIENTED_EDGE('',*,*,#1358,.T.);
#1356=EDGE_CURVE('',#139,#141,#1359,.F.);
#1357=EDGE_CURVE('',#141,#137,#1360,.T.);
#1358=EDGE_CURVE('',#137,#139,#1361,.T.);
#1359=LINE('',#138,#1362);
#1360=LINE('',#140,#1363);
#1361=LINE('',#136,#1364);
#1362=VECTOR('',#1365,1.0);
#1363=VECTOR('',#1366,1.0);
#1364=VECTOR('',#1367,1.0);
#1365=DIRECTION('',(0.9469300992857509,0.32143955429703697,0));
#1366=DIRECTION('',(-0.3826834314916781,0.9238795328730657,0));
#1367=DIRECTION('',(0.25881903719238525,-0.9659258284085827,0));
#1368=FACE_SURFACE('',(#1373),#1369,.T.);
#1369=PLANE('',#1370);
#1370=AXIS2_PLACEMENT_3D('',#140,#1371,#1372);
#1371=DIRECTION('',(0,-0,1));
#1372=DIRECTION('',(0.8968725939362053,0.4422889895149352,0));
#1373=FACE_BOUND('',#1374,.T.);
#1374=EDGE_LOOP('',(#1375,#1376,#1377));
#1375=ORIENTED_EDGE('',*,*,#1378,.T.);
#1376=ORIENTED_EDGE('',*,*,#1379,.T.);
#1377=ORIENTED_EDGE('',*,*,#1380,.T.);
#1378=EDGE_CURVE('',#141,#143,#1381,.F.);
#1379=EDGE_CURVE('',#143,#137,#1382,.T.);
#1380=EDGE_CURVE('',#137,#141,#1383,.T.);
#1381=LINE('',#140,#1384);
#1382=LINE('',#142,#1385);
#1383=LINE('',#136,#1386);
#1384=VECTOR('',#1387,1.0);
#1385=VECTOR('',#1388,1.0);
#1386=VECTOR('',#1389,1.0);
#1387=DIRECTION('',(0.8968725939362053,0.4422889895149352,0));
#1388=DIRECTION('',(-0.5000000153337765,0.8660253949314787,0));
#1389=DIRECTION('',(0.3826834314916781,-0.9238795328730657,0));
#1390=FACE_SURFACE('',(#1395),#1391,.T.);
#1391=PLANE('',#1392);
#1392=AXIS2_PLACEMENT_3D('',#142,#1393,#1394);
#1393=DIRECTION('',(0,-0,1));
#1394=DIRECTION('',(0.8314696645985185,0.5555701547531393,0));
#1395=FACE_BOUND('',#1396,.T.);
#1396=EDGE_LOOP('',(#1397,#1398,#1399));
#1397=ORIENTED_EDGE('',*,*,#1400,.T.);
#1398=ORIENTED_EDGE('',*,*,#1401,.T.);
#1399=ORIENTED_EDGE('',*,*,#1402,.T.);
#1400=EDGE_CURVE('',#143,#145,#1403,.F.);
#1401=EDGE_CURVE('',#145,#137,#1404,.T.);
#1402=EDGE_CURVE('',#137,#143,#1405,.T.);
#1403=LINE('',#142,#1406);
#1404=LINE('',#144,#1407);
#1405=LINE('',#136,#1408);
#1406=VECTOR('',#1409,1.0);
#1407=VECTOR('',#1410,1.0);
#1408=VECTOR('',#1411,1.0);
#1409=DIRECTION('',(0.8314696645985185,0.5555701547531393,0));
#1410=DIRECTION('',(-0.6087614397000722,0.7933533320874725,0));
#1411=DIRECTION('',(0.5000000153337765,-0.8660253949314787,0));
#1412=FACE_SURFACE('',(#1417),#1413,.T.);
#1413=PLANE('',#1414);
#1414=AXIS2_PLACEMENT_3D('',#144,#1415,#1416);
#1415=DIRECTION('',(0,-0,1));
#1416=DIRECTION('',(0.7518396575348835,0.6593459860784998,0));
#1417=FACE_BOUND('',#1418,.T.);
#1418=EDGE_LOOP('',(#1419,#1420,#1421));
#1419=ORIENTED_EDGE('',*,*,#1422,.T.);
#1420=ORIENTED_EDGE('',*,*,#1423,.T.);
#1421=ORIENTED_EDGE('',*,*,#1424,.T.);
#1422=EDGE_CURVE('',#145,#147,#1425,.F.);
#1423=EDGE_CURVE('',#147,#137,#1426,.T.);
#1424=EDGE_CURVE('',#137,#145,#1427,.T.);
#1425=LINE('',#144,#1428);
#1426=LINE('',#146,#1429);
#1427=LINE('',#136,#1430);
#1428=VECTOR('',#1431,1.0);
#1429=VECTOR('',#1432,1.0);
#1430=VECTOR('',#1433,1.0);
#1431=DIRECTION('',(0.7518396575348835,0.6593459860784998,0));
#1432=DIRECTION('',(-0.7071067811865472,0.7071067811865479,0));
#1433=DIRECTION('',(0.6087614397000722,-0.7933533320874725,0));
#1434=FACE_SURFACE('',(#1439),#1435,.T.);
#1435=PLANE('',#1436);
#1436=AXIS2_PLACEMENT_3D('',#146,#1437,#1438);
#1437=DIRECTION('',(0,-0,1));
#1438=DIRECTION('',(0.6593459860784998,0.7518396575348835,0));
#1439=FACE_BOUND('',#1440,.T.);
#1440=EDGE_LOOP('',(#1441,#1442,#1443));
#1441=ORIENTED_EDGE('',*,*,#1444,.T.);
#1442=ORIENTED_EDGE('',*,*,#1445,.T.);
#1443=ORIENTED_EDGE('',*,*,#1446,.T.);
#1444=EDGE_CURVE('',#147,#149,#1447,.F.);
#1445=EDGE_CURVE('',#149,#137,#1448,.T.);
#1446=EDGE_CURVE('',#137,#147,#1449,.T.);
#1447=LINE('',#146,#1450);
#1448=LINE('',#148,#1451);
#1449=LINE('',#136,#1452);
#1450=VECTOR('',#1453,1.0);
#1451=VECTOR('',#1454,1.0);
#1452=VECTOR('',#1455,1.0);
#1453=DIRECTION('',(0.6593459860784998,0.7518396575348835,0));
#1454=DIRECTION('',(-0.7933533320874719,0.6087614397000728,0));
#1455=DIRECTION('',(0.7071067811865472,-0.7071067811865479,0));
#1456=FACE_SURFACE('',(#1461),#1457,.T.);
#1457=PLANE('',#1458);
#1458=AXIS2_PLACEMENT_3D('',#148,#1459,#1460);
#1459=DIRECTION('',(0,-0,1));
#1460=DIRECTION('',(0.5555701547531393,0.8314696645985185,0));
#1461=FACE_BOUND('',#1462,.T.);
#1462=EDGE_LOOP('',(#1463,#1464,#1465));
#1463=ORIENTED_EDGE('',*,*,#1466,.T.);
#1464=ORIENTED_EDGE('',*,*,#1467,.T.);
#1465=ORIENTED_EDGE('',*,*,#1468,.T.);
#1466=EDGE_CURVE('',#149,#151,#1469,.F.);
#1467=EDGE_CURVE('',#151,#137,#1470,.T.);
#1468=EDGE_CURVE('',#137,#149,#1471,.T.);
#1469=LINE('',#148,#1472);
#1470=LINE('',#150,#1473);
#1471=LINE('',#136,#1474);
#1472=VECTOR('',#1475,1.0);
#1473=VECTOR('',#1476,1.0);
#1474=VECTOR('',#1477,1.0);
#1475=DIRECTION('',(0.5555701547531393,0.8314696645985185,0));
#1476=DIRECTION('',(-0.8660253949314781,0.5000000153337771,0));
#1477=DIRECTION('',(0.7933533320874719,-0.6087614397000728,0));
#1478=FACE_SURFACE('',(#1483),#1479,.T.);
#1479=PLANE('',#1480);
#1480=AXIS2_PLACEMENT_3D('',#150,#1481,#1482);
#1481=DIRECTION('',(0,-0,1));
#1482=DIRECTION('',(0.4422889895149352,0.8968725939362053,0));
#1483=FACE_BOUND('',#1484,.T.);
#1484=EDGE_LOOP('',(#1485,#1486,#1487));
#1485=ORIENTED_EDGE('',*,*,#1488,.T.);
#1486=ORIENTED_EDGE('',*,*,#1489,.T.);
#1487=ORIENTED_EDGE('',*,*,#1490,.T.);
#1488=EDGE_CURVE('',#151,#153,#1491,.F.);
#1489=EDGE_CURVE('',#153,#137,#1492,.T.);
#1490=EDGE_CURVE('',#137,#151,#1493,.T.);
#1491=LINE('',#150,#1494);
#1492=LINE('',#152,#1495);
#1493=LINE('',#136,#1496);
#1494=VECTOR('',#1497,1.0);
#1495=VECTOR('',#1498,1.0);
#1496=VECTOR('',#1499,1.0);
#1497=DIRECTION('',(0.4422889895149352,0.8968725939362053,0));
#1498=DIRECTION('',(-0.9238795328730653,0.3826834314916788,0));
#1499=DIRECTION('',(0.8660253949314781,-0.5000000153337771,0));
#1500=FACE_SURFACE('',(#1505),#1501,.T.);
#1501=PLANE('',#1502);
#1502=AXIS2_PLACEMENT_3D('',#152,#1503,#1504);
#1503=DIRECTION('',(0,-0,1));
#1504=DIRECTION('',(0.32143955429703697,0.9469300992857509,0));
#1505=FACE_BOUND('',#1506,.T.);
#1506=EDGE_LOOP('',(#1507,#1508,#1509));
#1507=ORIENTED_EDGE('',*,*,#1510,.T.);
#1508=ORIENTED_EDGE('',*,*,#1511,.T.);
#1509=ORIENTED_EDGE('',*,*,#1512,.T.);
#1510=EDGE_CURVE('',#153,#155,#1513,.F.);
#1511=EDGE_CURVE('',#155,#137,#1514,.T.);
#1512=EDGE_CURVE('',#137,#153,#1515,.T.);
#1513=LINE('',#152,#1516);
#1514=LINE('',#154,#1517);
#1515=LINE('',#136,#1518);
#1516=VECTOR('',#1519,1.0);
#1517=VECTOR('',#1520,1.0);
#1518=VECTOR('',#1521,1.0);
#1519=DIRECTION('',(0.32143955429703697,0.9469300992857509,0));
#1520=DIRECTION('',(-0.9659258284085824,0.25881903719238597,0));
#1521=DIRECTION('',(0.9238795328730653,-0.3826834314916788,0));
#1522=FACE_SURFACE('',(#1527),#1523,.T.);
#1523=PLANE('',#1524);
#1524=AXIS2_PLACEMENT_3D('',#154,#1525,#1526);
#1525=DIRECTION('',(0,-0,1));
#1526=DIRECTION('',(0.19508987653188684,0.9807853690154503,0));
#1527=FACE_BOUND('',#1528,.T.);
#1528=EDGE_LOOP('',(#1529,#1530,#1531));
#1529=ORIENTED_EDGE('',*,*,#1532,.T.);
#1530=ORIENTED_EDGE('',*,*,#1533,.T.);
#1531=ORIENTED_EDGE('',*,*,#1534,.T.);
#1532=EDGE_CURVE('',#155,#157,#1535,.F.);
#1533=EDGE_CURVE('',#157,#137,#1536,.T.);
#1534=EDGE_CURVE('',#137,#155,#1537,.T.);
#1535=LINE('',#154,#1538);
#1536=LINE('',#156,#1539);
#1537=LINE('',#136,#1540);
#1538=VECTOR('',#1541,1.0);
#1539=VECTOR('',#1542,1.0);
#1540=VECTOR('',#1543,1.0);
#1541=DIRECTION('',(0.19508987653188684,0.9807853690154503,0));
#1542=DIRECTION('',(-0.9914448604174466,0.1305261994843555,0));
#1543=DIRECTION('',(0.9659258284085824,-0.25881903719238597,0));
#1544=FACE_SURFACE('',(#1549),#1545,.T.);
#1545=PLANE('',#1546);
#1546=AXIS2_PLACEMENT_3D('',#156,#1547,#1548);
#1547=DIRECTION('',(0,-0,1));
#1548=DIRECTION('',(0.06540339617056334,0.9978589057423682,0));
#1549=FACE_BOUND('',#1550,.T.);
#1550=EDGE_LOOP('',(#1551,#1552,#1553));
#1551=ORIENTED_EDGE('',*,*,#1554,.T.);
#1552=ORIENTED_EDGE('',*,*,#1555,.T.);
#1553=ORIENTED_EDGE('',*,*,#1556,.T.);
#1554=EDGE_CURVE('',#157,#159,#1557,.F.);
#1555=EDGE_CURVE('',#159,#137,#1558,.T.);
#1556=EDGE_CURVE('',#137,#157,#1559,.T.);
#1557=LINE('',#156,#1560);
#1558=LINE('',#158,#1561);
#1559=LINE('',#136,#1562);
#1560=VECTOR('',#1563,1.0);
#1561=VECTOR('',#1564,1.0);
#1562=VECTOR('',#1565,1.0);
#1563=DIRECTION('',(0.06540339617056334,0.9978589057423682,0));
#1564=DIRECTION('',(-1,0,0));
#1565=DIRECTION('',(0.9914448604174466,-0.1305261994843555,0));
#1566=FACE_SURFACE('',(#1571),#1567,.T.);
#1567=PLANE('',#1568);
#1568=AXIS2_PLACEMENT_3D('',#158,#1569,#1570);
#1569=DIRECTION('',(0,0,1));
#1570=DIRECTION('',(-0.06540339617056397,0.997858905742368,0));
#1571=FACE_BOUND('',#1572,.T.);
#1572=EDGE_LOOP('',(#1573,#1574,#1575));
#1573=ORIENTED_EDGE('',*,*,#1576,.T.);
#1574=ORIENTED_EDGE('',*,*,#1577,.T.);
#1575=ORIENTED_EDGE('',*,*,#1578,.T.);
#1576=EDGE_CURVE('',#159,#161,#1579,.F.);
#1577=EDGE_CURVE('',#161,#137,#1580,.T.);
#1578=EDGE_CURVE('',#137,#159,#1581,.T.);
#1579=LINE('',#158,#1582);
#1580=LINE('',#160,#1583);
#1581=LINE('',#136,#1584);
#1582=VECTOR('',#1585,1.0);
#1583=VECTOR('',#1586,1.0);
#1584=VECTOR('',#1587,1.0);
#1585=DIRECTION('',(-0.06540339617056397,0.997858905742368,0));
#1586=DIRECTION('',(-0.9914448604174467,-0.1305261994843543,0));
#1587=DIRECTION('',(1,0,0));
#1588=FACE_SURFACE('',(#1593),#1589,.T.);
#1589=PLANE('',#1590);
#1590=AXIS2_PLACEMENT_3D('',#160,#1591,#1592);
#1591=DIRECTION('',(0,0,1));
#1592=DIRECTION('',(-0.19508987653188684,0.9807853690154503,0));
#1593=FACE_BOUND('',#1594,.T.);
#1594=EDGE_LOOP('',(#1595,#1596,#1597));
#1595=ORIENTED_EDGE('',*,*,#1598,.T.);
#1596=ORIENTED_EDGE('',*,*,#1599,.T.);
#1597=ORIENTED_EDGE('',*,*,#1600,.T.);
#1598=EDGE_CURVE('',#161,#163,#1601,.F.);
#1599=EDGE_CURVE('',#163,#137,#1602,.T.);
#1600=EDGE_CURVE('',#137,#161,#1603,.T.);
#1601=LINE('',#160,#1604);
#1602=LINE('',#162,#1605);
#1603=LINE('',#136,#1606);
#1604=VECTOR('',#1607,1.0);
#1605=VECTOR('',#1608,1.0);
#1606=VECTOR('',#1609,1.0);
#1607=DIRECTION('',(-0.19508987653188684,0.9807853690154503,0));
#1608=DIRECTION('',(-0.9659258284085828,-0.2588190371923848,0));
#1609=DIRECTION('',(0.9914448604174467,0.1305261994843543,0));
#1610=FACE_SURFACE('',(#1615),#1611,.T.);
#1611=PLANE('',#1612);
#1612=AXIS2_PLACEMENT_3D('',#162,#1613,#1614);
#1613=DIRECTION('',(0,0,1));
#1614=DIRECTION('',(-0.32143955429703697,0.9469300992857509,0));
#1615=FACE_BOUND('',#1616,.T.);
#1616=EDGE_LOOP('',(#1617,#1618,#1619));
#1617=ORIENTED_EDGE('',*,*,#1620,.T.);
#1618=ORIENTED_EDGE('',*,*,#1621,.T.);
#1619=ORIENTED_EDGE('',*,*,#1622,.T.);
#1620=EDGE_CURVE('',#163,#165,#1623,.F.);
#1621=EDGE_CURVE('',#165,#137,#1624,.T.);
#1622=EDGE_CURVE('',#137,#163,#1625,.T.);
#1623=LINE('',#162,#1626);
#1624=LINE('',#164,#1627);
#1625=LINE('',#136,#1628);
#1626=VECTOR('',#1629,1.0);
#1627=VECTOR('',#1630,1.0);
#1628=VECTOR('',#1631,1.0);
#1629=DIRECTION('',(-0.32143955429703697,0.9469300992857509,0));
#1630=DIRECTION('',(-0.9238795328730658,-0.38268343149167783,0));
#1631=DIRECTION('',(0.9659258284085828,0.2588190371923848,0));
#1632=FACE_SURFACE('',(#1637),#1633,.T.);
#1633=PLANE('',#1634);
#1634=AXIS2_PLACEMENT_3D('',#164,#1635,#1636);
#1635=DIRECTION('',(0,0,1));
#1636=DIRECTION('',(-0.4422889895149352,0.8968725939362053,0));
#1637=FACE_BOUND('',#1638,.T.);
#1638=EDGE_LOOP('',(#1639,#1640,#1641));
#1639=ORIENTED_EDGE('',*,*,#1642,.T.);
#1640=ORIENTED_EDGE('',*,*,#1643,.T.);
#1641=ORIENTED_EDGE('',*,*,#1644,.T.);
#1642=EDGE_CURVE('',#165,#167,#1645,.F.);
#1643=EDGE_CURVE('',#167,#137,#1646,.T.);
#1644=EDGE_CURVE('',#137,#165,#1647,.T.);
#1645=LINE('',#164,#1648);
#1646=LINE('',#166,#1649);
#1647=LINE('',#136,#1650);
#1648=VECTOR('',#1651,1.0);
#1649=VECTOR('',#1652,1.0);
#1650=VECTOR('',#1653,1.0);
#1651=DIRECTION('',(-0.4422889895149352,0.8968725939362053,0));
#1652=DIRECTION('',(-0.8660253949314787,-0.5000000153337762,0));
#1653=DIRECTION('',(0.9238795328730658,0.38268343149167783,0));
#1654=FACE_SURFACE('',(#1659),#1655,.T.);
#1655=PLANE('',#1656);
#1656=AXIS2_PLACEMENT_3D('',#166,#1657,#1658);
#1657=DIRECTION('',(0,0,1));
#1658=DIRECTION('',(-0.5555701547531393,0.8314696645985185,0));
#1659=FACE_BOUND('',#1660,.T.);
#1660=EDGE_LOOP('',(#1661,#1662,#1663));
#1661=ORIENTED_EDGE('',*,*,#1664,.T.);
#1662=ORIENTED_EDGE('',*,*,#1665,.T.);
#1663=ORIENTED_EDGE('',*,*,#1666,.T.);
#1664=EDGE_CURVE('',#167,#169,#1667,.F.);
#1665=EDGE_CURVE('',#169,#137,#1668,.T.);
#1666=EDGE_CURVE('',#137,#167,#1669,.T.);
#1667=LINE('',#166,#1670);
#1668=LINE('',#168,#1671);
#1669=LINE('',#136,#1672);
#1670=VECTOR('',#1673,1.0);
#1671=VECTOR('',#1674,1.0);
#1672=VECTOR('',#1675,1.0);
#1673=DIRECTION('',(-0.5555701547531393,0.8314696645985185,0));
#1674=DIRECTION('',(-0.7933533320874726,-0.6087614397000721,0));
#1675=DIRECTION('',(0.8660253949314787,0.5000000153337762,0));
#1676=FACE_SURFACE('',(#1681),#1677,.T.);
#1677=PLANE('',#1678);
#1678=AXIS2_PLACEMENT_3D('',#168,#1679,#1680);
#1679=DIRECTION('',(0,0,1));
#1680=DIRECTION('',(-0.6593459860784998,0.7518396575348835,0));
#1681=FACE_BOUND('',#1682,.T.);
#1682=EDGE_LOOP('',(#1683,#1684,#1685));
#1683=ORIENTED_EDGE('',*,*,#1686,.T.);
#1684=ORIENTED_EDGE('',*,*,#1687,.T.);
#1685=ORIENTED_EDGE('',*,*,#1688,.T.);
#1686=EDGE_CURVE('',#169,#171,#1689,.F.);
#1687=EDGE_CURVE('',#171,#137,#1690,.T.);
#1688=EDGE_CURVE('',#137,#169,#1691,.T.);
#1689=LINE('',#168,#1692);
#1690=LINE('',#170,#1693);
#1691=LINE('',#136,#1694);
#1692=VECTOR('',#1695,1.0);
#1693=VECTOR('',#1696,1.0);
#1694=VECTOR('',#1697,1.0);
#1695=DIRECTION('',(-0.6593459860784998,0.7518396575348835,0));
#1696=DIRECTION('',(-0.7071067811865478,-0.7071067811865472,0));
#1697=DIRECTION('',(0.7933533320874726,0.6087614397000721,0));
#1698=FACE_SURFACE('',(#1703),#1699,.T.);
#1699=PLANE('',#1700);
#1700=AXIS2_PLACEMENT_3D('',#170,#1701,#1702);
#1701=DIRECTION('',(0,0,1));
#1702=DIRECTION('',(-0.7518396575348835,0.6593459860784998,0));
#1703=FACE_BOUND('',#1704,.T.);
#1704=EDGE_LOOP('',(#1705,#1706,#1707));
#1705=ORIENTED_EDGE('',*,*,#1708,.T.);
#1706=ORIENTED_EDGE('',*,*,#1709,.T.);
#1707=ORIENTED_EDGE('',*,*,#1710,.T.);
#1708=EDGE_CURVE('',#171,#173,#1711,.F.);
#1709=EDGE_CURVE('',#173,#137,#1712,.T.);
#1710=EDGE_CURVE('',#137,#171,#1713,.T.);
#1711=LINE('',#170,#1714);
#1712=LINE('',#172,#1715);
#1713=LINE('',#136,#1716);
#1714=VECTOR('',#1717,1.0);
#1715=VECTOR('',#1718,1.0);
#1716=VECTOR('',#1719,1.0);
#1717=DIRECTION('',(-0.7518396575348835,0.6593459860784998,0));
#1718=DIRECTION('',(-0.6087614397000727,-0.793353332087472,0));
#1719=DIRECTION('',(0.7071067811865478,0.7071067811865472,0));
#1720=FACE_SURFACE('',(#1725),#1721,.T.);
#1721=PLANE('',#1722);
#1722=AXIS2_PLACEMENT_3D('',#172,#1723,#1724);
#1723=DIRECTION('',(0,0,1));
#1724=DIRECTION('',(-0.8314696645985185,0.5555701547531393,0));
#1725=FACE_BOUND('',#1726,.T.);
#1726=EDGE_LOOP('',(#1727,#1728,#1729));
#1727=ORIENTED_EDGE('',*,*,#1730,.T.);
#1728=ORIENTED_EDGE('',*,*,#1731,.T.);
#1729=ORIENTED_EDGE('',*,*,#1732,.T.);
#1730=EDGE_CURVE('',#173,#175,#1733,.F.);
#1731=EDGE_CURVE('',#175,#137,#1734,.T.);
#1732=EDGE_CURVE('',#137,#173,#1735,.T.);
#1733=LINE('',#172,#1736);
#1734=LINE('',#174,#1737);
#1735=LINE('',#136,#1738);
#1736=VECTOR('',#1739,1.0);
#1737=VECTOR('',#1740,1.0);
#1738=VECTOR('',#1741,1.0);
#1739=DIRECTION('',(-0.8314696645985185,0.5555701547531393,0));
#1740=DIRECTION('',(-0.5000000153337769,-0.8660253949314782,0));
#1741=DIRECTION('',(0.6087614397000727,0.793353332087472,0));
#1742=FACE_SURFACE('',(#1747),#1743,.T.);
#1743=PLANE('',#1744);
#1744=AXIS2_PLACEMENT_3D('',#174,#1745,#1746);
#1745=DIRECTION('',(0,0,1));
#1746=DIRECTION('',(-0.8968725939362053,0.4422889895149352,0));
#1747=FACE_BOUND('',#1748,.T.);
#1748=EDGE_LOOP('',(#1749,#1750,#1751));
#1749=ORIENTED_EDGE('',*,*,#1752,.T.);
#1750=ORIENTED_EDGE('',*,*,#1753,.T.);
#1751=ORIENTED_EDGE('',*,*,#1754,.T.);
#1752=EDGE_CURVE('',#175,#177,#1755,.F.);
#1753=EDGE_CURVE('',#177,#137,#1756,.T.);
#1754=EDGE_CURVE('',#137,#175,#1757,.T.);
#1755=LINE('',#174,#1758);
#1756=LINE('',#176,#1759);
#1757=LINE('',#136,#1760);
#1758=VECTOR('',#1761,1.0);
#1759=VECTOR('',#1762,1.0);
#1760=VECTOR('',#1763,1.0);
#1761=DIRECTION('',(-0.8968725939362053,0.4422889895149352,0));
#1762=DIRECTION('',(-0.38268343149167855,-0.9238795328730656,0));
#1763=DIRECTION('',(0.5000000153337769,0.8660253949314782,0));
#1764=FACE_SURFACE('',(#1769),#1765,.T.);
#1765=PLANE('',#1766);
#1766=AXIS2_PLACEMENT_3D('',#176,#1767,#1768);
#1767=DIRECTION('',(0,0,1));
#1768=DIRECTION('',(-0.9469300992857509,0.32143955429703697,0));
#1769=FACE_BOUND('',#1770,.T.);
#1770=EDGE_LOOP('',(#1771,#1772,#1773));
#1771=ORIENTED_EDGE('',*,*,#1774,.T.);
#1772=ORIENTED_EDGE('',*,*,#1775,.T.);
#1773=ORIENTED_EDGE('',*,*,#1776,.T.);
#1774=EDGE_CURVE('',#177,#179,#1777,.F.);
#1775=EDGE_CURVE('',#179,#137,#1778,.T.);
#1776=EDGE_CURVE('',#137,#177,#1779,.T.);
#1777=LINE('',#176,#1780);
#1778=LINE('',#178,#1781);
#1779=LINE('',#136,#1782);
#1780=VECTOR('',#1783,1.0);
#1781=VECTOR('',#1784,1.0);
#1782=VECTOR('',#1785,1.0);
#1783=DIRECTION('',(-0.9469300992857509,0.32143955429703697,0));
#1784=DIRECTION('',(-0.2588190371923856,-0.9659258284085827,0));
#1785=DIRECTION('',(0.38268343149167855,0.9238795328730656,0));
#1786=FACE_SURFACE('',(#1791),#1787,.T.);
#1787=PLANE('',#1788);
#1788=AXIS2_PLACEMENT_3D('',#178,#1789,#1790);
#1789=DIRECTION('',(0,0,1));
#1790=DIRECTION('',(-0.9807853690154503,0.19508987653188684,0));
#1791=FACE_BOUND('',#1792,.T.);
#1792=EDGE_LOOP('',(#1793,#1794,#1795));
#1793=ORIENTED_EDGE('',*,*,#1796,.T.);
#1794=ORIENTED_EDGE('',*,*,#1797,.T.);
#1795=ORIENTED_EDGE('',*,*,#1798,.T.);
#1796=EDGE_CURVE('',#179,#181,#1799,.F.);
#1797=EDGE_CURVE('',#181,#137,#1800,.T.);
#1798=EDGE_CURVE('',#137,#179,#1801,.T.);
#1799=LINE('',#178,#1802);
#1800=LINE('',#180,#1803);
#1801=LINE('',#136,#1804);
#1802=VECTOR('',#1805,1.0);
#1803=VECTOR('',#1806,1.0);
#1804=VECTOR('',#1807,1.0);
#1805=DIRECTION('',(-0.9807853690154503,0.19508987653188684,0));
#1806=DIRECTION('',(-0.13052619948435498,-0.9914448604174467,0));
#1807=DIRECTION('',(0.2588190371923856,0.9659258284085827,0));
#1808=FACE_SURFACE('',(#1813),#1809,.T.);
#1809=PLANE('',#1810);
#1810=AXIS2_PLACEMENT_3D('',#180,#1811,#1812);
#1811=DIRECTION('',(0,0,1));
#1812=DIRECTION('',(-0.9978589057423682,0.06540339617056369,0));
#1813=FACE_BOUND('',#1814,.T.);
#1814=EDGE_LOOP('',(#1815,#1816,#1817));
#1815=ORIENTED_EDGE('',*,*,#1818,.T.);
#1816=ORIENTED_EDGE('',*,*,#1819,.T.);
#1817=ORIENTED_EDGE('',*,*,#1820,.T.);
#1818=EDGE_CURVE('',#181,#183,#1821,.F.);
#1819=EDGE_CURVE('',#183,#137,#1822,.T.);
#1820=EDGE_CURVE('',#137,#181,#1823,.T.);
#1821=LINE('',#180,#1824);
#1822=LINE('',#182,#1825);
#1823=LINE('',#136,#1826);
#1824=VECTOR('',#1827,1.0);
#1825=VECTOR('',#1828,1.0);
#1826=VECTOR('',#1829,1.0);
#1827=DIRECTION('',(-0.9978589057423682,0.06540339617056369,0));
#1828=DIRECTION('',(-6.12323382176285E-17,-1,0));
#1829=DIRECTION('',(0.13052619948435498,0.9914448604174467,0));
#1830=FACE_SURFACE('',(#1835),#1831,.T.);
#1831=PLANE('',#1832);
#1832=AXIS2_PLACEMENT_3D('',#182,#1833,#1834);
#1833=DIRECTION('',(0,0,1));
#1834=DIRECTION('',(-0.997858905742368,-0.06540339617056362,0));
#1835=FACE_BOUND('',#1836,.T.);
#1836=EDGE_LOOP('',(#1837,#1838,#1839));
#1837=ORIENTED_EDGE('',*,*,#1840,.T.);
#1838=ORIENTED_EDGE('',*,*,#1841,.T.);
#1839=ORIENTED_EDGE('',*,*,#1842,.T.);
#1840=EDGE_CURVE('',#183,#185,#1843,.F.);
#1841=EDGE_CURVE('',#185,#137,#1844,.T.);
#1842=EDGE_CURVE('',#137,#183,#1845,.T.);
#1843=LINE('',#182,#1846);
#1844=LINE('',#184,#1847);
#1845=LINE('',#136,#1848);
#1846=VECTOR('',#1849,1.0);
#1847=VECTOR('',#1850,1.0);
#1848=VECTOR('',#1851,1.0);
#1849=DIRECTION('',(-0.997858905742368,-0.06540339617056362,0));
#1850=DIRECTION('',(0.13052619948435498,-0.9914448604174467,0));
#1851=DIRECTION('',(6.12323382176285E-17,1,0));
#1852=FACE_SURFACE('',(#1857),#1853,.T.);
#1853=PLANE('',#1854);
#1854=AXIS2_PLACEMENT_3D('',#184,#1855,#1856);
#1855=DIRECTION('',(0,0,1));
#1856=DIRECTION('',(-0.9807853690154503,-0.19508987653188684,0));
#1857=FACE_BOUND('',#1858,.T.);
#1858=EDGE_LOOP('',(#1859,#1860,#1861));
#1859=ORIENTED_EDGE('',*,*,#1862,.T.);
#1860=ORIENTED_EDGE('',*,*,#1863,.T.);
#1861=ORIENTED_EDGE('',*,*,#1864,.T.);
#1862=EDGE_CURVE('',#185,#187,#1865,.F.);
#1863=EDGE_CURVE('',#187,#137,#1866,.T.);
#1864=EDGE_CURVE('',#137,#185,#1867,.T.);
#1865=LINE('',#184,#1868);
#1866=LINE('',#186,#1869);
#1867=LINE('',#136,#1870);
#1868=VECTOR('',#1871,1.0);
#1869=VECTOR('',#1872,1.0);
#1870=VECTOR('',#1873,1.0);
#1871=DIRECTION('',(-0.9807853690154503,-0.19508987653188684,0));
#1872=DIRECTION('',(0.2588190371923856,-0.9659258284085827,0));
#1873=DIRECTION('',(-0.13052619948435498,0.9914448604174467,0));
#1874=FACE_SURFACE('',(#1879),#1875,.T.);
#1875=PLANE('',#1876);
#1876=AXIS2_PLACEMENT_3D('',#186,#1877,#1878);
#1877=DIRECTION('',(0,0,1));
#1878=DIRECTION('',(-0.9469300992857509,-0.32143955429703697,0));
#1879=FACE_BOUND('',#1880,.T.);
#1880=EDGE_LOOP('',(#1881,#1882,#1883));
#1881=ORIENTED_EDGE('',*,*,#1884,.T.);
#1882=ORIENTED_EDGE('',*,*,#1885,.T.);
#1883=ORIENTED_EDGE('',*,*,#1886,.T.);
#1884=EDGE_CURVE('',#187,#189,#1887,.F.);
#1885=EDGE_CURVE('',#189,#137,#1888,.T.);
#1886=EDGE_CURVE('',#137,#187,#1889,.T.);
#1887=LINE('',#186,#1890);
#1888=LINE('',#188,#1891);
#1889=LINE('',#136,#1892);
#1890=VECTOR('',#1893,1.0);
#1891=VECTOR('',#1894,1.0);
#1892=VECTOR('',#1895,1.0);
#1893=DIRECTION('',(-0.9469300992857509,-0.32143955429703697,0));
#1894=DIRECTION('',(0.38268343149167855,-0.9238795328730656,0));
#1895=DIRECTION('',(-0.2588190371923856,0.9659258284085827,0));
#1896=FACE_SURFACE('',(#1901),#1897,.T.);
#1897=PLANE('',#1898);
#1898=AXIS2_PLACEMENT_3D('',#188,#1899,#1900);
#1899=DIRECTION('',(0,0,1));
#1900=DIRECTION('',(-0.8968725939362053,-0.4422889895149352,0));
#1901=FACE_BOUND('',#1902,.T.);
#1902=EDGE_LOOP('',(#1903,#1904,#1905));
#1903=ORIENTED_EDGE('',*,*,#1906,.T.);
#1904=ORIENTED_EDGE('',*,*,#1907,.T.);
#1905=ORIENTED_EDGE('',*,*,#1908,.T.);
#1906=EDGE_CURVE('',#189,#191,#1909,.F.);
#1907=EDGE_CURVE('',#191,#137,#1910,.T.);
#1908=EDGE_CURVE('',#137,#189,#1911,.T.);
#1909=LINE('',#188,#1912);
#1910=LINE('',#190,#1913);
#1911=LINE('',#136,#1914);
#1912=VECTOR('',#1915,1.0);
#1913=VECTOR('',#1916,1.0);
#1914=VECTOR('',#1917,1.0);
#1915=DIRECTION('',(-0.8968725939362053,-0.4422889895149352,0));
#1916=DIRECTION('',(0.5000000153337769,-0.8660253949314782,0));
#1917=DIRECTION('',(-0.38268343149167855,0.9238795328730656,0));
#1918=FACE_SURFACE('',(#1923),#1919,.T.);
#1919=PLANE('',#1920);
#1920=AXIS2_PLACEMENT_3D('',#190,#1921,#1922);
#1921=DIRECTION('',(0,0,1));
#1922=DIRECTION('',(-0.8314696645985185,-0.5555701547531393,0));
#1923=FACE_BOUND('',#1924,.T.);
#1924=EDGE_LOOP('',(#1925,#1926,#1927));
#1925=ORIENTED_EDGE('',*,*,#1928,.T.);
#1926=ORIENTED_EDGE('',*,*,#1929,.T.);
#1927=ORIENTED_EDGE('',*,*,#1930,.T.);
#1928=EDGE_CURVE('',#191,#193,#1931,.F.);
#1929=EDGE_CURVE('',#193,#137,#1932,.T.);
#1930=EDGE_CURVE('',#137,#191,#1933,.T.);
#1931=LINE('',#190,#1934);
#1932=LINE('',#192,#1935);
#1933=LINE('',#136,#1936);
#1934=VECTOR('',#1937,1.0);
#1935=VECTOR('',#1938,1.0);
#1936=VECTOR('',#1939,1.0);
#1937=DIRECTION('',(-0.8314696645985185,-0.5555701547531393,0));
#1938=DIRECTION('',(0.6087614397000727,-0.793353332087472,0));
#1939=DIRECTION('',(-0.5000000153337769,0.8660253949314782,0));
#1940=FACE_SURFACE('',(#1945),#1941,.T.);
#1941=PLANE('',#1942);
#1942=AXIS2_PLACEMENT_3D('',#192,#1943,#1944);
#1943=DIRECTION('',(0,0,1));
#1944=DIRECTION('',(-0.7518396575348835,-0.6593459860784998,0));
#1945=FACE_BOUND('',#1946,.T.);
#1946=EDGE_LOOP('',(#1947,#1948,#1949));
#1947=ORIENTED_EDGE('',*,*,#1950,.T.);
#1948=ORIENTED_EDGE('',*,*,#1951,.T.);
#1949=ORIENTED_EDGE('',*,*,#1952,.T.);
#1950=EDGE_CURVE('',#193,#195,#1953,.F.);
#1951=EDGE_CURVE('',#195,#137,#1954,.T.);
#1952=EDGE_CURVE('',#137,#193,#1955,.T.);
#1953=LINE('',#192,#1956);
#1954=LINE('',#194,#1957);
#1955=LINE('',#136,#1958);
#1956=VECTOR('',#1959,1.0);
#1957=VECTOR('',#1960,1.0);
#1958=VECTOR('',#1961,1.0);
#1959=DIRECTION('',(-0.7518396575348835,-0.6593459860784998,0));
#1960=DIRECTION('',(0.7071067811865478,-0.7071067811865472,0));
#1961=DIRECTION('',(-0.6087614397000727,0.793353332087472,0));
#1962=FACE_SURFACE('',(#1967),#1963,.T.);
#1963=PLANE('',#1964);
#1964=AXIS2_PLACEMENT_3D('',#194,#1965,#1966);
#1965=DIRECTION('',(0,0,1));
#1966=DIRECTION('',(-0.6593459860784998,-0.7518396575348835,0));
#1967=FACE_BOUND('',#1968,.T.);
#1968=EDGE_LOOP('',(#1969,#1970,#1971));
#1969=ORIENTED_EDGE('',*,*,#1972,.T.);
#1970=ORIENTED_EDGE('',*,*,#1973,.T.);
#1971=ORIENTED_EDGE('',*,*,#1974,.T.);
#1972=EDGE_CURVE('',#195,#197,#1975,.F.);
#1973=EDGE_CURVE('',#197,#137,#1976,.T.);
#1974=EDGE_CURVE('',#137,#195,#1977,.T.);
#1975=LINE('',#194,#1978);
#1976=LINE('',#196,#1979);
#1977=LINE('',#136,#1980);
#1978=VECTOR('',#1981,1.0);
#1979=VECTOR('',#1982,1.0);
#1980=VECTOR('',#1983,1.0);
#1981=DIRECTION('',(-0.6593459860784998,-0.7518396575348835,0));
#1982=DIRECTION('',(0.7933533320874726,-0.6087614397000721,0));
#1983=DIRECTION('',(-0.7071067811865478,0.7071067811865472,0));
#1984=FACE_SURFACE('',(#1989),#1985,.T.);
#1985=PLANE('',#1986);
#1986=AXIS2_PLACEMENT_3D('',#196,#1987,#1988);
#1987=DIRECTION('',(0,0,1));
#1988=DIRECTION('',(-0.5555701547531393,-0.8314696645985185,0));
#1989=FACE_BOUND('',#1990,.T.);
#1990=EDGE_LOOP('',(#1991,#1992,#1993));
#1991=ORIENTED_EDGE('',*,*,#1994,.T.);
#1992=ORIENTED_EDGE('',*,*,#1995,.T.);
#1993=ORIENTED_EDGE('',*,*,#1996,.T.);
#1994=EDGE_CURVE('',#197,#199,#1997,.F.);
#1995=EDGE_CURVE('',#199,#137,#1998,.T.);
#1996=EDGE_CURVE('',#137,#197,#1999,.T.);
#1997=LINE('',#196,#2000);
#1998=LINE('',#198,#2001);
#1999=LINE('',#136,#2002);
#2000=VECTOR('',#2003,1.0);
#2001=VECTOR('',#2004,1.0);
#2002=VECTOR('',#2005,1.0);
#2003=DIRECTION('',(-0.5555701547531393,-0.8314696645985185,0));
#2004=DIRECTION('',(0.8660253949314787,-0.5000000153337762,0));
#2005=DIRECTION('',(-0.7933533320874726,0.6087614397000721,0));
#2006=FACE_SURFACE('',(#2011),#2007,.T.);
#2007=PLANE('',#2008);
#2008=AXIS2_PLACEMENT_3D('',#198,#2009,#2010);
#2009=DIRECTION('',(0,0,1));
#2010=DIRECTION('',(-0.4422889895149352,-0.8968725939362053,0));
#2011=FACE_BOUND('',#2012,.T.);
#2012=EDGE_LOOP('',(#2013,#2014,#2015));
#2013=ORIENTED_EDGE('',*,*,#2016,.T.);
#2014=ORIENTED_EDGE('',*,*,#2017,.T.);
#2015=ORIENTED_EDGE('',*,*,#2018,.T.);
#2016=EDGE_CURVE('',#199,#201,#2019,.F.);
#2017=EDGE_CURVE('',#201,#137,#2020,.T.);
#2018=EDGE_CURVE('',#137,#199,#2021,.T.);
#2019=LINE('',#198,#2022);
#2020=LINE('',#200,#2023);
#2021=LINE('',#136,#2024);
#2022=VECTOR('',#2025,1.0);
#2023=VECTOR('',#2026,1.0);
#2024=VECTOR('',#2027,1.0);
#2025=DIRECTION('',(-0.4422889895149352,-0.8968725939362053,0));
#2026=DIRECTION('',(0.9238795328730658,-0.38268343149167783,0));
#2027=DIRECTION('',(-0.8660253949314787,0.5000000153337762,0));
#2028=FACE_SURFACE('',(#2033),#2029,.T.);
#2029=PLANE('',#2030);
#2030=AXIS2_PLACEMENT_3D('',#200,#2031,#2032);
#2031=DIRECTION('',(0,0,1));
#2032=DIRECTION('',(-0.32143955429703697,-0.9469300992857509,0));
#2033=FACE_BOUND('',#2034,.T.);
#2034=EDGE_LOOP('',(#2035,#2036,#2037));
#2035=ORIENTED_EDGE('',*,*,#2038,.T.);
#2036=ORIENTED_EDGE('',*,*,#2039,.T.);
#2037=ORIENTED_EDGE('',*,*,#2040,.T.);
#2038=EDGE_CURVE('',#201,#203,#2041,.F.);
#2039=EDGE_CURVE('',#203,#137,#2042,.T.);
#2040=EDGE_CURVE('',#137,#201,#2043,.T.);
#2041=LINE('',#200,#2044);
#2042=LINE('',#202,#2045);
#2043=LINE('',#136,#2046);
#2044=VECTOR('',#2047,1.0);
#2045=VECTOR('',#2048,1.0);
#2046=VECTOR('',#2049,1.0);
#2047=DIRECTION('',(-0.32143955429703697,-0.9469300992857509,0));
#2048=DIRECTION('',(0.9659258284085828,-0.2588190371923848,0));
#2049=DIRECTION('',(-0.9238795328730658,0.38268343149167783,0));
#2050=FACE_SURFACE('',(#2055),#2051,.T.);
#2051=PLANE('',#2052);
#2052=AXIS2_PLACEMENT_3D('',#202,#2053,#2054);
#2053=DIRECTION('',(0,0,1));
#2054=DIRECTION('',(-0.19508987653188684,-0.9807853690154503,0));
#2055=FACE_BOUND('',#2056,.T.);
#2056=EDGE_LOOP('',(#2057,#2058,#2059));
#2057=ORIENTED_EDGE('',*,*,#2060,.T.);
#2058=ORIENTED_EDGE('',*,*,#2061,.T.);
#2059=ORIENTED_EDGE('',*,*,#2062,.T.);
#2060=EDGE_CURVE('',#203,#205,#2063,.F.);
#2061=EDGE_CURVE('',#205,#137,#2064,.T.);
#2062=EDGE_CURVE('',#137,#203,#2065,.T.);
#2063=LINE('',#202,#2066);
#2064=LINE('',#204,#2067);
#2065=LINE('',#136,#2068);
#2066=VECTOR('',#2069,1.0);
#2067=VECTOR('',#2070,1.0);
#2068=VECTOR('',#2071,1.0);
#2069=DIRECTION('',(-0.19508987653188684,-0.9807853690154503,0));
#2070=DIRECTION('',(0.9914448604174467,-0.1305261994843543,0));
#2071=DIRECTION('',(-0.9659258284085828,0.2588190371923848,0));
#2072=FACE_SURFACE('',(#2077),#2073,.T.);
#2073=PLANE('',#2074);
#2074=AXIS2_PLACEMENT_3D('',#204,#2075,#2076);
#2075=DIRECTION('',(0,0,1));
#2076=DIRECTION('',(-0.06540339617056404,-0.9978589057423681,0));
#2077=FACE_BOUND('',#2078,.T.);
#2078=EDGE_LOOP('',(#2079,#2080,#2081));
#2079=ORIENTED_EDGE('',*,*,#2082,.T.);
#2080=ORIENTED_EDGE('',*,*,#2083,.T.);
#2081=ORIENTED_EDGE('',*,*,#2084,.T.);
#2082=EDGE_CURVE('',#205,#207,#2085,.F.);
#2083=EDGE_CURVE('',#207,#137,#2086,.T.);
#2084=EDGE_CURVE('',#137,#205,#2087,.T.);
#2085=LINE('',#204,#2088);
#2086=LINE('',#206,#2089);
#2087=LINE('',#136,#2090);
#2088=VECTOR('',#2091,1.0);
#2089=VECTOR('',#2092,1.0);
#2090=VECTOR('',#2093,1.0);
#2091=DIRECTION('',(-0.06540339617056404,-0.9978589057423681,0));
#2092=DIRECTION('',(1,-1.2246472937481613E-16,0));
#2093=DIRECTION('',(-0.9914448604174467,0.1305261994843543,0));
#2094=FACE_SURFACE('',(#2099),#2095,.T.);
#2095=PLANE('',#2096);
#2096=AXIS2_PLACEMENT_3D('',#206,#2097,#2098);
#2097=DIRECTION('',(0,0,1));
#2098=DIRECTION('',(0.06540339617056329,-0.997858905742368,0));
#2099=FACE_BOUND('',#2100,.T.);
#2100=EDGE_LOOP('',(#2101,#2102,#2103));
#2101=ORIENTED_EDGE('',*,*,#2104,.T.);
#2102=ORIENTED_EDGE('',*,*,#2105,.T.);
#2103=ORIENTED_EDGE('',*,*,#2106,.T.);
#2104=EDGE_CURVE('',#207,#209,#2107,.F.);
#2105=EDGE_CURVE('',#209,#137,#2108,.T.);
#2106=EDGE_CURVE('',#137,#207,#2109,.T.);
#2107=LINE('',#206,#2110);
#2108=LINE('',#208,#2111);
#2109=LINE('',#136,#2112);
#2110=VECTOR('',#2113,1.0);
#2111=VECTOR('',#2114,1.0);
#2112=VECTOR('',#2115,1.0);
#2113=DIRECTION('',(0.06540339617056329,-0.997858905742368,0));
#2114=DIRECTION('',(0.9914448604174466,0.1305261994843555,0));
#2115=DIRECTION('',(-1,1.2246472937481613E-16,0));
#2116=FACE_SURFACE('',(#2121),#2117,.T.);
#2117=PLANE('',#2118);
#2118=AXIS2_PLACEMENT_3D('',#208,#2119,#2120);
#2119=DIRECTION('',(-0,0,1));
#2120=DIRECTION('',(0.19508987653188684,-0.9807853690154503,0));
#2121=FACE_BOUND('',#2122,.T.);
#2122=EDGE_LOOP('',(#2123,#2124,#2125));
#2123=ORIENTED_EDGE('',*,*,#2126,.T.);
#2124=ORIENTED_EDGE('',*,*,#2127,.T.);
#2125=ORIENTED_EDGE('',*,*,#2128,.T.);
#2126=EDGE_CURVE('',#209,#211,#2129,.F.);
#2127=EDGE_CURVE('',#211,#137,#2130,.T.);
#2128=EDGE_CURVE('',#137,#209,#2131,.T.);
#2129=LINE('',#208,#2132);
#2130=LINE('',#210,#2133);
#2131=LINE('',#136,#2134);
#2132=VECTOR('',#2135,1.0);
#2133=VECTOR('',#2136,1.0);
#2134=VECTOR('',#2137,1.0);
#2135=DIRECTION('',(0.19508987653188684,-0.9807853690154503,0));
#2136=DIRECTION('',(0.9659258284085824,0.25881903719238597,0));
#2137=DIRECTION('',(-0.9914448604174466,-0.1305261994843555,0));
#2138=FACE_SURFACE('',(#2143),#2139,.T.);
#2139=PLANE('',#2140);
#2140=AXIS2_PLACEMENT_3D('',#210,#2141,#2142);
#2141=DIRECTION('',(-0,0,1));
#2142=DIRECTION('',(0.32143955429703697,-0.9469300992857509,0));
#2143=FACE_BOUND('',#2144,.T.);
#2144=EDGE_LOOP('',(#2145,#2146,#2147));
#2145=ORIENTED_EDGE('',*,*,#2148,.T.);
#2146=ORIENTED_EDGE('',*,*,#2149,.T.);
#2147=ORIENTED_EDGE('',*,*,#2150,.T.);
#2148=EDGE_CURVE('',#211,#213,#2151,.F.);
#2149=EDGE_CURVE('',#213,#137,#2152,.T.);
#2150=EDGE_CURVE('',#137,#211,#2153,.T.);
#2151=LINE('',#210,#2154);
#2152=LINE('',#212,#2155);
#2153=LINE('',#136,#2156);
#2154=VECTOR('',#2157,1.0);
#2155=VECTOR('',#2158,1.0);
#2156=VECTOR('',#2159,1.0);
#2157=DIRECTION('',(0.32143955429703697,-0.9469300992857509,0));
#2158=DIRECTION('',(0.9238795328730653,0.3826834314916788,0));
#2159=DIRECTION('',(-0.9659258284085824,-0.25881903719238597,0));
#2160=FACE_SURFACE('',(#2165),#2161,.T.);
#2161=PLANE('',#2162);
#2162=AXIS2_PLACEMENT_3D('',#212,#2163,#2164);
#2163=DIRECTION('',(-0,0,1));
#2164=DIRECTION('',(0.4422889895149352,-0.8968725939362053,0));
#2165=FACE_BOUND('',#2166,.T.);
#2166=EDGE_LOOP('',(#2167,#2168,#2169));
#2167=ORIENTED_EDGE('',*,*,#2170,.T.);
#2168=ORIENTED_EDGE('',*,*,#2171,.T.);
#2169=ORIENTED_EDGE('',*,*,#2172,.T.);
#2170=EDGE_CURVE('',#213,#215,#2173,.F.);
#2171=EDGE_CURVE('',#215,#137,#2174,.T.);
#2172=EDGE_CURVE('',#137,#213,#2175,.T.);
#2173=LINE('',#212,#2176);
#2174=LINE('',#214,#2177);
#2175=LINE('',#136,#2178);
#2176=VECTOR('',#2179,1.0);
#2177=VECTOR('',#2180,1.0);
#2178=VECTOR('',#2181,1.0);
#2179=DIRECTION('',(0.4422889895149352,-0.8968725939362053,0));
#2180=DIRECTION('',(0.8660253949314781,0.5000000153337771,0));
#2181=DIRECTION('',(-0.9238795328730653,-0.3826834314916788,0));
#2182=FACE_SURFACE('',(#2187),#2183,.T.);
#2183=PLANE('',#2184);
#2184=AXIS2_PLACEMENT_3D('',#214,#2185,#2186);
#2185=DIRECTION('',(-0,0,1));
#2186=DIRECTION('',(0.5555701547531393,-0.8314696645985185,0));
#2187=FACE_BOUND('',#2188,.T.);
#2188=EDGE_LOOP('',(#2189,#2190,#2191));
#2189=ORIENTED_EDGE('',*,*,#2192,.T.);
#2190=ORIENTED_EDGE('',*,*,#2193,.T.);
#2191=ORIENTED_EDGE('',*,*,#2194,.T.);
#2192=EDGE_CURVE('',#215,#217,#2195,.F.);
#2193=EDGE_CURVE('',#217,#137,#2196,.T.);
#2194=EDGE_CURVE('',#137,#215,#2197,.T.);
#2195=LINE('',#214,#2198);
#2196=LINE('',#216,#2199);
#2197=LINE('',#136,#2200);
#2198=VECTOR('',#2201,1.0);
#2199=VECTOR('',#2202,1.0);
#2200=VECTOR('',#2203,1.0);
#2201=DIRECTION('',(0.5555701547531393,-0.8314696645985185,0));
#2202=DIRECTION('',(0.7933533320874719,0.6087614397000728,0));
#2203=DIRECTION('',(-0.8660253949314781,-0.5000000153337771,0));
#2204=FACE_SURFACE('',(#2209),#2205,.T.);
#2205=PLANE('',#2206);
#2206=AXIS2_PLACEMENT_3D('',#216,#2207,#2208);
#2207=DIRECTION('',(-0,0,1));
#2208=DIRECTION('',(0.6593459860784998,-0.7518396575348835,0));
#2209=FACE_BOUND('',#2210,.T.);
#2210=EDGE_LOOP('',(#2211,#2212,#2213));
#2211=ORIENTED_EDGE('',*,*,#2214,.T.);
#2212=ORIENTED_EDGE('',*,*,#2215,.T.);
#2213=ORIENTED_EDGE('',*,*,#2216,.T.);
#2214=EDGE_CURVE('',#217,#219,#2217,.F.);
#2215=EDGE_CURVE('',#219,#137,#2218,.T.);
#2216=EDGE_CURVE('',#137,#217,#2219,.T.);
#2217=LINE('',#216,#2220);
#2218=LINE('',#218,#2221);
#2219=LINE('',#136,#2222);
#2220=VECTOR('',#2223,1.0);
#2221=VECTOR('',#2224,1.0);
#2222=VECTOR('',#2225,1.0);
#2223=DIRECTION('',(0.6593459860784998,-0.7518396575348835,0));
#2224=DIRECTION('',(0.7071067811865472,0.7071067811865479,0));
#2225=DIRECTION('',(-0.7933533320874719,-0.6087614397000728,0));
#2226=FACE_SURFACE('',(#2231),#2227,.T.);
#2227=PLANE('',#2228);
#2228=AXIS2_PLACEMENT_3D('',#218,#2229,#2230);
#2229=DIRECTION('',(-0,0,1));
#2230=DIRECTION('',(0.7518396575348835,-0.6593459860784998,0));
#2231=FACE_BOUND('',#2232,.T.);
#2232=EDGE_LOOP('',(#2233,#2234,#2235));
#2233=ORIENTED_EDGE('',*,*,#2236,.T.);
#2234=ORIENTED_EDGE('',*,*,#2237,.T.);
#2235=ORIENTED_EDGE('',*,*,#2238,.T.);
#2236=EDGE_CURVE('',#219,#221,#2239,.F.);
#2237=EDGE_CURVE('',#221,#137,#2240,.T.);
#2238=EDGE_CURVE('',#137,#219,#2241,.T.);
#2239=LINE('',#218,#2242);
#2240=LINE('',#220,#2243);
#2241=LINE('',#136,#2244);
#2242=VECTOR('',#2245,1.0);
#2243=VECTOR('',#2246,1.0);
#2244=VECTOR('',#2247,1.0);
#2245=DIRECTION('',(0.7518396575348835,-0.6593459860784998,0));
#2246=DIRECTION('',(0.6087614397000722,0.7933533320874725,0));
#2247=DIRECTION('',(-0.7071067811865472,-0.7071067811865479,0));
#2248=FACE_SURFACE('',(#2253),#2249,.T.);
#2249=PLANE('',#2250);
#2250=AXIS2_PLACEMENT_3D('',#220,#2251,#2252);
#2251=DIRECTION('',(-0,0,1));
#2252=DIRECTION('',(0.8314696645985185,-0.5555701547531393,0));
#2253=FACE_BOUND('',#2254,.T.);
#2254=EDGE_LOOP('',(#2255,#2256,#2257));
#2255=ORIENTED_EDGE('',*,*,#2258,.T.);
#2256=ORIENTED_EDGE('',*,*,#2259,.T.);
#2257=ORIENTED_EDGE('',*,*,#2260,.T.);
#2258=EDGE_CURVE('',#221,#223,#2261,.F.);
#2259=EDGE_CURVE('',#223,#137,#2262,.T.);
#2260=EDGE_CURVE('',#137,#221,#2263,.T.);
#2261=LINE('',#220,#2264);
#2262=LINE('',#222,#2265);
#2263=LINE('',#136,#2266);
#2264=VECTOR('',#2267,1.0);
#2265=VECTOR('',#2268,1.0);
#2266=VECTOR('',#2269,1.0);
#2267=DIRECTION('',(0.8314696645985185,-0.5555701547531393,0));
#2268=DIRECTION('',(0.5000000153337765,0.8660253949314787,0));
#2269=DIRECTION('',(-0.6087614397000722,-0.7933533320874725,0));
#2270=FACE_SURFACE('',(#2275),#2271,.T.);
#2271=PLANE('',#2272);
#2272=AXIS2_PLACEMENT_3D('',#222,#2273,#2274);
#2273=DIRECTION('',(-0,0,1));
#2274=DIRECTION('',(0.8968725939362053,-0.4422889895149352,0));
#2275=FACE_BOUND('',#2276,.T.);
#2276=EDGE_LOOP('',(#2277,#2278,#2279));
#2277=ORIENTED_EDGE('',*,*,#2280,.T.);
#2278=ORIENTED_EDGE('',*,*,#2281,.T.);
#2279=ORIENTED_EDGE('',*,*,#2282,.T.);
#2280=EDGE_CURVE('',#223,#225,#2283,.F.);
#2281=EDGE_CURVE('',#225,#137,#2284,.T.);
#2282=EDGE_CURVE('',#137,#223,#2285,.T.);
#2283=LINE('',#222,#2286);
#2284=LINE('',#224,#2287);
#2285=LINE('',#136,#2288);
#2286=VECTOR('',#2289,1.0);
#2287=VECTOR('',#2290,1.0);
#2288=VECTOR('',#2291,1.0);
#2289=DIRECTION('',(0.8968725939362053,-0.4422889895149352,0));
#2290=DIRECTION('',(0.3826834314916781,0.9238795328730657,0));
#2291=DIRECTION('',(-0.5000000153337765,-0.8660253949314787,0));
#2292=FACE_SURFACE('',(#2297),#2293,.T.);
#2293=PLANE('',#2294);
#2294=AXIS2_PLACEMENT_3D('',#224,#2295,#2296);
#2295=DIRECTION('',(-0,0,1));
#2296=DIRECTION('',(0.9469300992857509,-0.32143955429703697,0));
#2297=FACE_BOUND('',#2298,.T.);
#2298=EDGE_LOOP('',(#2299,#2300,#2301));
#2299=ORIENTED_EDGE('',*,*,#2302,.T.);
#2300=ORIENTED_EDGE('',*,*,#2303,.T.);
#2301=ORIENTED_EDGE('',*,*,#2304,.T.);
#2302=EDGE_CURVE('',#225,#227,#2305,.F.);
#2303=EDGE_CURVE('',#227,#137,#2306,.T.);
#2304=EDGE_CURVE('',#137,#225,#2307,.T.);
#2305=LINE('',#224,#2308);
#2306=LINE('',#226,#2309);
#2307=LINE('',#136,#2310);
#2308=VECTOR('',#2311,1.0);
#2309=VECTOR('',#2312,1.0);
#2310=VECTOR('',#2313,1.0);
#2311=DIRECTION('',(0.9469300992857509,-0.32143955429703697,0));
#2312=DIRECTION('',(0.25881903719238525,0.9659258284085827,0));
#2313=DIRECTION('',(-0.3826834314916781,-0.9238795328730657,0));
#2314=FACE_SURFACE('',(#2319),#2315,.T.);
#2315=PLANE('',#2316);
#2316=AXIS2_PLACEMENT_3D('',#226,#2317,#2318);
#2317=DIRECTION('',(-0,0,1));
#2318=DIRECTION('',(0.9807853690154503,-0.19508987653188684,0));
#2319=FACE_BOUND('',#2320,.T.);
#2320=EDGE_LOOP('',(#2321,#2322,#2323));
#2321=ORIENTED_EDGE('',*,*,#2324,.T.);
#2322=ORIENTED_EDGE('',*,*,#2325,.T.);
#2323=ORIENTED_EDGE('',*,*,#2326,.T.);
#2324=EDGE_CURVE('',#227,#229,#2327,.F.);
#2325=EDGE_CURVE('',#229,#137,#2328,.T.);
#2326=EDGE_CURVE('',#137,#227,#2329,.T.);
#2327=LINE('',#226,#2330);
#2328=LINE('',#228,#2331);
#2329=LINE('',#136,#2332);
#2330=VECTOR('',#2333,1.0);
#2331=VECTOR('',#2334,1.0);
#2332=VECTOR('',#2335,1.0);
#2333=DIRECTION('',(0.9807853690154503,-0.19508987653188684,0));
#2334=DIRECTION('',(0.13052619948435484,0.9914448604174467,0));
#2335=DIRECTION('',(-0.25881903719238525,-0.9659258284085827,0));
#2336=FACE_SURFACE('',(#2341),#2337,.T.);
#2337=PLANE('',#2338);
#2338=AXIS2_PLACEMENT_3D('',#228,#2339,#2340);
#2339=DIRECTION('',(-0,0,1));
#2340=DIRECTION('',(0.997858905742368,-0.06540339617056362,0));
#2341=FACE_BOUND('',#2342,.T.);
#2342=EDGE_LOOP('',(#2343,#2344,#2345));
#2343=ORIENTED_EDGE('',*,*,#2346,.T.);
#2344=ORIENTED_EDGE('',*,*,#2347,.T.);
#2345=ORIENTED_EDGE('',*,*,#2348,.T.);
#2346=EDGE_CURVE('',#229,#133,#2349,.F.);
#2347=EDGE_CURVE('',#133,#137,#2350,.T.);
#2348=EDGE_CURVE('',#137,#229,#2351,.T.);
#2349=LINE('',#228,#2352);
#2350=LINE('',#132,#2353);
#2351=LINE('',#136,#2354);
#2352=VECTOR('',#2355,1.0);
#2353=VECTOR('',#2356,1.0);
#2354=VECTOR('',#2357,1.0);
#2355=DIRECTION('',(0.997858905742368,-0.06540339617056362,0));
#2356=DIRECTION('',(-6.123233821762843E-17,1,0));
#2357=DIRECTION('',(-0.13052619948435484,-0.9914448604174467,0));
#2358=FACE_SURFACE('',(#2363),#2359,.T.);
#2359=PLANE('',#2360);
#2360=AXIS2_PLACEMENT_3D('',#36,#2361,#2362);
#2361=DIRECTION('',(NaN,NaN,NaN));
#2362=DIRECTION('',(0.9978589057423682,0.06540339617056369,-1.4522336357677854E-17));
#2363=FACE_BOUND('',#2364,.T.);
#2364=EDGE_LOOP('',(#2365,#2366,#2367));
#2365=ORIENTED_EDGE('',*,*,#2368,.T.);
#2366=ORIENTED_EDGE('',*,*,#2369,.T.);
#2367=ORIENTED_EDGE('',*,*,#2370,.T.);
#2368=EDGE_CURVE('',#37,#35,#2371,.F.);
#2369=EDGE_CURVE('',#35,#35,#2372,.T.);
#2370=EDGE_CURVE('',#35,#37,#2373,.T.);
#2371=LINE('',#36,#2374);
#2372=LINE('',#34,#2375);
#2373=LINE('',#34,#2376);
#2374=VECTOR('',#2377,1.0);
#2375=VECTOR('',#2378,1.0);
#2376=VECTOR('',#2379,1.0);
#2377=DIRECTION('',(0.9978589057423682,0.06540339617056369,-1.4522336357677854E-17));
#2378=DIRECTION('',(NaN,NaN,NaN));
#2379=DIRECTION('',(-0.9978589057423682,-0.06540339617056369,1.4522336357677854E-17));
#2380=FACE_SURFACE('',(#2385),#2381,.T.);
#2381=PLANE('',#2382);
#2382=AXIS2_PLACEMENT_3D('',#34,#2383,#2384);
#2383=DIRECTION('',(NaN,NaN,NaN));
#2384=DIRECTION('',(0.9807853690154503,0.19508987653188684,-4.331878946518804E-17));
#2385=FACE_BOUND('',#2386,.T.);
#2386=EDGE_LOOP('',(#2387,#2388,#2389));
#2387=ORIENTED_EDGE('',*,*,#2390,.T.);
#2388=ORIENTED_EDGE('',*,*,#2391,.T.);
#2389=ORIENTED_EDGE('',*,*,#2392,.T.);
#2390=EDGE_CURVE('',#35,#41,#2393,.F.);
#2391=EDGE_CURVE('',#41,#41,#2394,.T.);
#2392=EDGE_CURVE('',#41,#35,#2395,.T.);
#2393=LINE('',#34,#2396);
#2394=LINE('',#40,#2397);
#2395=LINE('',#40,#2398);
#2396=VECTOR('',#2399,1.0);
#2397=VECTOR('',#2400,1.0);
#2398=VECTOR('',#2401,1.0);
#2399=DIRECTION('',(0.9807853690154503,0.19508987653188684,-4.331878946518804E-17));
#2400=DIRECTION('',(NaN,NaN,NaN));
#2401=DIRECTION('',(-0.9807853690154503,-0.19508987653188684,4.331878946518804E-17));
#2402=FACE_SURFACE('',(#2407),#2403,.T.);
#2403=PLANE('',#2404);
#2404=AXIS2_PLACEMENT_3D('',#40,#2405,#2406);
#2405=DIRECTION('',(NaN,NaN,NaN));
#2406=DIRECTION('',(0.9469300992857509,0.32143955429703697,-7.137385138828095E-17));
#2407=FACE_BOUND('',#2408,.T.);
#2408=EDGE_LOOP('',(#2409,#2410,#2411));
#2409=ORIENTED_EDGE('',*,*,#2412,.T.);
#2410=ORIENTED_EDGE('',*,*,#2413,.T.);
#2411=ORIENTED_EDGE('',*,*,#2414,.T.);
#2412=EDGE_CURVE('',#41,#43,#2415,.F.);
#2413=EDGE_CURVE('',#43,#43,#2416,.T.);
#2414=EDGE_CURVE('',#43,#41,#2417,.T.);
#2415=LINE('',#40,#2418);
#2416=LINE('',#42,#2419);
#2417=LINE('',#42,#2420);
#2418=VECTOR('',#2421,1.0);
#2419=VECTOR('',#2422,1.0);
#2420=VECTOR('',#2423,1.0);
#2421=DIRECTION('',(0.9469300992857509,0.32143955429703697,-7.137385138828095E-17));
#2422=DIRECTION('',(NaN,NaN,NaN));
#2423=DIRECTION('',(-0.9469300992857509,-0.32143955429703697,7.137385138828095E-17));
#2424=FACE_SURFACE('',(#2429),#2425,.T.);
#2425=PLANE('',#2426);
#2426=AXIS2_PLACEMENT_3D('',#42,#2427,#2428);
#2427=DIRECTION('',(NaN,NaN,NaN));
#2428=DIRECTION('',(0.8968725939362053,0.4422889895149352,-9.820781648665633E-17));
#2429=FACE_BOUND('',#2430,.T.);
#2430=EDGE_LOOP('',(#2431,#2432,#2433));
#2431=ORIENTED_EDGE('',*,*,#2434,.T.);
#2432=ORIENTED_EDGE('',*,*,#2435,.T.);
#2433=ORIENTED_EDGE('',*,*,#2436,.T.);
#2434=EDGE_CURVE('',#43,#45,#2437,.F.);
#2435=EDGE_CURVE('',#45,#45,#2438,.T.);
#2436=EDGE_CURVE('',#45,#43,#2439,.T.);
#2437=LINE('',#42,#2440);
#2438=LINE('',#44,#2441);
#2439=LINE('',#44,#2442);
#2440=VECTOR('',#2443,1.0);
#2441=VECTOR('',#2444,1.0);
#2442=VECTOR('',#2445,1.0);
#2443=DIRECTION('',(0.8968725939362053,0.4422889895149352,-9.820781648665633E-17));
#2444=DIRECTION('',(NaN,NaN,NaN));
#2445=DIRECTION('',(-0.8968725939362053,-0.4422889895149352,9.820781648665633E-17));
#2446=FACE_SURFACE('',(#2451),#2447,.T.);
#2447=PLANE('',#2448);
#2448=AXIS2_PLACEMENT_3D('',#44,#2449,#2450);
#2449=DIRECTION('',(NaN,NaN,NaN));
#2450=DIRECTION('',(0.8314696645985185,0.5555701547531393,-1.233614229731908E-16));
#2451=FACE_BOUND('',#2452,.T.);
#2452=EDGE_LOOP('',(#2453,#2454,#2455));
#2453=ORIENTED_EDGE('',*,*,#2456,.T.);
#2454=ORIENTED_EDGE('',*,*,#2457,.T.);
#2455=ORIENTED_EDGE('',*,*,#2458,.T.);
#2456=EDGE_CURVE('',#45,#47,#2459,.F.);
#2457=EDGE_CURVE('',#47,#47,#2460,.T.);
#2458=EDGE_CURVE('',#47,#45,#2461,.T.);
#2459=LINE('',#44,#2462);
#2460=LINE('',#46,#2463);
#2461=LINE('',#46,#2464);
#2462=VECTOR('',#2465,1.0);
#2463=VECTOR('',#2466,1.0);
#2464=VECTOR('',#2467,1.0);
#2465=DIRECTION('',(0.8314696645985185,0.5555701547531393,-1.233614229731908E-16));
#2466=DIRECTION('',(NaN,NaN,NaN));
#2467=DIRECTION('',(-0.8314696645985185,-0.5555701547531393,1.233614229731908E-16));
#2468=FACE_SURFACE('',(#2473),#2469,.T.);
#2469=PLANE('',#2470);
#2470=AXIS2_PLACEMENT_3D('',#46,#2471,#2472);
#2471=DIRECTION('',(NaN,NaN,NaN));
#2472=DIRECTION('',(0.7518396575348835,0.6593459860784998,-1.4640415153480893E-16));
#2473=FACE_BOUND('',#2474,.T.);
#2474=EDGE_LOOP('',(#2475,#2476,#2477));
#2475=ORIENTED_EDGE('',*,*,#2478,.T.);
#2476=ORIENTED_EDGE('',*,*,#2479,.T.);
#2477=ORIENTED_EDGE('',*,*,#2480,.T.);
#2478=EDGE_CURVE('',#47,#49,#2481,.F.);
#2479=EDGE_CURVE('',#49,#49,#2482,.T.);
#2480=EDGE_CURVE('',#49,#47,#2483,.T.);
#2481=LINE('',#46,#2484);
#2482=LINE('',#48,#2485);
#2483=LINE('',#48,#2486);
#2484=VECTOR('',#2487,1.0);
#2485=VECTOR('',#2488,1.0);
#2486=VECTOR('',#2489,1.0);
#2487=DIRECTION('',(0.7518396575348835,0.6593459860784998,-1.4640415153480893E-16));
#2488=DIRECTION('',(NaN,NaN,NaN));
#2489=DIRECTION('',(-0.7518396575348835,-0.6593459860784998,1.4640415153480893E-16));
#2490=FACE_SURFACE('',(#2495),#2491,.T.);
#2491=PLANE('',#2492);
#2492=AXIS2_PLACEMENT_3D('',#48,#2493,#2494);
#2493=DIRECTION('',(NaN,NaN,NaN));
#2494=DIRECTION('',(0.6593459860784998,0.7518396575348835,-1.6694200717720077E-16));
#2495=FACE_BOUND('',#2496,.T.);
#2496=EDGE_LOOP('',(#2497,#2498,#2499));
#2497=ORIENTED_EDGE('',*,*,#2500,.T.);
#2498=ORIENTED_EDGE('',*,*,#2501,.T.);
#2499=ORIENTED_EDGE('',*,*,#2502,.T.);
#2500=EDGE_CURVE('',#49,#51,#2503,.F.);
#2501=EDGE_CURVE('',#51,#51,#2504,.T.);
#2502=EDGE_CURVE('',#51,#49,#2505,.T.);
#2503=LINE('',#48,#2506);
#2504=LINE('',#50,#2507);
#2505=LINE('',#50,#2508);
#2506=VECTOR('',#2509,1.0);
#2507=VECTOR('',#2510,1.0);
#2508=VECTOR('',#2511,1.0);
#2509=DIRECTION('',(0.6593459860784998,0.7518396575348835,-1.6694200717720077E-16));
#2510=DIRECTION('',(NaN,NaN,NaN));
#2511=DIRECTION('',(-0.6593459860784998,-0.7518396575348835,1.6694200717720077E-16));
#2512=FACE_SURFACE('',(#2517),#2513,.T.);
#2513=PLANE('',#2514);
#2514=AXIS2_PLACEMENT_3D('',#50,#2515,#2516);
#2515=DIRECTION('',(NaN,NaN,NaN));
#2516=DIRECTION('',(0.5555701547531393,0.8314696645985185,-1.8462335318292632E-16));
#2517=FACE_BOUND('',#2518,.T.);
#2518=EDGE_LOOP('',(#2519,#2520,#2521));
#2519=ORIENTED_EDGE('',*,*,#2522,.T.);
#2520=ORIENTED_EDGE('',*,*,#2523,.T.);
#2521=ORIENTED_EDGE('',*,*,#2524,.T.);
#2522=EDGE_CURVE('',#51,#53,#2525,.F.);
#2523=EDGE_CURVE('',#53,#53,#2526,.T.);
#2524=EDGE_CURVE('',#53,#51,#2527,.T.);
#2525=LINE('',#50,#2528);
#2526=LINE('',#52,#2529);
#2527=LINE('',#52,#2530);
#2528=VECTOR('',#2531,1.0);
#2529=VECTOR('',#2532,1.0);
#2530=VECTOR('',#2533,1.0);
#2531=DIRECTION('',(0.5555701547531393,0.8314696645985185,-1.8462335318292632E-16));
#2532=DIRECTION('',(NaN,NaN,NaN));
#2533=DIRECTION('',(-0.5555701547531393,-0.8314696645985185,1.8462335318292632E-16));
#2534=FACE_SURFACE('',(#2539),#2535,.T.);
#2535=PLANE('',#2536);
#2536=AXIS2_PLACEMENT_3D('',#52,#2537,#2538);
#2537=DIRECTION('',(NaN,NaN,NaN));
#2538=DIRECTION('',(0.4422889895149352,0.8968725939362053,-1.9914573765187243E-16));
#2539=FACE_BOUND('',#2540,.T.);
#2540=EDGE_LOOP('',(#2541,#2542,#2543));
#2541=ORIENTED_EDGE('',*,*,#2544,.T.);
#2542=ORIENTED_EDGE('',*,*,#2545,.T.);
#2543=ORIENTED_EDGE('',*,*,#2546,.T.);
#2544=EDGE_CURVE('',#53,#55,#2547,.F.);
#2545=EDGE_CURVE('',#55,#55,#2548,.T.);
#2546=EDGE_CURVE('',#55,#53,#2549,.T.);
#2547=LINE('',#52,#2550);
#2548=LINE('',#54,#2551);
#2549=LINE('',#54,#2552);
#2550=VECTOR('',#2553,1.0);
#2551=VECTOR('',#2554,1.0);
#2552=VECTOR('',#2555,1.0);
#2553=DIRECTION('',(0.4422889895149352,0.8968725939362053,-1.9914573765187243E-16));
#2554=DIRECTION('',(NaN,NaN,NaN));
#2555=DIRECTION('',(-0.4422889895149352,-0.8968725939362053,1.9914573765187243E-16));
#2556=FACE_SURFACE('',(#2561),#2557,.T.);
#2557=PLANE('',#2558);
#2558=AXIS2_PLACEMENT_3D('',#54,#2559,#2560);
#2559=DIRECTION('',(NaN,NaN,NaN));
#2560=DIRECTION('',(0.32143955429703697,0.9469300992857509,-2.102607071401097E-16));
#2561=FACE_BOUND('',#2562,.T.);
#2562=EDGE_LOOP('',(#2563,#2564,#2565));
#2563=ORIENTED_EDGE('',*,*,#2566,.T.);
#2564=ORIENTED_EDGE('',*,*,#2567,.T.);
#2565=ORIENTED_EDGE('',*,*,#2568,.T.);
#2566=EDGE_CURVE('',#55,#57,#2569,.F.);
#2567=EDGE_CURVE('',#57,#57,#2570,.T.);
#2568=EDGE_CURVE('',#57,#55,#2571,.T.);
#2569=LINE('',#54,#2572);
#2570=LINE('',#56,#2573);
#2571=LINE('',#56,#2574);
#2572=VECTOR('',#2575,1.0);
#2573=VECTOR('',#2576,1.0);
#2574=VECTOR('',#2577,1.0);
#2575=DIRECTION('',(0.32143955429703697,0.9469300992857509,-2.102607071401097E-16));
#2576=DIRECTION('',(NaN,NaN,NaN));
#2577=DIRECTION('',(-0.32143955429703697,-0.9469300992857509,2.102607071401097E-16));
#2578=FACE_SURFACE('',(#2583),#2579,.T.);
#2579=PLANE('',#2580);
#2580=AXIS2_PLACEMENT_3D('',#56,#2581,#2582);
#2581=DIRECTION('',(NaN,NaN,NaN));
#2582=DIRECTION('',(0.19508987653188684,0.9807853690154503,-2.1777811242670472E-16));
#2583=FACE_BOUND('',#2584,.T.);
#2584=EDGE_LOOP('',(#2585,#2586,#2587));
#2585=ORIENTED_EDGE('',*,*,#2588,.T.);
#2586=ORIENTED_EDGE('',*,*,#2589,.T.);
#2587=ORIENTED_EDGE('',*,*,#2590,.T.);
#2588=EDGE_CURVE('',#57,#59,#2591,.F.);
#2589=EDGE_CURVE('',#59,#59,#2592,.T.);
#2590=EDGE_CURVE('',#59,#57,#2593,.T.);
#2591=LINE('',#56,#2594);
#2592=LINE('',#58,#2595);
#2593=LINE('',#58,#2596);
#2594=VECTOR('',#2597,1.0);
#2595=VECTOR('',#2598,1.0);
#2596=VECTOR('',#2599,1.0);
#2597=DIRECTION('',(0.19508987653188684,0.9807853690154503,-2.1777811242670472E-16));
#2598=DIRECTION('',(NaN,NaN,NaN));
#2599=DIRECTION('',(-0.19508987653188684,-0.9807853690154503,2.1777811242670472E-16));
#2600=FACE_SURFACE('',(#2605),#2601,.T.);
#2601=PLANE('',#2602);
#2602=AXIS2_PLACEMENT_3D('',#58,#2603,#2604);
#2603=DIRECTION('',(NaN,NaN,NaN));
#2604=DIRECTION('',(0.06540339617056373,0.9978589057423682,-2.2156916963326716E-16));
#2605=FACE_BOUND('',#2606,.T.);
#2606=EDGE_LOOP('',(#2607,#2608,#2609));
#2607=ORIENTED_EDGE('',*,*,#2610,.T.);
#2608=ORIENTED_EDGE('',*,*,#2611,.T.);
#2609=ORIENTED_EDGE('',*,*,#2612,.T.);
#2610=EDGE_CURVE('',#59,#61,#2613,.F.);
#2611=EDGE_CURVE('',#61,#61,#2614,.T.);
#2612=EDGE_CURVE('',#61,#59,#2615,.T.);
#2613=LINE('',#58,#2616);
#2614=LINE('',#60,#2617);
#2615=LINE('',#60,#2618);
#2616=VECTOR('',#2619,1.0);
#2617=VECTOR('',#2620,1.0);
#2618=VECTOR('',#2621,1.0);
#2619=DIRECTION('',(0.06540339617056373,0.9978589057423682,-2.2156916963326716E-16));
#2620=DIRECTION('',(NaN,NaN,NaN));
#2621=DIRECTION('',(-0.06540339617056373,-0.9978589057423682,2.2156916963326716E-16));
#2622=FACE_SURFACE('',(#2627),#2623,.T.);
#2623=PLANE('',#2624);
#2624=AXIS2_PLACEMENT_3D('',#60,#2625,#2626);
#2625=DIRECTION('',(NaN,NaN,NaN));
#2626=DIRECTION('',(-0.06540339617056358,0.997858905742368,-2.2156916963326665E-16));
#2627=FACE_BOUND('',#2628,.T.);
#2628=EDGE_LOOP('',(#2629,#2630,#2631));
#2629=ORIENTED_EDGE('',*,*,#2632,.T.);
#2630=ORIENTED_EDGE('',*,*,#2633,.T.);
#2631=ORIENTED_EDGE('',*,*,#2634,.T.);
#2632=EDGE_CURVE('',#61,#63,#2635,.F.);
#2633=EDGE_CURVE('',#63,#63,#2636,.T.);
#2634=EDGE_CURVE('',#63,#61,#2637,.T.);
#2635=LINE('',#60,#2638);
#2636=LINE('',#62,#2639);
#2637=LINE('',#62,#2640);
#2638=VECTOR('',#2641,1.0);
#2639=VECTOR('',#2642,1.0);
#2640=VECTOR('',#2643,1.0);
#2641=DIRECTION('',(-0.06540339617056358,0.997858905742368,-2.2156916963326665E-16));
#2642=DIRECTION('',(NaN,NaN,NaN));
#2643=DIRECTION('',(0.06540339617056358,-0.997858905742368,2.2156916963326665E-16));
#2644=FACE_SURFACE('',(#2649),#2645,.T.);
#2645=PLANE('',#2646);
#2646=AXIS2_PLACEMENT_3D('',#62,#2647,#2648);
#2647=DIRECTION('',(NaN,NaN,NaN));
#2648=DIRECTION('',(-0.19508987653188684,0.9807853690154503,-2.1777815036895875E-16));
#2649=FACE_BOUND('',#2650,.T.);
#2650=EDGE_LOOP('',(#2651,#2652,#2653));
#2651=ORIENTED_EDGE('',*,*,#2654,.T.);
#2652=ORIENTED_EDGE('',*,*,#2655,.T.);
#2653=ORIENTED_EDGE('',*,*,#2656,.T.);
#2654=EDGE_CURVE('',#63,#65,#2657,.F.);
#2655=EDGE_CURVE('',#65,#65,#2658,.T.);
#2656=EDGE_CURVE('',#65,#63,#2659,.T.);
#2657=LINE('',#62,#2660);
#2658=LINE('',#64,#2661);
#2659=LINE('',#64,#2662);
#2660=VECTOR('',#2663,1.0);
#2661=VECTOR('',#2664,1.0);
#2662=VECTOR('',#2665,1.0);
#2663=DIRECTION('',(-0.19508987653188684,0.9807853690154503,-2.1777815036895875E-16));
#2664=DIRECTION('',(NaN,NaN,NaN));
#2665=DIRECTION('',(0.19508987653188684,-0.9807853690154503,2.1777815036895875E-16));
#2666=FACE_SURFACE('',(#2671),#2667,.T.);
#2667=PLANE('',#2668);
#2668=AXIS2_PLACEMENT_3D('',#64,#2669,#2670);
#2669=DIRECTION('',(NaN,NaN,NaN));
#2670=DIRECTION('',(-0.32143955429703697,0.9469300992857509,-2.1026068606108385E-16));
#2671=FACE_BOUND('',#2672,.T.);
#2672=EDGE_LOOP('',(#2673,#2674,#2675));
#2673=ORIENTED_EDGE('',*,*,#2676,.T.);
#2674=ORIENTED_EDGE('',*,*,#2677,.T.);
#2675=ORIENTED_EDGE('',*,*,#2678,.T.);
#2676=EDGE_CURVE('',#65,#67,#2679,.F.);
#2677=EDGE_CURVE('',#67,#67,#2680,.T.);
#2678=EDGE_CURVE('',#67,#65,#2681,.T.);
#2679=LINE('',#64,#2682);
#2680=LINE('',#66,#2683);
#2681=LINE('',#66,#2684);
#2682=VECTOR('',#2685,1.0);
#2683=VECTOR('',#2686,1.0);
#2684=VECTOR('',#2687,1.0);
#2685=DIRECTION('',(-0.32143955429703697,0.9469300992857509,-2.1026068606108385E-16));
#2686=DIRECTION('',(NaN,NaN,NaN));
#2687=DIRECTION('',(0.32143955429703697,-0.9469300992857509,2.1026068606108385E-16));
#2688=FACE_SURFACE('',(#2693),#2689,.T.);
#2689=PLANE('',#2690);
#2690=AXIS2_PLACEMENT_3D('',#66,#2691,#2692);
#2691=DIRECTION('',(NaN,NaN,NaN));
#2692=DIRECTION('',(-0.4422889895149352,0.8968725939362053,-1.991457882415315E-16));
#2693=FACE_BOUND('',#2694,.T.);
#2694=EDGE_LOOP('',(#2695,#2696,#2697));
#2695=ORIENTED_EDGE('',*,*,#2698,.T.);
#2696=ORIENTED_EDGE('',*,*,#2699,.T.);
#2697=ORIENTED_EDGE('',*,*,#2700,.T.);
#2698=EDGE_CURVE('',#67,#69,#2701,.F.);
#2699=EDGE_CURVE('',#69,#69,#2702,.T.);
#2700=EDGE_CURVE('',#69,#67,#2703,.T.);
#2701=LINE('',#66,#2704);
#2702=LINE('',#68,#2705);
#2703=LINE('',#68,#2706);
#2704=VECTOR('',#2707,1.0);
#2705=VECTOR('',#2708,1.0);
#2706=VECTOR('',#2709,1.0);
#2707=DIRECTION('',(-0.4422889895149352,0.8968725939362053,-1.991457882415315E-16));
#2708=DIRECTION('',(NaN,NaN,NaN));
#2709=DIRECTION('',(0.4422889895149352,-0.8968725939362053,1.991457882415315E-16));
#2710=FACE_SURFACE('',(#2715),#2711,.T.);
#2711=PLANE('',#2712);
#2712=AXIS2_PLACEMENT_3D('',#68,#2713,#2714);
#2713=DIRECTION('',(NaN,NaN,NaN));
#2714=DIRECTION('',(-0.5555701547531393,0.8314696645985185,-1.8462328573003484E-16));
#2715=FACE_BOUND('',#2716,.T.);
#2716=EDGE_LOOP('',(#2717,#2718,#2719));
#2717=ORIENTED_EDGE('',*,*,#2720,.T.);
#2718=ORIENTED_EDGE('',*,*,#2721,.T.);
#2719=ORIENTED_EDGE('',*,*,#2722,.T.);
#2720=EDGE_CURVE('',#69,#71,#2723,.F.);
#2721=EDGE_CURVE('',#71,#71,#2724,.T.);
#2722=EDGE_CURVE('',#71,#69,#2725,.T.);
#2723=LINE('',#68,#2726);
#2724=LINE('',#70,#2727);
#2725=LINE('',#70,#2728);
#2726=VECTOR('',#2729,1.0);
#2727=VECTOR('',#2730,1.0);
#2728=VECTOR('',#2731,1.0);
#2729=DIRECTION('',(-0.5555701547531393,0.8314696645985185,-1.8462328573003484E-16));
#2730=DIRECTION('',(NaN,NaN,NaN));
#2731=DIRECTION('',(0.5555701547531393,-0.8314696645985185,1.8462328573003484E-16));
#2732=FACE_SURFACE('',(#2737),#2733,.T.);
#2733=PLANE('',#2734);
#2734=AXIS2_PLACEMENT_3D('',#70,#2735,#2736);
#2735=DIRECTION('',(NaN,NaN,NaN));
#2736=DIRECTION('',(-0.6593459860784998,0.7518396575348835,-1.6694200717720077E-16));
#2737=FACE_BOUND('',#2738,.T.);
#2738=EDGE_LOOP('',(#2739,#2740,#2741));
#2739=ORIENTED_EDGE('',*,*,#2742,.T.);
#2740=ORIENTED_EDGE('',*,*,#2743,.T.);
#2741=ORIENTED_EDGE('',*,*,#2744,.T.);
#2742=EDGE_CURVE('',#71,#73,#2745,.F.);
#2743=EDGE_CURVE('',#73,#73,#2746,.T.);
#2744=EDGE_CURVE('',#73,#71,#2747,.T.);
#2745=LINE('',#70,#2748);
#2746=LINE('',#72,#2749);
#2747=LINE('',#72,#2750);
#2748=VECTOR('',#2751,1.0);
#2749=VECTOR('',#2752,1.0);
#2750=VECTOR('',#2753,1.0);
#2751=DIRECTION('',(-0.6593459860784998,0.7518396575348835,-1.6694200717720077E-16));
#2752=DIRECTION('',(NaN,NaN,NaN));
#2753=DIRECTION('',(0.6593459860784998,-0.7518396575348835,1.6694200717720077E-16));
#2754=FACE_SURFACE('',(#2759),#2755,.T.);
#2755=PLANE('',#2756);
#2756=AXIS2_PLACEMENT_3D('',#72,#2757,#2758);
#2757=DIRECTION('',(NaN,NaN,NaN));
#2758=DIRECTION('',(-0.7518396575348835,0.6593459860784998,-1.4640421898770568E-16));
#2759=FACE_BOUND('',#2760,.T.);
#2760=EDGE_LOOP('',(#2761,#2762,#2763));
#2761=ORIENTED_EDGE('',*,*,#2764,.T.);
#2762=ORIENTED_EDGE('',*,*,#2765,.T.);
#2763=ORIENTED_EDGE('',*,*,#2766,.T.);
#2764=EDGE_CURVE('',#73,#75,#2767,.F.);
#2765=EDGE_CURVE('',#75,#75,#2768,.T.);
#2766=EDGE_CURVE('',#75,#73,#2769,.T.);
#2767=LINE('',#72,#2770);
#2768=LINE('',#74,#2771);
#2769=LINE('',#74,#2772);
#2770=VECTOR('',#2773,1.0);
#2771=VECTOR('',#2774,1.0);
#2772=VECTOR('',#2775,1.0);
#2773=DIRECTION('',(-0.7518396575348835,0.6593459860784998,-1.4640421898770568E-16));
#2774=DIRECTION('',(NaN,NaN,NaN));
#2775=DIRECTION('',(0.7518396575348835,-0.6593459860784998,1.4640421898770568E-16));
#2776=FACE_SURFACE('',(#2781),#2777,.T.);
#2777=PLANE('',#2778);
#2778=AXIS2_PLACEMENT_3D('',#74,#2779,#2780);
#2779=DIRECTION('',(NaN,NaN,NaN));
#2780=DIRECTION('',(-0.8314696645985185,0.5555701547531393,-1.2336135552029932E-16));
#2781=FACE_BOUND('',#2782,.T.);
#2782=EDGE_LOOP('',(#2783,#2784,#2785));
#2783=ORIENTED_EDGE('',*,*,#2786,.T.);
#2784=ORIENTED_EDGE('',*,*,#2787,.T.);
#2785=ORIENTED_EDGE('',*,*,#2788,.T.);
#2786=EDGE_CURVE('',#75,#77,#2789,.F.);
#2787=EDGE_CURVE('',#77,#77,#2790,.T.);
#2788=EDGE_CURVE('',#77,#75,#2791,.T.);
#2789=LINE('',#74,#2792);
#2790=LINE('',#76,#2793);
#2791=LINE('',#76,#2794);
#2792=VECTOR('',#2795,1.0);
#2793=VECTOR('',#2796,1.0);
#2794=VECTOR('',#2797,1.0);
#2795=DIRECTION('',(-0.8314696645985185,0.5555701547531393,-1.2336135552029932E-16));
#2796=DIRECTION('',(NaN,NaN,NaN));
#2797=DIRECTION('',(0.8314696645985185,-0.5555701547531393,1.2336135552029932E-16));
#2798=FACE_SURFACE('',(#2803),#2799,.T.);
#2799=PLANE('',#2800);
#2800=AXIS2_PLACEMENT_3D('',#76,#2801,#2802);
#2801=DIRECTION('',(NaN,NaN,NaN));
#2802=DIRECTION('',(-0.8968725939362053,0.4422889895149352,-9.820774903377757E-17));
#2803=FACE_BOUND('',#2804,.T.);
#2804=EDGE_LOOP('',(#2805,#2806,#2807));
#2805=ORIENTED_EDGE('',*,*,#2808,.T.);
#2806=ORIENTED_EDGE('',*,*,#2809,.T.);
#2807=ORIENTED_EDGE('',*,*,#2810,.T.);
#2808=EDGE_CURVE('',#77,#79,#2811,.F.);
#2809=EDGE_CURVE('',#79,#79,#2812,.T.);
#2810=EDGE_CURVE('',#79,#77,#2813,.T.);
#2811=LINE('',#76,#2814);
#2812=LINE('',#78,#2815);
#2813=LINE('',#78,#2816);
#2814=VECTOR('',#2817,1.0);
#2815=VECTOR('',#2818,1.0);
#2816=VECTOR('',#2819,1.0);
#2817=DIRECTION('',(-0.8968725939362053,0.4422889895149352,-9.820774903377757E-17));
#2818=DIRECTION('',(NaN,NaN,NaN));
#2819=DIRECTION('',(0.8968725939362053,-0.4422889895149352,9.820774903377757E-17));
#2820=FACE_SURFACE('',(#2825),#2821,.T.);
#2821=PLANE('',#2822);
#2822=AXIS2_PLACEMENT_3D('',#78,#2823,#2824);
#2823=DIRECTION('',(NaN,NaN,NaN));
#2824=DIRECTION('',(-0.9469300992857509,0.32143955429703697,-7.137391884116372E-17));
#2825=FACE_BOUND('',#2826,.T.);
#2826=EDGE_LOOP('',(#2827,#2828,#2829));
#2827=ORIENTED_EDGE('',*,*,#2830,.T.);
#2828=ORIENTED_EDGE('',*,*,#2831,.T.);
#2829=ORIENTED_EDGE('',*,*,#2832,.T.);
#2830=EDGE_CURVE('',#79,#81,#2833,.F.);
#2831=EDGE_CURVE('',#81,#81,#2834,.T.);
#2832=EDGE_CURVE('',#81,#79,#2835,.T.);
#2833=LINE('',#78,#2836);
#2834=LINE('',#80,#2837);
#2835=LINE('',#80,#2838);
#2836=VECTOR('',#2839,1.0);
#2837=VECTOR('',#2840,1.0);
#2838=VECTOR('',#2841,1.0);
#2839=DIRECTION('',(-0.9469300992857509,0.32143955429703697,-7.137391884116372E-17));
#2840=DIRECTION('',(NaN,NaN,NaN));
#2841=DIRECTION('',(0.9469300992857509,-0.32143955429703697,7.137391884116372E-17));
#2842=FACE_SURFACE('',(#2847),#2843,.T.);
#2843=PLANE('',#2844);
#2844=AXIS2_PLACEMENT_3D('',#80,#2845,#2846);
#2845=DIRECTION('',(NaN,NaN,NaN));
#2846=DIRECTION('',(-0.9807853690154503,0.19508987653188684,-4.331878946518804E-17));
#2847=FACE_BOUND('',#2848,.T.);
#2848=EDGE_LOOP('',(#2849,#2850,#2851));
#2849=ORIENTED_EDGE('',*,*,#2852,.T.);
#2850=ORIENTED_EDGE('',*,*,#2853,.T.);
#2851=ORIENTED_EDGE('',*,*,#2854,.T.);
#2852=EDGE_CURVE('',#81,#83,#2855,.F.);
#2853=EDGE_CURVE('',#83,#83,#2856,.T.);
#2854=EDGE_CURVE('',#83,#81,#2857,.T.);
#2855=LINE('',#80,#2858);
#2856=LINE('',#82,#2859);
#2857=LINE('',#82,#2860);
#2858=VECTOR('',#2861,1.0);
#2859=VECTOR('',#2862,1.0);
#2860=VECTOR('',#2863,1.0);
#2861=DIRECTION('',(-0.9807853690154503,0.19508987653188684,-4.331878946518804E-17));
#2862=DIRECTION('',(NaN,NaN,NaN));
#2863=DIRECTION('',(0.9807853690154503,-0.19508987653188684,4.331878946518804E-17));
#2864=FACE_SURFACE('',(#2869),#2865,.T.);
#2865=PLANE('',#2866);
#2866=AXIS2_PLACEMENT_3D('',#82,#2867,#2868);
#2867=DIRECTION('',(NaN,NaN,NaN));
#2868=DIRECTION('',(-0.9978589057423682,0.06540339617056369,-1.452247126344812E-17));
#2869=FACE_BOUND('',#2870,.T.);
#2870=EDGE_LOOP('',(#2871,#2872,#2873));
#2871=ORIENTED_EDGE('',*,*,#2874,.T.);
#2872=ORIENTED_EDGE('',*,*,#2875,.T.);
#2873=ORIENTED_EDGE('',*,*,#2876,.T.);
#2874=EDGE_CURVE('',#83,#85,#2877,.F.);
#2875=EDGE_CURVE('',#85,#85,#2878,.T.);
#2876=EDGE_CURVE('',#85,#83,#2879,.T.);
#2877=LINE('',#82,#2880);
#2878=LINE('',#84,#2881);
#2879=LINE('',#84,#2882);
#2880=VECTOR('',#2883,1.0);
#2881=VECTOR('',#2884,1.0);
#2882=VECTOR('',#2885,1.0);
#2883=DIRECTION('',(-0.9978589057423682,0.06540339617056369,-1.452247126344812E-17));
#2884=DIRECTION('',(NaN,NaN,NaN));
#2885=DIRECTION('',(0.9978589057423682,-0.06540339617056369,1.452247126344812E-17));
#2886=FACE_SURFACE('',(#2891),#2887,.T.);
#2887=PLANE('',#2888);
#2888=AXIS2_PLACEMENT_3D('',#84,#2889,#2890);
#2889=DIRECTION('',(NaN,NaN,NaN));
#2890=DIRECTION('',(-0.997858905742368,-0.06540339617056362,1.4522471263448105E-17));
#2891=FACE_BOUND('',#2892,.T.);
#2892=EDGE_LOOP('',(#2893,#2894,#2895));
#2893=ORIENTED_EDGE('',*,*,#2896,.T.);
#2894=ORIENTED_EDGE('',*,*,#2897,.T.);
#2895=ORIENTED_EDGE('',*,*,#2898,.T.);
#2896=EDGE_CURVE('',#85,#87,#2899,.F.);
#2897=EDGE_CURVE('',#87,#87,#2900,.T.);
#2898=EDGE_CURVE('',#87,#85,#2901,.T.);
#2899=LINE('',#84,#2902);
#2900=LINE('',#86,#2903);
#2901=LINE('',#86,#2904);
#2902=VECTOR('',#2905,1.0);
#2903=VECTOR('',#2906,1.0);
#2904=VECTOR('',#2907,1.0);
#2905=DIRECTION('',(-0.997858905742368,-0.06540339617056362,1.4522471263448105E-17));
#2906=DIRECTION('',(NaN,NaN,NaN));
#2907=DIRECTION('',(0.997858905742368,0.06540339617056362,-1.4522471263448105E-17));
#2908=FACE_SURFACE('',(#2913),#2909,.T.);
#2909=PLANE('',#2910);
#2910=AXIS2_PLACEMENT_3D('',#86,#2911,#2912);
#2911=DIRECTION('',(NaN,NaN,NaN));
#2912=DIRECTION('',(-0.9807853690154503,-0.19508987653188684,4.331878946518804E-17));
#2913=FACE_BOUND('',#2914,.T.);
#2914=EDGE_LOOP('',(#2915,#2916,#2917));
#2915=ORIENTED_EDGE('',*,*,#2918,.T.);
#2916=ORIENTED_EDGE('',*,*,#2919,.T.);
#2917=ORIENTED_EDGE('',*,*,#2920,.T.);
#2918=EDGE_CURVE('',#87,#89,#2921,.F.);
#2919=EDGE_CURVE('',#89,#89,#2922,.T.);
#2920=EDGE_CURVE('',#89,#87,#2923,.T.);
#2921=LINE('',#86,#2924);
#2922=LINE('',#88,#2925);
#2923=LINE('',#88,#2926);
#2924=VECTOR('',#2927,1.0);
#2925=VECTOR('',#2928,1.0);
#2926=VECTOR('',#2929,1.0);
#2927=DIRECTION('',(-0.9807853690154503,-0.19508987653188684,4.331878946518804E-17));
#2928=DIRECTION('',(NaN,NaN,NaN));
#2929=DIRECTION('',(0.9807853690154503,0.19508987653188684,-4.331878946518804E-17));
#2930=FACE_SURFACE('',(#2935),#2931,.T.);
#2931=PLANE('',#2932);
#2932=AXIS2_PLACEMENT_3D('',#88,#2933,#2934);
#2933=DIRECTION('',(NaN,NaN,NaN));
#2934=DIRECTION('',(-0.9469300992857509,-0.32143955429703697,7.137391884116372E-17));
#2935=FACE_BOUND('',#2936,.T.);
#2936=EDGE_LOOP('',(#2937,#2938,#2939));
#2937=ORIENTED_EDGE('',*,*,#2940,.T.);
#2938=ORIENTED_EDGE('',*,*,#2941,.T.);
#2939=ORIENTED_EDGE('',*,*,#2942,.T.);
#2940=EDGE_CURVE('',#89,#91,#2943,.F.);
#2941=EDGE_CURVE('',#91,#91,#2944,.T.);
#2942=EDGE_CURVE('',#91,#89,#2945,.T.);
#2943=LINE('',#88,#2946);
#2944=LINE('',#90,#2947);
#2945=LINE('',#90,#2948);
#2946=VECTOR('',#2949,1.0);
#2947=VECTOR('',#2950,1.0);
#2948=VECTOR('',#2951,1.0);
#2949=DIRECTION('',(-0.9469300992857509,-0.32143955429703697,7.137391884116372E-17));
#2950=DIRECTION('',(NaN,NaN,NaN));
#2951=DIRECTION('',(0.9469300992857509,0.32143955429703697,-7.137391884116372E-17));
#2952=FACE_SURFACE('',(#2957),#2953,.T.);
#2953=PLANE('',#2954);
#2954=AXIS2_PLACEMENT_3D('',#90,#2955,#2956);
#2955=DIRECTION('',(NaN,NaN,NaN));
#2956=DIRECTION('',(-0.8968725939362053,-0.4422889895149352,9.820774903377757E-17));
#2957=FACE_BOUND('',#2958,.T.);
#2958=EDGE_LOOP('',(#2959,#2960,#2961));
#2959=ORIENTED_EDGE('',*,*,#2962,.T.);
#2960=ORIENTED_EDGE('',*,*,#2963,.T.);
#2961=ORIENTED_EDGE('',*,*,#2964,.T.);
#2962=EDGE_CURVE('',#91,#93,#2965,.F.);
#2963=EDGE_CURVE('',#93,#93,#2966,.T.);
#2964=EDGE_CURVE('',#93,#91,#2967,.T.);
#2965=LINE('',#90,#2968);
#2966=LINE('',#92,#2969);
#2967=LINE('',#92,#2970);
#2968=VECTOR('',#2971,1.0);
#2969=VECTOR('',#2972,1.0);
#2970=VECTOR('',#2973,1.0);
#2971=DIRECTION('',(-0.8968725939362053,-0.4422889895149352,9.820774903377757E-17));
#2972=DIRECTION('',(NaN,NaN,NaN));
#2973=DIRECTION('',(0.8968725939362053,0.4422889895149352,-9.820774903377757E-17));
#2974=FACE_SURFACE('',(#2979),#2975,.T.);
#2975=PLANE('',#2976);
#2976=AXIS2_PLACEMENT_3D('',#92,#2977,#2978);
#2977=DIRECTION('',(NaN,NaN,NaN));
#2978=DIRECTION('',(-0.8314696645985185,-0.5555701547531393,1.2336135552029932E-16));
#2979=FACE_BOUND('',#2980,.T.);
#2980=EDGE_LOOP('',(#2981,#2982,#2983));
#2981=ORIENTED_EDGE('',*,*,#2984,.T.);
#2982=ORIENTED_EDGE('',*,*,#2985,.T.);
#2983=ORIENTED_EDGE('',*,*,#2986,.T.);
#2984=EDGE_CURVE('',#93,#95,#2987,.F.);
#2985=EDGE_CURVE('',#95,#95,#2988,.T.);
#2986=EDGE_CURVE('',#95,#93,#2989,.T.);
#2987=LINE('',#92,#2990);
#2988=LINE('',#94,#2991);
#2989=LINE('',#94,#2992);
#2990=VECTOR('',#2993,1.0);
#2991=VECTOR('',#2994,1.0);
#2992=VECTOR('',#2995,1.0);
#2993=DIRECTION('',(-0.8314696645985185,-0.5555701547531393,1.2336135552029932E-16));
#2994=DIRECTION('',(NaN,NaN,NaN));
#2995=DIRECTION('',(0.8314696645985185,0.5555701547531393,-1.2336135552029932E-16));
#2996=FACE_SURFACE('',(#3001),#2997,.T.);
#2997=PLANE('',#2998);
#2998=AXIS2_PLACEMENT_3D('',#94,#2999,#3000);
#2999=DIRECTION('',(NaN,NaN,NaN));
#3000=DIRECTION('',(-0.7518396575348835,-0.6593459860784998,1.4640421898770568E-16));
#3001=FACE_BOUND('',#3002,.T.);
#3002=EDGE_LOOP('',(#3003,#3004,#3005));
#3003=ORIENTED_EDGE('',*,*,#3006,.T.);
#3004=ORIENTED_EDGE('',*,*,#3007,.T.);
#3005=ORIENTED_EDGE('',*,*,#3008,.T.);
#3006=EDGE_CURVE('',#95,#97,#3009,.F.);
#3007=EDGE_CURVE('',#97,#97,#3010,.T.);
#3008=EDGE_CURVE('',#97,#95,#3011,.T.);
#3009=LINE('',#94,#3012);
#3010=LINE('',#96,#3013);
#3011=LINE('',#96,#3014);
#3012=VECTOR('',#3015,1.0);
#3013=VECTOR('',#3016,1.0);
#3014=VECTOR('',#3017,1.0);
#3015=DIRECTION('',(-0.7518396575348835,-0.6593459860784998,1.4640421898770568E-16));
#3016=DIRECTION('',(NaN,NaN,NaN));
#3017=DIRECTION('',(0.7518396575348835,0.6593459860784998,-1.4640421898770568E-16));
#3018=FACE_SURFACE('',(#3023),#3019,.T.);
#3019=PLANE('',#3020);
#3020=AXIS2_PLACEMENT_3D('',#96,#3021,#3022);
#3021=DIRECTION('',(NaN,NaN,NaN));
#3022=DIRECTION('',(-0.6593459860784998,-0.7518396575348835,1.6694200717720077E-16));
#3023=FACE_BOUND('',#3024,.T.);
#3024=EDGE_LOOP('',(#3025,#3026,#3027));
#3025=ORIENTED_EDGE('',*,*,#3028,.T.);
#3026=ORIENTED_EDGE('',*,*,#3029,.T.);
#3027=ORIENTED_EDGE('',*,*,#3030,.T.);
#3028=EDGE_CURVE('',#97,#99,#3031,.F.);
#3029=EDGE_CURVE('',#99,#99,#3032,.T.);
#3030=EDGE_CURVE('',#99,#97,#3033,.T.);
#3031=LINE('',#96,#3034);
#3032=LINE('',#98,#3035);
#3033=LINE('',#98,#3036);
#3034=VECTOR('',#3037,1.0);
#3035=VECTOR('',#3038,1.0);
#3036=VECTOR('',#3039,1.0);
#3037=DIRECTION('',(-0.6593459860784998,-0.7518396575348835,1.6694200717720077E-16));
#3038=DIRECTION('',(NaN,NaN,NaN));
#3039=DIRECTION('',(0.6593459860784998,0.7518396575348835,-1.6694200717720077E-16));
#3040=FACE_SURFACE('',(#3045),#3041,.T.);
#3041=PLANE('',#3042);
#3042=AXIS2_PLACEMENT_3D('',#98,#3043,#3044);
#3043=DIRECTION('',(NaN,NaN,NaN));
#3044=DIRECTION('',(-0.5555701547531393,-0.8314696645985185,1.8462328573003484E-16));
#3045=FACE_BOUND('',#3046,.T.);
#3046=EDGE_LOOP('',(#3047,#3048,#3049));
#3047=ORIENTED_EDGE('',*,*,#3050,.T.);
#3048=ORIENTED_EDGE('',*,*,#3051,.T.);
#3049=ORIENTED_EDGE('',*,*,#3052,.T.);
#3050=EDGE_CURVE('',#99,#101,#3053,.F.);
#3051=EDGE_CURVE('',#101,#101,#3054,.T.);
#3052=EDGE_CURVE('',#101,#99,#3055,.T.);
#3053=LINE('',#98,#3056);
#3054=LINE('',#100,#3057);
#3055=LINE('',#100,#3058);
#3056=VECTOR('',#3059,1.0);
#3057=VECTOR('',#3060,1.0);
#3058=VECTOR('',#3061,1.0);
#3059=DIRECTION('',(-0.5555701547531393,-0.8314696645985185,1.8462328573003484E-16));
#3060=DIRECTION('',(NaN,NaN,NaN));
#3061=DIRECTION('',(0.5555701547531393,0.8314696645985185,-1.8462328573003484E-16));
#3062=FACE_SURFACE('',(#3067),#3063,.T.);
#3063=PLANE('',#3064);
#3064=AXIS2_PLACEMENT_3D('',#100,#3065,#3066);
#3065=DIRECTION('',(NaN,NaN,NaN));
#3066=DIRECTION('',(-0.4422889895149352,-0.8968725939362053,1.991457882415315E-16));
#3067=FACE_BOUND('',#3068,.T.);
#3068=EDGE_LOOP('',(#3069,#3070,#3071));
#3069=ORIENTED_EDGE('',*,*,#3072,.T.);
#3070=ORIENTED_EDGE('',*,*,#3073,.T.);
#3071=ORIENTED_EDGE('',*,*,#3074,.T.);
#3072=EDGE_CURVE('',#101,#103,#3075,.F.);
#3073=EDGE_CURVE('',#103,#103,#3076,.T.);
#3074=EDGE_CURVE('',#103,#101,#3077,.T.);
#3075=LINE('',#100,#3078);
#3076=LINE('',#102,#3079);
#3077=LINE('',#102,#3080);
#3078=VECTOR('',#3081,1.0);
#3079=VECTOR('',#3082,1.0);
#3080=VECTOR('',#3083,1.0);
#3081=DIRECTION('',(-0.4422889895149352,-0.8968725939362053,1.991457882415315E-16));
#3082=DIRECTION('',(NaN,NaN,NaN));
#3083=DIRECTION('',(0.4422889895149352,0.8968725939362053,-1.991457882415315E-16));
#3084=FACE_SURFACE('',(#3089),#3085,.T.);
#3085=PLANE('',#3086);
#3086=AXIS2_PLACEMENT_3D('',#102,#3087,#3088);
#3087=DIRECTION('',(NaN,NaN,NaN));
#3088=DIRECTION('',(-0.32143955429703697,-0.9469300992857509,2.1026068606108385E-16));
#3089=FACE_BOUND('',#3090,.T.);
#3090=EDGE_LOOP('',(#3091,#3092,#3093));
#3091=ORIENTED_EDGE('',*,*,#3094,.T.);
#3092=ORIENTED_EDGE('',*,*,#3095,.T.);
#3093=ORIENTED_EDGE('',*,*,#3096,.T.);
#3094=EDGE_CURVE('',#103,#105,#3097,.F.);
#3095=EDGE_CURVE('',#105,#105,#3098,.T.);
#3096=EDGE_CURVE('',#105,#103,#3099,.T.);
#3097=LINE('',#102,#3100);
#3098=LINE('',#104,#3101);
#3099=LINE('',#104,#3102);
#3100=VECTOR('',#3103,1.0);
#3101=VECTOR('',#3104,1.0);
#3102=VECTOR('',#3105,1.0);
#3103=DIRECTION('',(-0.32143955429703697,-0.9469300992857509,2.1026068606108385E-16));
#3104=DIRECTION('',(NaN,NaN,NaN));
#3105=DIRECTION('',(0.32143955429703697,0.9469300992857509,-2.1026068606108385E-16));
#3106=FACE_SURFACE('',(#3111),#3107,.T.);
#3107=PLANE('',#3108);
#3108=AXIS2_PLACEMENT_3D('',#104,#3109,#3110);
#3109=DIRECTION('',(NaN,NaN,NaN));
#3110=DIRECTION('',(-0.19508987653188684,-0.9807853690154503,2.1777815036895875E-16));
#3111=FACE_BOUND('',#3112,.T.);
#3112=EDGE_LOOP('',(#3113,#3114,#3115));
#3113=ORIENTED_EDGE('',*,*,#3116,.T.);
#3114=ORIENTED_EDGE('',*,*,#3117,.T.);
#3115=ORIENTED_EDGE('',*,*,#3118,.T.);
#3116=EDGE_CURVE('',#105,#107,#3119,.F.);
#3117=EDGE_CURVE('',#107,#107,#3120,.T.);
#3118=EDGE_CURVE('',#107,#105,#3121,.T.);
#3119=LINE('',#104,#3122);
#3120=LINE('',#106,#3123);
#3121=LINE('',#106,#3124);
#3122=VECTOR('',#3125,1.0);
#3123=VECTOR('',#3126,1.0);
#3124=VECTOR('',#3127,1.0);
#3125=DIRECTION('',(-0.19508987653188684,-0.9807853690154503,2.1777815036895875E-16));
#3126=DIRECTION('',(NaN,NaN,NaN));
#3127=DIRECTION('',(0.19508987653188684,0.9807853690154503,-2.1777815036895875E-16));
#3128=FACE_SURFACE('',(#3133),#3129,.T.);
#3129=PLANE('',#3130);
#3130=AXIS2_PLACEMENT_3D('',#106,#3131,#3132);
#3131=DIRECTION('',(NaN,NaN,NaN));
#3132=DIRECTION('',(-0.06540339617056365,-0.9978589057423682,2.2156916963326684E-16));
#3133=FACE_BOUND('',#3134,.T.);
#3134=EDGE_LOOP('',(#3135,#3136,#3137));
#3135=ORIENTED_EDGE('',*,*,#3138,.T.);
#3136=ORIENTED_EDGE('',*,*,#3139,.T.);
#3137=ORIENTED_EDGE('',*,*,#3140,.T.);
#3138=EDGE_CURVE('',#107,#109,#3141,.F.);
#3139=EDGE_CURVE('',#109,#109,#3142,.T.);
#3140=EDGE_CURVE('',#109,#107,#3143,.T.);
#3141=LINE('',#106,#3144);
#3142=LINE('',#108,#3145);
#3143=LINE('',#108,#3146);
#3144=VECTOR('',#3147,1.0);
#3145=VECTOR('',#3148,1.0);
#3146=VECTOR('',#3149,1.0);
#3147=DIRECTION('',(-0.06540339617056365,-0.9978589057423682,2.2156916963326684E-16));
#3148=DIRECTION('',(NaN,NaN,NaN));
#3149=DIRECTION('',(0.06540339617056365,0.9978589057423682,-2.2156916963326684E-16));
#3150=FACE_SURFACE('',(#3155),#3151,.T.);
#3151=PLANE('',#3152);
#3152=AXIS2_PLACEMENT_3D('',#108,#3153,#3154);
#3153=DIRECTION('',(NaN,NaN,NaN));
#3154=DIRECTION('',(0.06540339617056368,-0.997858905742368,2.2156916963326694E-16));
#3155=FACE_BOUND('',#3156,.T.);
#3156=EDGE_LOOP('',(#3157,#3158,#3159));
#3157=ORIENTED_EDGE('',*,*,#3160,.T.);
#3158=ORIENTED_EDGE('',*,*,#3161,.T.);
#3159=ORIENTED_EDGE('',*,*,#3162,.T.);
#3160=EDGE_CURVE('',#109,#111,#3163,.F.);
#3161=EDGE_CURVE('',#111,#111,#3164,.T.);
#3162=EDGE_CURVE('',#111,#109,#3165,.T.);
#3163=LINE('',#108,#3166);
#3164=LINE('',#110,#3167);
#3165=LINE('',#110,#3168);
#3166=VECTOR('',#3169,1.0);
#3167=VECTOR('',#3170,1.0);
#3168=VECTOR('',#3171,1.0);
#3169=DIRECTION('',(0.06540339617056368,-0.997858905742368,2.2156916963326694E-16));
#3170=DIRECTION('',(NaN,NaN,NaN));
#3171=DIRECTION('',(-0.06540339617056368,0.997858905742368,-2.2156916963326694E-16));
#3172=FACE_SURFACE('',(#3177),#3173,.T.);
#3173=PLANE('',#3174);
#3174=AXIS2_PLACEMENT_3D('',#110,#3175,#3176);
#3175=DIRECTION('',(NaN,NaN,NaN));
#3176=DIRECTION('',(0.19508987653188684,-0.9807853690154503,2.1777811242670472E-16));
#3177=FACE_BOUND('',#3178,.T.);
#3178=EDGE_LOOP('',(#3179,#3180,#3181));
#3179=ORIENTED_EDGE('',*,*,#3182,.T.);
#3180=ORIENTED_EDGE('',*,*,#3183,.T.);
#3181=ORIENTED_EDGE('',*,*,#3184,.T.);
#3182=EDGE_CURVE('',#111,#113,#3185,.F.);
#3183=EDGE_CURVE('',#113,#113,#3186,.T.);
#3184=EDGE_CURVE('',#113,#111,#3187,.T.);
#3185=LINE('',#110,#3188);
#3186=LINE('',#112,#3189);
#3187=LINE('',#112,#3190);
#3188=VECTOR('',#3191,1.0);
#3189=VECTOR('',#3192,1.0);
#3190=VECTOR('',#3193,1.0);
#3191=DIRECTION('',(0.19508987653188684,-0.9807853690154503,2.1777811242670472E-16));
#3192=DIRECTION('',(NaN,NaN,NaN));
#3193=DIRECTION('',(-0.19508987653188684,0.9807853690154503,-2.1777811242670472E-16));
#3194=FACE_SURFACE('',(#3199),#3195,.T.);
#3195=PLANE('',#3196);
#3196=AXIS2_PLACEMENT_3D('',#112,#3197,#3198);
#3197=DIRECTION('',(NaN,NaN,NaN));
#3198=DIRECTION('',(0.32143955429703697,-0.9469300992857509,2.102607071401097E-16));
#3199=FACE_BOUND('',#3200,.T.);
#3200=EDGE_LOOP('',(#3201,#3202,#3203));
#3201=ORIENTED_EDGE('',*,*,#3204,.T.);
#3202=ORIENTED_EDGE('',*,*,#3205,.T.);
#3203=ORIENTED_EDGE('',*,*,#3206,.T.);
#3204=EDGE_CURVE('',#113,#115,#3207,.F.);
#3205=EDGE_CURVE('',#115,#115,#3208,.T.);
#3206=EDGE_CURVE('',#115,#113,#3209,.T.);
#3207=LINE('',#112,#3210);
#3208=LINE('',#114,#3211);
#3209=LINE('',#114,#3212);
#3210=VECTOR('',#3213,1.0);
#3211=VECTOR('',#3214,1.0);
#3212=VECTOR('',#3215,1.0);
#3213=DIRECTION('',(0.32143955429703697,-0.9469300992857509,2.102607071401097E-16));
#3214=DIRECTION('',(NaN,NaN,NaN));
#3215=DIRECTION('',(-0.32143955429703697,0.9469300992857509,-2.102607071401097E-16));
#3216=FACE_SURFACE('',(#3221),#3217,.T.);
#3217=PLANE('',#3218);
#3218=AXIS2_PLACEMENT_3D('',#114,#3219,#3220);
#3219=DIRECTION('',(NaN,NaN,NaN));
#3220=DIRECTION('',(0.4422889895149352,-0.8968725939362053,1.9914573765187243E-16));
#3221=FACE_BOUND('',#3222,.T.);
#3222=EDGE_LOOP('',(#3223,#3224,#3225));
#3223=ORIENTED_EDGE('',*,*,#3226,.T.);
#3224=ORIENTED_EDGE('',*,*,#3227,.T.);
#3225=ORIENTED_EDGE('',*,*,#3228,.T.);
#3226=EDGE_CURVE('',#115,#117,#3229,.F.);
#3227=EDGE_CURVE('',#117,#117,#3230,.T.);
#3228=EDGE_CURVE('',#117,#115,#3231,.T.);
#3229=LINE('',#114,#3232);
#3230=LINE('',#116,#3233);
#3231=LINE('',#116,#3234);
#3232=VECTOR('',#3235,1.0);
#3233=VECTOR('',#3236,1.0);
#3234=VECTOR('',#3237,1.0);
#3235=DIRECTION('',(0.4422889895149352,-0.8968725939362053,1.9914573765187243E-16));
#3236=DIRECTION('',(NaN,NaN,NaN));
#3237=DIRECTION('',(-0.4422889895149352,0.8968725939362053,-1.9914573765187243E-16));
#3238=FACE_SURFACE('',(#3243),#3239,.T.);
#3239=PLANE('',#3240);
#3240=AXIS2_PLACEMENT_3D('',#116,#3241,#3242);
#3241=DIRECTION('',(NaN,NaN,NaN));
#3242=DIRECTION('',(0.5555701547531393,-0.8314696645985185,1.8462335318292632E-16));
#3243=FACE_BOUND('',#3244,.T.);
#3244=EDGE_LOOP('',(#3245,#3246,#3247));
#3245=ORIENTED_EDGE('',*,*,#3248,.T.);
#3246=ORIENTED_EDGE('',*,*,#3249,.T.);
#3247=ORIENTED_EDGE('',*,*,#3250,.T.);
#3248=EDGE_CURVE('',#117,#119,#3251,.F.);
#3249=EDGE_CURVE('',#119,#119,#3252,.T.);
#3250=EDGE_CURVE('',#119,#117,#3253,.T.);
#3251=LINE('',#116,#3254);
#3252=LINE('',#118,#3255);
#3253=LINE('',#118,#3256);
#3254=VECTOR('',#3257,1.0);
#3255=VECTOR('',#3258,1.0);
#3256=VECTOR('',#3259,1.0);
#3257=DIRECTION('',(0.5555701547531393,-0.8314696645985185,1.8462335318292632E-16));
#3258=DIRECTION('',(NaN,NaN,NaN));
#3259=DIRECTION('',(-0.5555701547531393,0.8314696645985185,-1.8462335318292632E-16));
#3260=FACE_SURFACE('',(#3265),#3261,.T.);
#3261=PLANE('',#3262);
#3262=AXIS2_PLACEMENT_3D('',#118,#3263,#3264);
#3263=DIRECTION('',(NaN,NaN,NaN));
#3264=DIRECTION('',(0.6593459860784998,-0.7518396575348835,1.6694200717720077E-16));
#3265=FACE_BOUND('',#3266,.T.);
#3266=EDGE_LOOP('',(#3267,#3268,#3269));
#3267=ORIENTED_EDGE('',*,*,#3270,.T.);
#3268=ORIENTED_EDGE('',*,*,#3271,.T.);
#3269=ORIENTED_EDGE('',*,*,#3272,.T.);
#3270=EDGE_CURVE('',#119,#121,#3273,.F.);
#3271=EDGE_CURVE('',#121,#121,#3274,.T.);
#3272=EDGE_CURVE('',#121,#119,#3275,.T.);
#3273=LINE('',#118,#3276);
#3274=LINE('',#120,#3277);
#3275=LINE('',#120,#3278);
#3276=VECTOR('',#3279,1.0);
#3277=VECTOR('',#3280,1.0);
#3278=VECTOR('',#3281,1.0);
#3279=DIRECTION('',(0.6593459860784998,-0.7518396575348835,1.6694200717720077E-16));
#3280=DIRECTION('',(NaN,NaN,NaN));
#3281=DIRECTION('',(-0.6593459860784998,0.7518396575348835,-1.6694200717720077E-16));
#3282=FACE_SURFACE('',(#3287),#3283,.T.);
#3283=PLANE('',#3284);
#3284=AXIS2_PLACEMENT_3D('',#120,#3285,#3286);
#3285=DIRECTION('',(NaN,NaN,NaN));
#3286=DIRECTION('',(0.7518396575348835,-0.6593459860784998,1.4640415153480893E-16));
#3287=FACE_BOUND('',#3288,.T.);
#3288=EDGE_LOOP('',(#3289,#3290,#3291));
#3289=ORIENTED_EDGE('',*,*,#3292,.T.);
#3290=ORIENTED_EDGE('',*,*,#3293,.T.);
#3291=ORIENTED_EDGE('',*,*,#3294,.T.);
#3292=EDGE_CURVE('',#121,#123,#3295,.F.);
#3293=EDGE_CURVE('',#123,#123,#3296,.T.);
#3294=EDGE_CURVE('',#123,#121,#3297,.T.);
#3295=LINE('',#120,#3298);
#3296=LINE('',#122,#3299);
#3297=LINE('',#122,#3300);
#3298=VECTOR('',#3301,1.0);
#3299=VECTOR('',#3302,1.0);
#3300=VECTOR('',#3303,1.0);
#3301=DIRECTION('',(0.7518396575348835,-0.6593459860784998,1.4640415153480893E-16));
#3302=DIRECTION('',(NaN,NaN,NaN));
#3303=DIRECTION('',(-0.7518396575348835,0.6593459860784998,-1.4640415153480893E-16));
#3304=FACE_SURFACE('',(#3309),#3305,.T.);
#3305=PLANE('',#3306);
#3306=AXIS2_PLACEMENT_3D('',#122,#3307,#3308);
#3307=DIRECTION('',(NaN,NaN,NaN));
#3308=DIRECTION('',(0.8314696645985185,-0.5555701547531393,1.233614229731908E-16));
#3309=FACE_BOUND('',#3310,.T.);
#3310=EDGE_LOOP('',(#3311,#3312,#3313));
#3311=ORIENTED_EDGE('',*,*,#3314,.T.);
#3312=ORIENTED_EDGE('',*,*,#3315,.T.);
#3313=ORIENTED_EDGE('',*,*,#3316,.T.);
#3314=EDGE_CURVE('',#123,#125,#3317,.F.);
#3315=EDGE_CURVE('',#125,#125,#3318,.T.);
#3316=EDGE_CURVE('',#125,#123,#3319,.T.);
#3317=LINE('',#122,#3320);
#3318=LINE('',#124,#3321);
#3319=LINE('',#124,#3322);
#3320=VECTOR('',#3323,1.0);
#3321=VECTOR('',#3324,1.0);
#3322=VECTOR('',#3325,1.0);
#3323=DIRECTION('',(0.8314696645985185,-0.5555701547531393,1.233614229731908E-16));
#3324=DIRECTION('',(NaN,NaN,NaN));
#3325=DIRECTION('',(-0.8314696645985185,0.5555701547531393,-1.233614229731908E-16));
#3326=FACE_SURFACE('',(#3331),#3327,.T.);
#3327=PLANE('',#3328);
#3328=AXIS2_PLACEMENT_3D('',#124,#3329,#3330);
#3329=DIRECTION('',(NaN,NaN,NaN));
#3330=DIRECTION('',(0.8968725939362053,-0.4422889895149352,9.820781648665633E-17));
#3331=FACE_BOUND('',#3332,.T.);
#3332=EDGE_LOOP('',(#3333,#3334,#3335));
#3333=ORIENTED_EDGE('',*,*,#3336,.T.);
#3334=ORIENTED_EDGE('',*,*,#3337,.T.);
#3335=ORIENTED_EDGE('',*,*,#3338,.T.);
#3336=EDGE_CURVE('',#125,#127,#3339,.F.);
#3337=EDGE_CURVE('',#127,#127,#3340,.T.);
#3338=EDGE_CURVE('',#127,#125,#3341,.T.);
#3339=LINE('',#124,#3342);
#3340=LINE('',#126,#3343);
#3341=LINE('',#126,#3344);
#3342=VECTOR('',#3345,1.0);
#3343=VECTOR('',#3346,1.0);
#3344=VECTOR('',#3347,1.0);
#3345=DIRECTION('',(0.8968725939362053,-0.4422889895149352,9.820781648665633E-17));
#3346=DIRECTION('',(NaN,NaN,NaN));
#3347=DIRECTION('',(-0.8968725939362053,0.4422889895149352,-9.820781648665633E-17));
#3348=FACE_SURFACE('',(#3353),#3349,.T.);
#3349=PLANE('',#3350);
#3350=AXIS2_PLACEMENT_3D('',#126,#3351,#3352);
#3351=DIRECTION('',(NaN,NaN,NaN));
#3352=DIRECTION('',(0.9469300992857509,-0.32143955429703697,7.137385138828095E-17));
#3353=FACE_BOUND('',#3354,.T.);
#3354=EDGE_LOOP('',(#3355,#3356,#3357));
#3355=ORIENTED_EDGE('',*,*,#3358,.T.);
#3356=ORIENTED_EDGE('',*,*,#3359,.T.);
#3357=ORIENTED_EDGE('',*,*,#3360,.T.);
#3358=EDGE_CURVE('',#127,#129,#3361,.F.);
#3359=EDGE_CURVE('',#129,#129,#3362,.T.);
#3360=EDGE_CURVE('',#129,#127,#3363,.T.);
#3361=LINE('',#126,#3364);
#3362=LINE('',#128,#3365);
#3363=LINE('',#128,#3366);
#3364=VECTOR('',#3367,1.0);
#3365=VECTOR('',#3368,1.0);
#3366=VECTOR('',#3369,1.0);
#3367=DIRECTION('',(0.9469300992857509,-0.32143955429703697,7.137385138828095E-17));
#3368=DIRECTION('',(NaN,NaN,NaN));
#3369=DIRECTION('',(-0.9469300992857509,0.32143955429703697,-7.137385138828095E-17));
#3370=FACE_SURFACE('',(#3375),#3371,.T.);
#3371=PLANE('',#3372);
#3372=AXIS2_PLACEMENT_3D('',#128,#3373,#3374);
#3373=DIRECTION('',(NaN,NaN,NaN));
#3374=DIRECTION('',(0.9807853690154503,-0.19508987653188684,4.331878946518804E-17));
#3375=FACE_BOUND('',#3376,.T.);
#3376=EDGE_LOOP('',(#3377,#3378,#3379));
#3377=ORIENTED_EDGE('',*,*,#3380,.T.);
#3378=ORIENTED_EDGE('',*,*,#3381,.T.);
#3379=ORIENTED_EDGE('',*,*,#3382,.T.);
#3380=EDGE_CURVE('',#129,#131,#3383,.F.);
#3381=EDGE_CURVE('',#131,#131,#3384,.T.);
#3382=EDGE_CURVE('',#131,#129,#3385,.T.);
#3383=LINE('',#128,#3386);
#3384=LINE('',#130,#3387);
#3385=LINE('',#130,#3388);
#3386=VECTOR('',#3389,1.0);
#3387=VECTOR('',#3390,1.0);
#3388=VECTOR('',#3391,1.0);
#3389=DIRECTION('',(0.9807853690154503,-0.19508987653188684,4.331878946518804E-17));
#3390=DIRECTION('',(NaN,NaN,NaN));
#3391=DIRECTION('',(-0.9807853690154503,0.19508987653188684,-4.331878946518804E-17));
#3392=FACE_SURFACE('',(#3397),#3393,.T.);
#3393=PLANE('',#3394);
#3394=AXIS2_PLACEMENT_3D('',#130,#3395,#3396);
#3395=DIRECTION('',(NaN,NaN,NaN));
#3396=DIRECTION('',(0.997858905742368,-0.06540339617056362,1.452233635767784E-17));
#3397=FACE_BOUND('',#3398,.T.);
#3398=EDGE_LOOP('',(#3399,#3400,#3401));
#3399=ORIENTED_EDGE('',*,*,#3402,.T.);
#3400=ORIENTED_EDGE('',*,*,#3403,.T.);
#3401=ORIENTED_EDGE('',*,*,#3404,.T.);
#3402=EDGE_CURVE('',#131,#37,#3405,.F.);
#3403=EDGE_CURVE('',#37,#37,#3406,.T.);
#3404=EDGE_CURVE('',#37,#131,#3407,.T.);
#3405=LINE('',#130,#3408);
#3406=LINE('',#36,#3409);
#3407=LINE('',#36,#3410);
#3408=VECTOR('',#3411,1.0);
#3409=VECTOR('',#3412,1.0);
#3410=VECTOR('',#3413,1.0);
#3411=DIRECTION('',(0.997858905742368,-0.06540339617056362,1.452233635767784E-17));
#3412=DIRECTION('',(NaN,NaN,NaN));
#3413=DIRECTION('',(-0.997858905742368,0.06540339617056362,-1.452233635767784E-17));
#3414=FACE_SURFACE('',(#3419),#3415,.T.);
#3415=PLANE('',#3416);
#3416=AXIS2_PLACEMENT_3D('',#36,#3417,#3418);
#3417=DIRECTION('',(0.06540339617056369,-0.9978589057423681,0));
#3418=DIRECTION('',(0.9978589057423682,0.06540339617056369,-1.4522336357677854E-17));
#3419=FACE_BOUND('',#3420,.T.);
#3420=EDGE_LOOP('',(#3421,#3422,#3423));
#3421=ORIENTED_EDGE('',*,*,#3424,.T.);
#3422=ORIENTED_EDGE('',*,*,#3425,.T.);
#3423=ORIENTED_EDGE('',*,*,#3426,.T.);
#3424=EDGE_CURVE('',#37,#35,#3427,.F.);
#3425=EDGE_CURVE('',#35,#135,#3428,.T.);
#3426=EDGE_CURVE('',#135,#37,#3429,.T.);
#3427=LINE('',#36,#3430);
#3428=LINE('',#34,#3431);
#3429=LINE('',#134,#3432);
#3430=VECTOR('',#3433,1.0);
#3431=VECTOR('',#3434,1.0);
#3432=VECTOR('',#3435,1.0);
#3433=DIRECTION('',(0.9978589057423682,0.06540339617056369,-1.4522336357677854E-17));
#3434=DIRECTION('',(0,0,1));
#3435=DIRECTION('',(-0.037267181038585825,-0.0024426301069221975,-0.999302352031455));
#3436=FACE_SURFACE('',(#3441),#3437,.T.);
#3437=PLANE('',#3438);
#3438=AXIS2_PLACEMENT_3D('',#36,#3439,#3440);
#3439=DIRECTION('',(0.06540339617056369,-0.9978589057423681,0));
#3440=DIRECTION('',(0.037267181038585825,0.0024426301069221975,0.999302352031455));
#3441=FACE_BOUND('',#3442,.T.);
#3442=EDGE_LOOP('',(#3443,#3444,#3445));
#3443=ORIENTED_EDGE('',*,*,#3446,.T.);
#3444=ORIENTED_EDGE('',*,*,#3447,.T.);
#3445=ORIENTED_EDGE('',*,*,#3448,.T.);
#3446=EDGE_CURVE('',#37,#135,#3449,.F.);
#3447=EDGE_CURVE('',#135,#133,#3450,.T.);
#3448=EDGE_CURVE('',#133,#37,#3451,.T.);
#3449=LINE('',#36,#3452);
#3450=LINE('',#134,#3453);
#3451=LINE('',#132,#3454);
#3452=VECTOR('',#3455,1.0);
#3453=VECTOR('',#3456,1.0);
#3454=VECTOR('',#3457,1.0);
#3455=DIRECTION('',(0.037267181038585825,0.0024426301069221975,0.999302352031455));
#3456=DIRECTION('',(-0.9978589057423682,-0.06540339617056369,0));
#3457=DIRECTION('',(0,0,-1));
#3458=FACE_SURFACE('',(#3463),#3459,.T.);
#3459=PLANE('',#3460);
#3460=AXIS2_PLACEMENT_3D('',#34,#3461,#3462);
#3461=DIRECTION('',(0.19508987653188686,-0.9807853690154504,0));
#3462=DIRECTION('',(0.9807853690154503,0.19508987653188684,-4.331878946518804E-17));
#3463=FACE_BOUND('',#3464,.T.);
#3464=EDGE_LOOP('',(#3465,#3466,#3467));
#3465=ORIENTED_EDGE('',*,*,#3468,.T.);
#3466=ORIENTED_EDGE('',*,*,#3469,.T.);
#3467=ORIENTED_EDGE('',*,*,#3470,.T.);
#3468=EDGE_CURVE('',#35,#41,#3471,.F.);
#3469=EDGE_CURVE('',#41,#139,#3472,.T.);
#3470=EDGE_CURVE('',#139,#35,#3473,.T.);
#3471=LINE('',#34,#3474);
#3472=LINE('',#40,#3475);
#3473=LINE('',#138,#3476);
#3474=VECTOR('',#3477,1.0);
#3475=VECTOR('',#3478,1.0);
#3476=VECTOR('',#3479,1.0);
#3477=DIRECTION('',(0.9807853690154503,0.19508987653188684,-4.331878946518804E-17));
#3478=DIRECTION('',(0,0,1));
#3479=DIRECTION('',(-0.036629527271483664,-0.0072860486897236305,-0.9993023522569926));
#3480=FACE_SURFACE('',(#3485),#3481,.T.);
#3481=PLANE('',#3482);
#3482=AXIS2_PLACEMENT_3D('',#34,#3483,#3484);
#3483=DIRECTION('',(0.19508987653188686,-0.9807853690154504,0));
#3484=DIRECTION('',(0.036629527271483664,0.0072860486897236305,0.9993023522569926));
#3485=FACE_BOUND('',#3486,.T.);
#3486=EDGE_LOOP('',(#3487,#3488,#3489));
#3487=ORIENTED_EDGE('',*,*,#3490,.T.);
#3488=ORIENTED_EDGE('',*,*,#3491,.T.);
#3489=ORIENTED_EDGE('',*,*,#3492,.T.);
#3490=EDGE_CURVE('',#35,#139,#3493,.F.);
#3491=EDGE_CURVE('',#139,#135,#3494,.T.);
#3492=EDGE_CURVE('',#135,#35,#3495,.T.);
#3493=LINE('',#34,#3496);
#3494=LINE('',#138,#3497);
#3495=LINE('',#134,#3498);
#3496=VECTOR('',#3499,1.0);
#3497=VECTOR('',#3500,1.0);
#3498=VECTOR('',#3501,1.0);
#3499=DIRECTION('',(0.036629527271483664,0.0072860486897236305,0.9993023522569926));
#3500=DIRECTION('',(-0.9807853690154503,-0.19508987653188684,0));
#3501=DIRECTION('',(0,0,-1));
#3502=FACE_SURFACE('',(#3507),#3503,.T.);
#3503=PLANE('',#3504);
#3504=AXIS2_PLACEMENT_3D('',#40,#3505,#3506);
#3505=DIRECTION('',(0.321439554297037,-0.9469300992857511,0));
#3506=DIRECTION('',(0.9469300992857509,0.32143955429703697,-7.137385138828095E-17));
#3507=FACE_BOUND('',#3508,.T.);
#3508=EDGE_LOOP('',(#3509,#3510,#3511));
#3509=ORIENTED_EDGE('',*,*,#3512,.T.);
#3510=ORIENTED_EDGE('',*,*,#3513,.T.);
#3511=ORIENTED_EDGE('',*,*,#3514,.T.);
#3512=EDGE_CURVE('',#41,#43,#3515,.F.);
#3513=EDGE_CURVE('',#43,#141,#3516,.T.);
#3514=EDGE_CURVE('',#141,#41,#3517,.T.);
#3515=LINE('',#40,#3518);
#3516=LINE('',#42,#3519);
#3517=LINE('',#140,#3520);
#3518=VECTOR('',#3521,1.0);
#3519=VECTOR('',#3522,1.0);
#3520=VECTOR('',#3523,1.0);
#3521=DIRECTION('',(0.9469300992857509,0.32143955429703697,-7.137385138828095E-17));
#3522=DIRECTION('',(0,0,1));
#3523=DIRECTION('',(-0.035365136769058406,-0.012004849998193467,-0.9993023519825351));
#3524=FACE_SURFACE('',(#3529),#3525,.T.);
#3525=PLANE('',#3526);
#3526=AXIS2_PLACEMENT_3D('',#40,#3527,#3528);
#3527=DIRECTION('',(0.321439554297037,-0.9469300992857511,0));
#3528=DIRECTION('',(0.035365136769058406,0.012004849998193467,0.9993023519825351));
#3529=FACE_BOUND('',#3530,.T.);
#3530=EDGE_LOOP('',(#3531,#3532,#3533));
#3531=ORIENTED_EDGE('',*,*,#3534,.T.);
#3532=ORIENTED_EDGE('',*,*,#3535,.T.);
#3533=ORIENTED_EDGE('',*,*,#3536,.T.);
#3534=EDGE_CURVE('',#41,#141,#3537,.F.);
#3535=EDGE_CURVE('',#141,#139,#3538,.T.);
#3536=EDGE_CURVE('',#139,#41,#3539,.T.);
#3537=LINE('',#40,#3540);
#3538=LINE('',#140,#3541);
#3539=LINE('',#138,#3542);
#3540=VECTOR('',#3543,1.0);
#3541=VECTOR('',#3544,1.0);
#3542=VECTOR('',#3545,1.0);
#3543=DIRECTION('',(0.035365136769058406,0.012004849998193467,0.9993023519825351));
#3544=DIRECTION('',(-0.9469300992857509,-0.32143955429703697,0));
#3545=DIRECTION('',(0,0,-1));
#3546=FACE_SURFACE('',(#3551),#3547,.T.);
#3547=PLANE('',#3548);
#3548=AXIS2_PLACEMENT_3D('',#42,#3549,#3550);
#3549=DIRECTION('',(0.4422889895149353,-0.8968725939362054,0));
#3550=DIRECTION('',(0.8968725939362053,0.4422889895149352,-9.820781648665633E-17));
#3551=FACE_BOUND('',#3552,.T.);
#3552=EDGE_LOOP('',(#3553,#3554,#3555));
#3553=ORIENTED_EDGE('',*,*,#3556,.T.);
#3554=ORIENTED_EDGE('',*,*,#3557,.T.);
#3555=ORIENTED_EDGE('',*,*,#3558,.T.);
#3556=EDGE_CURVE('',#43,#45,#3559,.F.);
#3557=EDGE_CURVE('',#45,#143,#3560,.T.);
#3558=EDGE_CURVE('',#143,#43,#3561,.T.);
#3559=LINE('',#42,#3562);
#3560=LINE('',#44,#3563);
#3561=LINE('',#142,#3564);
#3562=VECTOR('',#3565,1.0);
#3563=VECTOR('',#3566,1.0);
#3564=VECTOR('',#3567,1.0);
#3565=DIRECTION('',(0.8968725939362053,0.4422889895149352,-9.820781648665633E-17));
#3566=DIRECTION('',(0,0,1));
#3567=DIRECTION('',(-0.033495633784636936,-0.01651823248913231,-0.9993023518999644));
#3568=FACE_SURFACE('',(#3573),#3569,.T.);
#3569=PLANE('',#3570);
#3570=AXIS2_PLACEMENT_3D('',#42,#3571,#3572);
#3571=DIRECTION('',(0.4422889895149353,-0.8968725939362054,0));
#3572=DIRECTION('',(0.033495633784636936,0.01651823248913231,0.9993023518999644));
#3573=FACE_BOUND('',#3574,.T.);
#3574=EDGE_LOOP('',(#3575,#3576,#3577));
#3575=ORIENTED_EDGE('',*,*,#3578,.T.);
#3576=ORIENTED_EDGE('',*,*,#3579,.T.);
#3577=ORIENTED_EDGE('',*,*,#3580,.T.);
#3578=EDGE_CURVE('',#43,#143,#3581,.F.);
#3579=EDGE_CURVE('',#143,#141,#3582,.T.);
#3580=EDGE_CURVE('',#141,#43,#3583,.T.);
#3581=LINE('',#42,#3584);
#3582=LINE('',#142,#3585);
#3583=LINE('',#140,#3586);
#3584=VECTOR('',#3587,1.0);
#3585=VECTOR('',#3588,1.0);
#3586=VECTOR('',#3589,1.0);
#3587=DIRECTION('',(0.033495633784636936,0.01651823248913231,0.9993023518999644));
#3588=DIRECTION('',(-0.8968725939362053,-0.4422889895149352,0));
#3589=DIRECTION('',(0,0,-1));
#3590=FACE_SURFACE('',(#3595),#3591,.T.);
#3591=PLANE('',#3592);
#3592=AXIS2_PLACEMENT_3D('',#44,#3593,#3594);
#3593=DIRECTION('',(0.5555701547531392,-0.8314696645985185,0));
#3594=DIRECTION('',(0.8314696645985185,0.5555701547531393,-1.233614229731908E-16));
#3595=FACE_BOUND('',#3596,.T.);
#3596=EDGE_LOOP('',(#3597,#3598,#3599));
#3597=ORIENTED_EDGE('',*,*,#3600,.T.);
#3598=ORIENTED_EDGE('',*,*,#3601,.T.);
#3599=ORIENTED_EDGE('',*,*,#3602,.T.);
#3600=EDGE_CURVE('',#45,#47,#3603,.F.);
#3601=EDGE_CURVE('',#47,#145,#3604,.T.);
#3602=EDGE_CURVE('',#145,#45,#3605,.T.);
#3603=LINE('',#44,#3606);
#3604=LINE('',#46,#3607);
#3605=LINE('',#144,#3608);
#3606=VECTOR('',#3609,1.0);
#3607=VECTOR('',#3610,1.0);
#3608=VECTOR('',#3611,1.0);
#3609=DIRECTION('',(0.8314696645985185,0.5555701547531393,-1.233614229731908E-16));
#3610=DIRECTION('',(0,0,1));
#3611=DIRECTION('',(-0.031053015031553555,-0.020748957059019215,-0.9993023521629543));
#3612=FACE_SURFACE('',(#3617),#3613,.T.);
#3613=PLANE('',#3614);
#3614=AXIS2_PLACEMENT_3D('',#44,#3615,#3616);
#3615=DIRECTION('',(0.5555701547531392,-0.8314696645985185,0));
#3616=DIRECTION('',(0.031053015031553555,0.020748957059019215,0.9993023521629543));
#3617=FACE_BOUND('',#3618,.T.);
#3618=EDGE_LOOP('',(#3619,#3620,#3621));
#3619=ORIENTED_EDGE('',*,*,#3622,.T.);
#3620=ORIENTED_EDGE('',*,*,#3623,.T.);
#3621=ORIENTED_EDGE('',*,*,#3624,.T.);
#3622=EDGE_CURVE('',#45,#145,#3625,.F.);
#3623=EDGE_CURVE('',#145,#143,#3626,.T.);
#3624=EDGE_CURVE('',#143,#45,#3627,.T.);
#3625=LINE('',#44,#3628);
#3626=LINE('',#144,#3629);
#3627=LINE('',#142,#3630);
#3628=VECTOR('',#3631,1.0);
#3629=VECTOR('',#3632,1.0);
#3630=VECTOR('',#3633,1.0);
#3631=DIRECTION('',(0.031053015031553555,0.020748957059019215,0.9993023521629543));
#3632=DIRECTION('',(-0.8314696645985185,-0.5555701547531393,0));
#3633=DIRECTION('',(0,0,-1));
#3634=FACE_SURFACE('',(#3639),#3635,.T.);
#3635=PLANE('',#3636);
#3636=AXIS2_PLACEMENT_3D('',#46,#3637,#3638);
#3637=DIRECTION('',(0.6593459860784997,-0.7518396575348834,0));
#3638=DIRECTION('',(0.7518396575348835,0.6593459860784998,-1.4640415153480893E-16));
#3639=FACE_BOUND('',#3640,.T.);
#3640=EDGE_LOOP('',(#3641,#3642,#3643));
#3641=ORIENTED_EDGE('',*,*,#3644,.T.);
#3642=ORIENTED_EDGE('',*,*,#3645,.T.);
#3643=ORIENTED_EDGE('',*,*,#3646,.T.);
#3644=EDGE_CURVE('',#47,#49,#3647,.F.);
#3645=EDGE_CURVE('',#49,#147,#3648,.T.);
#3646=EDGE_CURVE('',#147,#47,#3649,.T.);
#3647=LINE('',#46,#3650);
#3648=LINE('',#48,#3651);
#3649=LINE('',#146,#3652);
#3650=VECTOR('',#3653,1.0);
#3651=VECTOR('',#3654,1.0);
#3652=VECTOR('',#3655,1.0);
#3653=DIRECTION('',(0.7518396575348835,0.6593459860784998,-1.4640415153480893E-16));
#3654=DIRECTION('',(0,0,1));
#3655=DIRECTION('',(-0.028079059726090063,-0.02462468577935708,-0.9993023522714066));
#3656=FACE_SURFACE('',(#3661),#3657,.T.);
#3657=PLANE('',#3658);
#3658=AXIS2_PLACEMENT_3D('',#46,#3659,#3660);
#3659=DIRECTION('',(0.6593459860784997,-0.7518396575348834,0));
#3660=DIRECTION('',(0.028079059726090063,0.02462468577935708,0.9993023522714066));
#3661=FACE_BOUND('',#3662,.T.);
#3662=EDGE_LOOP('',(#3663,#3664,#3665));
#3663=ORIENTED_EDGE('',*,*,#3666,.T.);
#3664=ORIENTED_EDGE('',*,*,#3667,.T.);
#3665=ORIENTED_EDGE('',*,*,#3668,.T.);
#3666=EDGE_CURVE('',#47,#147,#3669,.F.);
#3667=EDGE_CURVE('',#147,#145,#3670,.T.);
#3668=EDGE_CURVE('',#145,#47,#3671,.T.);
#3669=LINE('',#46,#3672);
#3670=LINE('',#146,#3673);
#3671=LINE('',#144,#3674);
#3672=VECTOR('',#3675,1.0);
#3673=VECTOR('',#3676,1.0);
#3674=VECTOR('',#3677,1.0);
#3675=DIRECTION('',(0.028079059726090063,0.02462468577935708,0.9993023522714066));
#3676=DIRECTION('',(-0.7518396575348835,-0.6593459860784998,0));
#3677=DIRECTION('',(0,0,-1));
#3678=FACE_SURFACE('',(#3683),#3679,.T.);
#3679=PLANE('',#3680);
#3680=AXIS2_PLACEMENT_3D('',#48,#3681,#3682);
#3681=DIRECTION('',(0.7518396575348834,-0.6593459860784997,0));
#3682=DIRECTION('',(0.6593459860784998,0.7518396575348835,-1.6694200717720077E-16));
#3683=FACE_BOUND('',#3684,.T.);
#3684=EDGE_LOOP('',(#3685,#3686,#3687));
#3685=ORIENTED_EDGE('',*,*,#3688,.T.);
#3686=ORIENTED_EDGE('',*,*,#3689,.T.);
#3687=ORIENTED_EDGE('',*,*,#3690,.T.);
#3688=EDGE_CURVE('',#49,#51,#3691,.F.);
#3689=EDGE_CURVE('',#51,#149,#3692,.T.);
#3690=EDGE_CURVE('',#149,#49,#3693,.T.);
#3691=LINE('',#48,#3694);
#3692=LINE('',#50,#3695);
#3693=LINE('',#148,#3696);
#3694=VECTOR('',#3697,1.0);
#3695=VECTOR('',#3698,1.0);
#3696=VECTOR('',#3699,1.0);
#3697=DIRECTION('',(0.6593459860784998,0.7518396575348835,-1.6694200717720077E-16));
#3698=DIRECTION('',(0,0,1));
#3699=DIRECTION('',(-0.02462468577935708,-0.028079059726090063,-0.9993023522714066));
#3700=FACE_SURFACE('',(#3705),#3701,.T.);
#3701=PLANE('',#3702);
#3702=AXIS2_PLACEMENT_3D('',#48,#3703,#3704);
#3703=DIRECTION('',(0.7518396575348834,-0.6593459860784997,0));
#3704=DIRECTION('',(0.02462468577935708,0.028079059726090063,0.9993023522714066));
#3705=FACE_BOUND('',#3706,.T.);
#3706=EDGE_LOOP('',(#3707,#3708,#3709));
#3707=ORIENTED_EDGE('',*,*,#3710,.T.);
#3708=ORIENTED_EDGE('',*,*,#3711,.T.);
#3709=ORIENTED_EDGE('',*,*,#3712,.T.);
#3710=EDGE_CURVE('',#49,#149,#3713,.F.);
#3711=EDGE_CURVE('',#149,#147,#3714,.T.);
#3712=EDGE_CURVE('',#147,#49,#3715,.T.);
#3713=LINE('',#48,#3716);
#3714=LINE('',#148,#3717);
#3715=LINE('',#146,#3718);
#3716=VECTOR('',#3719,1.0);
#3717=VECTOR('',#3720,1.0);
#3718=VECTOR('',#3721,1.0);
#3719=DIRECTION('',(0.02462468577935708,0.028079059726090063,0.9993023522714066));
#3720=DIRECTION('',(-0.6593459860784998,-0.7518396575348835,0));
#3721=DIRECTION('',(0,0,-1));
#3722=FACE_SURFACE('',(#3727),#3723,.T.);
#3723=PLANE('',#3724);
#3724=AXIS2_PLACEMENT_3D('',#50,#3725,#3726);
#3725=DIRECTION('',(0.8314696645985185,-0.5555701547531392,0));
#3726=DIRECTION('',(0.5555701547531393,0.8314696645985185,-1.8462335318292632E-16));
#3727=FACE_BOUND('',#3728,.T.);
#3728=EDGE_LOOP('',(#3729,#3730,#3731));
#3729=ORIENTED_EDGE('',*,*,#3732,.T.);
#3730=ORIENTED_EDGE('',*,*,#3733,.T.);
#3731=ORIENTED_EDGE('',*,*,#3734,.T.);
#3732=EDGE_CURVE('',#51,#53,#3735,.F.);
#3733=EDGE_CURVE('',#53,#151,#3736,.T.);
#3734=EDGE_CURVE('',#151,#51,#3737,.T.);
#3735=LINE('',#50,#3738);
#3736=LINE('',#52,#3739);
#3737=LINE('',#150,#3740);
#3738=VECTOR('',#3741,1.0);
#3739=VECTOR('',#3742,1.0);
#3740=VECTOR('',#3743,1.0);
#3741=DIRECTION('',(0.5555701547531393,0.8314696645985185,-1.8462335318292632E-16));
#3742=DIRECTION('',(0,0,1));
#3743=DIRECTION('',(-0.020748957059019215,-0.031053015031553555,-0.9993023521629543));
#3744=FACE_SURFACE('',(#3749),#3745,.T.);
#3745=PLANE('',#3746);
#3746=AXIS2_PLACEMENT_3D('',#50,#3747,#3748);
#3747=DIRECTION('',(0.8314696645985185,-0.5555701547531392,0));
#3748=DIRECTION('',(0.020748957059019215,0.031053015031553555,0.9993023521629543));
#3749=FACE_BOUND('',#3750,.T.);
#3750=EDGE_LOOP('',(#3751,#3752,#3753));
#3751=ORIENTED_EDGE('',*,*,#3754,.T.);
#3752=ORIENTED_EDGE('',*,*,#3755,.T.);
#3753=ORIENTED_EDGE('',*,*,#3756,.T.);
#3754=EDGE_CURVE('',#51,#151,#3757,.F.);
#3755=EDGE_CURVE('',#151,#149,#3758,.T.);
#3756=EDGE_CURVE('',#149,#51,#3759,.T.);
#3757=LINE('',#50,#3760);
#3758=LINE('',#150,#3761);
#3759=LINE('',#148,#3762);
#3760=VECTOR('',#3763,1.0);
#3761=VECTOR('',#3764,1.0);
#3762=VECTOR('',#3765,1.0);
#3763=DIRECTION('',(0.020748957059019215,0.031053015031553555,0.9993023521629543));
#3764=DIRECTION('',(-0.5555701547531393,-0.8314696645985185,0));
#3765=DIRECTION('',(0,0,-1));
#3766=FACE_SURFACE('',(#3771),#3767,.T.);
#3767=PLANE('',#3768);
#3768=AXIS2_PLACEMENT_3D('',#52,#3769,#3770);
#3769=DIRECTION('',(0.8968725939362054,-0.4422889895149353,0));
#3770=DIRECTION('',(0.4422889895149352,0.8968725939362053,-1.9914573765187243E-16));
#3771=FACE_BOUND('',#3772,.T.);
#3772=EDGE_LOOP('',(#3773,#3774,#3775));
#3773=ORIENTED_EDGE('',*,*,#3776,.T.);
#3774=ORIENTED_EDGE('',*,*,#3777,.T.);
#3775=ORIENTED_EDGE('',*,*,#3778,.T.);
#3776=EDGE_CURVE('',#53,#55,#3779,.F.);
#3777=EDGE_CURVE('',#55,#153,#3780,.T.);
#3778=EDGE_CURVE('',#153,#53,#3781,.T.);
#3779=LINE('',#52,#3782);
#3780=LINE('',#54,#3783);
#3781=LINE('',#152,#3784);
#3782=VECTOR('',#3785,1.0);
#3783=VECTOR('',#3786,1.0);
#3784=VECTOR('',#3787,1.0);
#3785=DIRECTION('',(0.4422889895149352,0.8968725939362053,-1.9914573765187243E-16));
#3786=DIRECTION('',(0,0,1));
#3787=DIRECTION('',(-0.01651823248913231,-0.033495633784636936,-0.9993023518999644));
#3788=FACE_SURFACE('',(#3793),#3789,.T.);
#3789=PLANE('',#3790);
#3790=AXIS2_PLACEMENT_3D('',#52,#3791,#3792);
#3791=DIRECTION('',(0.8968725939362054,-0.4422889895149353,0));
#3792=DIRECTION('',(0.01651823248913231,0.033495633784636936,0.9993023518999644));
#3793=FACE_BOUND('',#3794,.T.);
#3794=EDGE_LOOP('',(#3795,#3796,#3797));
#3795=ORIENTED_EDGE('',*,*,#3798,.T.);
#3796=ORIENTED_EDGE('',*,*,#3799,.T.);
#3797=ORIENTED_EDGE('',*,*,#3800,.T.);
#3798=EDGE_CURVE('',#53,#153,#3801,.F.);
#3799=EDGE_CURVE('',#153,#151,#3802,.T.);
#3800=EDGE_CURVE('',#151,#53,#3803,.T.);
#3801=LINE('',#52,#3804);
#3802=LINE('',#152,#3805);
#3803=LINE('',#150,#3806);
#3804=VECTOR('',#3807,1.0);
#3805=VECTOR('',#3808,1.0);
#3806=VECTOR('',#3809,1.0);
#3807=DIRECTION('',(0.01651823248913231,0.033495633784636936,0.9993023518999644));
#3808=DIRECTION('',(-0.4422889895149352,-0.8968725939362053,0));
#3809=DIRECTION('',(0,0,-1));
#3810=FACE_SURFACE('',(#3815),#3811,.T.);
#3811=PLANE('',#3812);
#3812=AXIS2_PLACEMENT_3D('',#54,#3813,#3814);
#3813=DIRECTION('',(0.9469300992857511,-0.321439554297037,0));
#3814=DIRECTION('',(0.32143955429703697,0.9469300992857509,-2.102607071401097E-16));
#3815=FACE_BOUND('',#3816,.T.);
#3816=EDGE_LOOP('',(#3817,#3818,#3819));
#3817=ORIENTED_EDGE('',*,*,#3820,.T.);
#3818=ORIENTED_EDGE('',*,*,#3821,.T.);
#3819=ORIENTED_EDGE('',*,*,#3822,.T.);
#3820=EDGE_CURVE('',#55,#57,#3823,.F.);
#3821=EDGE_CURVE('',#57,#155,#3824,.T.);
#3822=EDGE_CURVE('',#155,#55,#3825,.T.);
#3823=LINE('',#54,#3826);
#3824=LINE('',#56,#3827);
#3825=LINE('',#154,#3828);
#3826=VECTOR('',#3829,1.0);
#3827=VECTOR('',#3830,1.0);
#3828=VECTOR('',#3831,1.0);
#3829=DIRECTION('',(0.32143955429703697,0.9469300992857509,-2.102607071401097E-16));
#3830=DIRECTION('',(0,0,1));
#3831=DIRECTION('',(-0.012004849998193467,-0.035365136769058406,-0.9993023519825351));
#3832=FACE_SURFACE('',(#3837),#3833,.T.);
#3833=PLANE('',#3834);
#3834=AXIS2_PLACEMENT_3D('',#54,#3835,#3836);
#3835=DIRECTION('',(0.9469300992857511,-0.321439554297037,0));
#3836=DIRECTION('',(0.012004849998193467,0.035365136769058406,0.9993023519825351));
#3837=FACE_BOUND('',#3838,.T.);
#3838=EDGE_LOOP('',(#3839,#3840,#3841));
#3839=ORIENTED_EDGE('',*,*,#3842,.T.);
#3840=ORIENTED_EDGE('',*,*,#3843,.T.);
#3841=ORIENTED_EDGE('',*,*,#3844,.T.);
#3842=EDGE_CURVE('',#55,#155,#3845,.F.);
#3843=EDGE_CURVE('',#155,#153,#3846,.T.);
#3844=EDGE_CURVE('',#153,#55,#3847,.T.);
#3845=LINE('',#54,#3848);
#3846=LINE('',#154,#3849);
#3847=LINE('',#152,#3850);
#3848=VECTOR('',#3851,1.0);
#3849=VECTOR('',#3852,1.0);
#3850=VECTOR('',#3853,1.0);
#3851=DIRECTION('',(0.012004849998193467,0.035365136769058406,0.9993023519825351));
#3852=DIRECTION('',(-0.32143955429703697,-0.9469300992857509,0));
#3853=DIRECTION('',(0,0,-1));
#3854=FACE_SURFACE('',(#3859),#3855,.T.);
#3855=PLANE('',#3856);
#3856=AXIS2_PLACEMENT_3D('',#56,#3857,#3858);
#3857=DIRECTION('',(0.9807853690154504,-0.19508987653188686,0));
#3858=DIRECTION('',(0.19508987653188684,0.9807853690154503,-2.1777811242670472E-16));
#3859=FACE_BOUND('',#3860,.T.);
#3860=EDGE_LOOP('',(#3861,#3862,#3863));
#3861=ORIENTED_EDGE('',*,*,#3864,.T.);
#3862=ORIENTED_EDGE('',*,*,#3865,.T.);
#3863=ORIENTED_EDGE('',*,*,#3866,.T.);
#3864=EDGE_CURVE('',#57,#59,#3867,.F.);
#3865=EDGE_CURVE('',#59,#157,#3868,.T.);
#3866=EDGE_CURVE('',#157,#57,#3869,.T.);
#3867=LINE('',#56,#3870);
#3868=LINE('',#58,#3871);
#3869=LINE('',#156,#3872);
#3870=VECTOR('',#3873,1.0);
#3871=VECTOR('',#3874,1.0);
#3872=VECTOR('',#3875,1.0);
#3873=DIRECTION('',(0.19508987653188684,0.9807853690154503,-2.1777811242670472E-16));
#3874=DIRECTION('',(0,0,1));
#3875=DIRECTION('',(-0.0072860486897236305,-0.036629527271483664,-0.9993023522569926));
#3876=FACE_SURFACE('',(#3881),#3877,.T.);
#3877=PLANE('',#3878);
#3878=AXIS2_PLACEMENT_3D('',#56,#3879,#3880);
#3879=DIRECTION('',(0.9807853690154504,-0.19508987653188686,0));
#3880=DIRECTION('',(0.0072860486897236305,0.036629527271483664,0.9993023522569926));
#3881=FACE_BOUND('',#3882,.T.);
#3882=EDGE_LOOP('',(#3883,#3884,#3885));
#3883=ORIENTED_EDGE('',*,*,#3886,.T.);
#3884=ORIENTED_EDGE('',*,*,#3887,.T.);
#3885=ORIENTED_EDGE('',*,*,#3888,.T.);
#3886=EDGE_CURVE('',#57,#157,#3889,.F.);
#3887=EDGE_CURVE('',#157,#155,#3890,.T.);
#3888=EDGE_CURVE('',#155,#57,#3891,.T.);
#3889=LINE('',#56,#3892);
#3890=LINE('',#156,#3893);
#3891=LINE('',#154,#3894);
#3892=VECTOR('',#3895,1.0);
#3893=VECTOR('',#3896,1.0);
#3894=VECTOR('',#3897,1.0);
#3895=DIRECTION('',(0.0072860486897236305,0.036629527271483664,0.9993023522569926));
#3896=DIRECTION('',(-0.19508987653188684,-0.9807853690154503,0));
#3897=DIRECTION('',(0,0,-1));
#3898=FACE_SURFACE('',(#3903),#3899,.T.);
#3899=PLANE('',#3900);
#3900=AXIS2_PLACEMENT_3D('',#58,#3901,#3902);
#3901=DIRECTION('',(0.9978589057423681,-0.06540339617056373,1.4735307600339013E-17));
#3902=DIRECTION('',(0.06540339617056373,0.9978589057423682,-2.2156916963326716E-16));
#3903=FACE_BOUND('',#3904,.T.);
#3904=EDGE_LOOP('',(#3905,#3906,#3907));
#3905=ORIENTED_EDGE('',*,*,#3908,.T.);
#3906=ORIENTED_EDGE('',*,*,#3909,.T.);
#3907=ORIENTED_EDGE('',*,*,#3910,.T.);
#3908=EDGE_CURVE('',#59,#61,#3911,.F.);
#3909=EDGE_CURVE('',#61,#159,#3912,.T.);
#3910=EDGE_CURVE('',#159,#59,#3913,.T.);
#3911=LINE('',#58,#3914);
#3912=LINE('',#60,#3915);
#3913=LINE('',#158,#3916);
#3914=VECTOR('',#3917,1.0);
#3915=VECTOR('',#3918,1.0);
#3916=VECTOR('',#3919,1.0);
#3917=DIRECTION('',(0.06540339617056373,0.9978589057423682,-2.2156916963326716E-16));
#3918=DIRECTION('',(0,2.2204459988316853E-16,1));
#3919=DIRECTION('',(-0.0024426301069221975,-0.03726718103858602,-0.999302352031455));
#3920=FACE_SURFACE('',(#3925),#3921,.T.);
#3921=PLANE('',#3922);
#3922=AXIS2_PLACEMENT_3D('',#58,#3923,#3924);
#3923=DIRECTION('',(0.9978589057423682,-0.06540339617056334,0));
#3924=DIRECTION('',(0.0024426301069221975,0.03726718103858602,0.999302352031455));
#3925=FACE_BOUND('',#3926,.T.);
#3926=EDGE_LOOP('',(#3927,#3928,#3929));
#3927=ORIENTED_EDGE('',*,*,#3930,.T.);
#3928=ORIENTED_EDGE('',*,*,#3931,.T.);
#3929=ORIENTED_EDGE('',*,*,#3932,.T.);
#3930=EDGE_CURVE('',#59,#159,#3933,.F.);
#3931=EDGE_CURVE('',#159,#157,#3934,.T.);
#3932=EDGE_CURVE('',#157,#59,#3935,.T.);
#3933=LINE('',#58,#3936);
#3934=LINE('',#158,#3937);
#3935=LINE('',#156,#3938);
#3936=VECTOR('',#3939,1.0);
#3937=VECTOR('',#3940,1.0);
#3938=VECTOR('',#3941,1.0);
#3939=DIRECTION('',(0.0024426301069221975,0.03726718103858602,0.999302352031455));
#3940=DIRECTION('',(-0.06540339617056334,-0.9978589057423682,0));
#3941=DIRECTION('',(0,0,-1));
#3942=FACE_SURFACE('',(#3947),#3943,.T.);
#3943=PLANE('',#3944);
#3944=AXIS2_PLACEMENT_3D('',#60,#3945,#3946);
#3945=DIRECTION('',(0.9978589057423681,0.0654033961705636,0));
#3946=DIRECTION('',(-0.06540339617056358,0.997858905742368,-2.2156916963326665E-16));
#3947=FACE_BOUND('',#3948,.T.);
#3948=EDGE_LOOP('',(#3949,#3950,#3951));
#3949=ORIENTED_EDGE('',*,*,#3952,.T.);
#3950=ORIENTED_EDGE('',*,*,#3953,.T.);
#3951=ORIENTED_EDGE('',*,*,#3954,.T.);
#3952=EDGE_CURVE('',#61,#63,#3955,.F.);
#3953=EDGE_CURVE('',#63,#161,#3956,.T.);
#3954=EDGE_CURVE('',#161,#61,#3957,.T.);
#3955=LINE('',#60,#3958);
#3956=LINE('',#62,#3959);
#3957=LINE('',#160,#3960);
#3958=VECTOR('',#3961,1.0);
#3959=VECTOR('',#3962,1.0);
#3960=VECTOR('',#3963,1.0);
#3961=DIRECTION('',(-0.06540339617056358,0.997858905742368,-2.2156916963326665E-16));
#3962=DIRECTION('',(0,0,1));
#3963=DIRECTION('',(0.0024426301069221975,-0.03726718103858588,-0.999302352031455));
#3964=FACE_SURFACE('',(#3969),#3965,.T.);
#3965=PLANE('',#3966);
#3966=AXIS2_PLACEMENT_3D('',#60,#3967,#3968);
#3967=DIRECTION('',(0.9978589057423681,0.06540339617056398,-1.4522470933693236E-17));
#3968=DIRECTION('',(-0.0024426301069221975,0.03726718103858588,0.999302352031455));
#3969=FACE_BOUND('',#3970,.T.);
#3970=EDGE_LOOP('',(#3971,#3972,#3973));
#3971=ORIENTED_EDGE('',*,*,#3974,.T.);
#3972=ORIENTED_EDGE('',*,*,#3975,.T.);
#3973=ORIENTED_EDGE('',*,*,#3976,.T.);
#3974=EDGE_CURVE('',#61,#161,#3977,.F.);
#3975=EDGE_CURVE('',#161,#159,#3978,.T.);
#3976=EDGE_CURVE('',#159,#61,#3979,.T.);
#3977=LINE('',#60,#3980);
#3978=LINE('',#160,#3981);
#3979=LINE('',#158,#3982);
#3980=VECTOR('',#3983,1.0);
#3981=VECTOR('',#3984,1.0);
#3982=VECTOR('',#3985,1.0);
#3983=DIRECTION('',(-0.0024426301069221975,0.03726718103858588,0.999302352031455));
#3984=DIRECTION('',(0.06540339617056397,-0.997858905742368,0));
#3985=DIRECTION('',(0,-2.2204459988316853E-16,-1));
#3986=FACE_SURFACE('',(#3991),#3987,.T.);
#3987=PLANE('',#3988);
#3988=AXIS2_PLACEMENT_3D('',#62,#3989,#3990);
#3989=DIRECTION('',(0.9807853690154504,0.19508987653188686,0));
#3990=DIRECTION('',(-0.19508987653188684,0.9807853690154503,-2.1777815036895875E-16));
#3991=FACE_BOUND('',#3992,.T.);
#3992=EDGE_LOOP('',(#3993,#3994,#3995));
#3993=ORIENTED_EDGE('',*,*,#3996,.T.);
#3994=ORIENTED_EDGE('',*,*,#3997,.T.);
#3995=ORIENTED_EDGE('',*,*,#3998,.T.);
#3996=EDGE_CURVE('',#63,#65,#3999,.F.);
#3997=EDGE_CURVE('',#65,#163,#4000,.T.);
#3998=EDGE_CURVE('',#163,#63,#4001,.T.);
#3999=LINE('',#62,#4002);
#4000=LINE('',#64,#4003);
#4001=LINE('',#162,#4004);
#4002=VECTOR('',#4005,1.0);
#4003=VECTOR('',#4006,1.0);
#4004=VECTOR('',#4007,1.0);
#4005=DIRECTION('',(-0.19508987653188684,0.9807853690154503,-2.1777815036895875E-16));
#4006=DIRECTION('',(0,0,1));
#4007=DIRECTION('',(0.0072860486897236305,-0.036629527271483664,-0.9993023522569926));
#4008=FACE_SURFACE('',(#4013),#4009,.T.);
#4009=PLANE('',#4010);
#4010=AXIS2_PLACEMENT_3D('',#62,#4011,#4012);
#4011=DIRECTION('',(0.9807853690154504,0.19508987653188686,-0));
#4012=DIRECTION('',(-0.0072860486897236305,0.036629527271483664,0.9993023522569926));
#4013=FACE_BOUND('',#4014,.T.);
#4014=EDGE_LOOP('',(#4015,#4016,#4017));
#4015=ORIENTED_EDGE('',*,*,#4018,.T.);
#4016=ORIENTED_EDGE('',*,*,#4019,.T.);
#4017=ORIENTED_EDGE('',*,*,#4020,.T.);
#4018=EDGE_CURVE('',#63,#163,#4021,.F.);
#4019=EDGE_CURVE('',#163,#161,#4022,.T.);
#4020=EDGE_CURVE('',#161,#63,#4023,.T.);
#4021=LINE('',#62,#4024);
#4022=LINE('',#162,#4025);
#4023=LINE('',#160,#4026);
#4024=VECTOR('',#4027,1.0);
#4025=VECTOR('',#4028,1.0);
#4026=VECTOR('',#4029,1.0);
#4027=DIRECTION('',(-0.0072860486897236305,0.036629527271483664,0.9993023522569926));
#4028=DIRECTION('',(0.19508987653188684,-0.9807853690154503,0));
#4029=DIRECTION('',(0,0,-1));
#4030=FACE_SURFACE('',(#4035),#4031,.T.);
#4031=PLANE('',#4032);
#4032=AXIS2_PLACEMENT_3D('',#64,#4033,#4034);
#4033=DIRECTION('',(0.9469300992857511,0.321439554297037,0));
#4034=DIRECTION('',(-0.32143955429703697,0.9469300992857509,-2.1026068606108385E-16));
#4035=FACE_BOUND('',#4036,.T.);
#4036=EDGE_LOOP('',(#4037,#4038,#4039));
#4037=ORIENTED_EDGE('',*,*,#4040,.T.);
#4038=ORIENTED_EDGE('',*,*,#4041,.T.);
#4039=ORIENTED_EDGE('',*,*,#4042,.T.);
#4040=EDGE_CURVE('',#65,#67,#4043,.F.);
#4041=EDGE_CURVE('',#67,#165,#4044,.T.);
#4042=EDGE_CURVE('',#165,#65,#4045,.T.);
#4043=LINE('',#64,#4046);
#4044=LINE('',#66,#4047);
#4045=LINE('',#164,#4048);
#4046=VECTOR('',#4049,1.0);
#4047=VECTOR('',#4050,1.0);
#4048=VECTOR('',#4051,1.0);
#4049=DIRECTION('',(-0.32143955429703697,0.9469300992857509,-2.1026068606108385E-16));
#4050=DIRECTION('',(0,0,1));
#4051=DIRECTION('',(0.012004849998193467,-0.035365136769058406,-0.9993023519825351));
#4052=FACE_SURFACE('',(#4057),#4053,.T.);
#4053=PLANE('',#4054);
#4054=AXIS2_PLACEMENT_3D('',#64,#4055,#4056);
#4055=DIRECTION('',(0.9469300992857511,0.321439554297037,-0));
#4056=DIRECTION('',(-0.012004849998193467,0.035365136769058406,0.9993023519825351));
#4057=FACE_BOUND('',#4058,.T.);
#4058=EDGE_LOOP('',(#4059,#4060,#4061));
#4059=ORIENTED_EDGE('',*,*,#4062,.T.);
#4060=ORIENTED_EDGE('',*,*,#4063,.T.);
#4061=ORIENTED_EDGE('',*,*,#4064,.T.);
#4062=EDGE_CURVE('',#65,#165,#4065,.F.);
#4063=EDGE_CURVE('',#165,#163,#4066,.T.);
#4064=EDGE_CURVE('',#163,#65,#4067,.T.);
#4065=LINE('',#64,#4068);
#4066=LINE('',#164,#4069);
#4067=LINE('',#162,#4070);
#4068=VECTOR('',#4071,1.0);
#4069=VECTOR('',#4072,1.0);
#4070=VECTOR('',#4073,1.0);
#4071=DIRECTION('',(-0.012004849998193467,0.035365136769058406,0.9993023519825351));
#4072=DIRECTION('',(0.32143955429703697,-0.9469300992857509,0));
#4073=DIRECTION('',(0,0,-1));
#4074=FACE_SURFACE('',(#4079),#4075,.T.);
#4075=PLANE('',#4076);
#4076=AXIS2_PLACEMENT_3D('',#66,#4077,#4078);
#4077=DIRECTION('',(0.8968725939362054,0.4422889895149353,0));
#4078=DIRECTION('',(-0.4422889895149352,0.8968725939362053,-1.991457882415315E-16));
#4079=FACE_BOUND('',#4080,.T.);
#4080=EDGE_LOOP('',(#4081,#4082,#4083));
#4081=ORIENTED_EDGE('',*,*,#4084,.T.);
#4082=ORIENTED_EDGE('',*,*,#4085,.T.);
#4083=ORIENTED_EDGE('',*,*,#4086,.T.);
#4084=EDGE_CURVE('',#67,#69,#4087,.F.);
#4085=EDGE_CURVE('',#69,#167,#4088,.T.);
#4086=EDGE_CURVE('',#167,#67,#4089,.T.);
#4087=LINE('',#66,#4090);
#4088=LINE('',#68,#4091);
#4089=LINE('',#166,#4092);
#4090=VECTOR('',#4093,1.0);
#4091=VECTOR('',#4094,1.0);
#4092=VECTOR('',#4095,1.0);
#4093=DIRECTION('',(-0.4422889895149352,0.8968725939362053,-1.991457882415315E-16));
#4094=DIRECTION('',(0,0,1));
#4095=DIRECTION('',(0.01651823248913231,-0.033495633784636936,-0.9993023518999644));
#4096=FACE_SURFACE('',(#4101),#4097,.T.);
#4097=PLANE('',#4098);
#4098=AXIS2_PLACEMENT_3D('',#66,#4099,#4100);
#4099=DIRECTION('',(0.8968725939362054,0.4422889895149353,-0));
#4100=DIRECTION('',(-0.01651823248913231,0.033495633784636936,0.9993023518999644));
#4101=FACE_BOUND('',#4102,.T.);
#4102=EDGE_LOOP('',(#4103,#4104,#4105));
#4103=ORIENTED_EDGE('',*,*,#4106,.T.);
#4104=ORIENTED_EDGE('',*,*,#4107,.T.);
#4105=ORIENTED_EDGE('',*,*,#4108,.T.);
#4106=EDGE_CURVE('',#67,#167,#4109,.F.);
#4107=EDGE_CURVE('',#167,#165,#4110,.T.);
#4108=EDGE_CURVE('',#165,#67,#4111,.T.);
#4109=LINE('',#66,#4112);
#4110=LINE('',#166,#4113);
#4111=LINE('',#164,#4114);
#4112=VECTOR('',#4115,1.0);
#4113=VECTOR('',#4116,1.0);
#4114=VECTOR('',#4117,1.0);
#4115=DIRECTION('',(-0.01651823248913231,0.033495633784636936,0.9993023518999644));
#4116=DIRECTION('',(0.4422889895149352,-0.8968725939362053,0));
#4117=DIRECTION('',(0,0,-1));
#4118=FACE_SURFACE('',(#4123),#4119,.T.);
#4119=PLANE('',#4120);
#4120=AXIS2_PLACEMENT_3D('',#68,#4121,#4122);
#4121=DIRECTION('',(0.8314696645985185,0.5555701547531392,0));
#4122=DIRECTION('',(-0.5555701547531393,0.8314696645985185,-1.8462328573003484E-16));
#4123=FACE_BOUND('',#4124,.T.);
#4124=EDGE_LOOP('',(#4125,#4126,#4127));
#4125=ORIENTED_EDGE('',*,*,#4128,.T.);
#4126=ORIENTED_EDGE('',*,*,#4129,.T.);
#4127=ORIENTED_EDGE('',*,*,#4130,.T.);
#4128=EDGE_CURVE('',#69,#71,#4131,.F.);
#4129=EDGE_CURVE('',#71,#169,#4132,.T.);
#4130=EDGE_CURVE('',#169,#69,#4133,.T.);
#4131=LINE('',#68,#4134);
#4132=LINE('',#70,#4135);
#4133=LINE('',#168,#4136);
#4134=VECTOR('',#4137,1.0);
#4135=VECTOR('',#4138,1.0);
#4136=VECTOR('',#4139,1.0);
#4137=DIRECTION('',(-0.5555701547531393,0.8314696645985185,-1.8462328573003484E-16));
#4138=DIRECTION('',(0,0,1));
#4139=DIRECTION('',(0.020748957059019215,-0.031053015031553555,-0.9993023521629543));
#4140=FACE_SURFACE('',(#4145),#4141,.T.);
#4141=PLANE('',#4142);
#4142=AXIS2_PLACEMENT_3D('',#68,#4143,#4144);
#4143=DIRECTION('',(0.8314696645985185,0.5555701547531392,-0));
#4144=DIRECTION('',(-0.020748957059019215,0.031053015031553555,0.9993023521629543));
#4145=FACE_BOUND('',#4146,.T.);
#4146=EDGE_LOOP('',(#4147,#4148,#4149));
#4147=ORIENTED_EDGE('',*,*,#4150,.T.);
#4148=ORIENTED_EDGE('',*,*,#4151,.T.);
#4149=ORIENTED_EDGE('',*,*,#4152,.T.);
#4150=EDGE_CURVE('',#69,#169,#4153,.F.);
#4151=EDGE_CURVE('',#169,#167,#4154,.T.);
#4152=EDGE_CURVE('',#167,#69,#4155,.T.);
#4153=LINE('',#68,#4156);
#4154=LINE('',#168,#4157);
#4155=LINE('',#166,#4158);
#4156=VECTOR('',#4159,1.0);
#4157=VECTOR('',#4160,1.0);
#4158=VECTOR('',#4161,1.0);
#4159=DIRECTION('',(-0.020748957059019215,0.031053015031553555,0.9993023521629543));
#4160=DIRECTION('',(0.5555701547531393,-0.8314696645985185,0));
#4161=DIRECTION('',(0,0,-1));
#4162=FACE_SURFACE('',(#4167),#4163,.T.);
#4163=PLANE('',#4164);
#4164=AXIS2_PLACEMENT_3D('',#70,#4165,#4166);
#4165=DIRECTION('',(0.7518396575348834,0.6593459860784997,0));
#4166=DIRECTION('',(-0.6593459860784998,0.7518396575348835,-1.6694200717720077E-16));
#4167=FACE_BOUND('',#4168,.T.);
#4168=EDGE_LOOP('',(#4169,#4170,#4171));
#4169=ORIENTED_EDGE('',*,*,#4172,.T.);
#4170=ORIENTED_EDGE('',*,*,#4173,.T.);
#4171=ORIENTED_EDGE('',*,*,#4174,.T.);
#4172=EDGE_CURVE('',#71,#73,#4175,.F.);
#4173=EDGE_CURVE('',#73,#171,#4176,.T.);
#4174=EDGE_CURVE('',#171,#71,#4177,.T.);
#4175=LINE('',#70,#4178);
#4176=LINE('',#72,#4179);
#4177=LINE('',#170,#4180);
#4178=VECTOR('',#4181,1.0);
#4179=VECTOR('',#4182,1.0);
#4180=VECTOR('',#4183,1.0);
#4181=DIRECTION('',(-0.6593459860784998,0.7518396575348835,-1.6694200717720077E-16));
#4182=DIRECTION('',(0,0,1));
#4183=DIRECTION('',(0.02462468577935708,-0.028079059726090063,-0.9993023522714066));
#4184=FACE_SURFACE('',(#4189),#4185,.T.);
#4185=PLANE('',#4186);
#4186=AXIS2_PLACEMENT_3D('',#70,#4187,#4188);
#4187=DIRECTION('',(0.7518396575348834,0.6593459860784997,-0));
#4188=DIRECTION('',(-0.02462468577935708,0.028079059726090063,0.9993023522714066));
#4189=FACE_BOUND('',#4190,.T.);
#4190=EDGE_LOOP('',(#4191,#4192,#4193));
#4191=ORIENTED_EDGE('',*,*,#4194,.T.);
#4192=ORIENTED_EDGE('',*,*,#4195,.T.);
#4193=ORIENTED_EDGE('',*,*,#4196,.T.);
#4194=EDGE_CURVE('',#71,#171,#4197,.F.);
#4195=EDGE_CURVE('',#171,#169,#4198,.T.);
#4196=EDGE_CURVE('',#169,#71,#4199,.T.);
#4197=LINE('',#70,#4200);
#4198=LINE('',#170,#4201);
#4199=LINE('',#168,#4202);
#4200=VECTOR('',#4203,1.0);
#4201=VECTOR('',#4204,1.0);
#4202=VECTOR('',#4205,1.0);
#4203=DIRECTION('',(-0.02462468577935708,0.028079059726090063,0.9993023522714066));
#4204=DIRECTION('',(0.6593459860784998,-0.7518396575348835,0));
#4205=DIRECTION('',(0,0,-1));
#4206=FACE_SURFACE('',(#4211),#4207,.T.);
#4207=PLANE('',#4208);
#4208=AXIS2_PLACEMENT_3D('',#72,#4209,#4210);
#4209=DIRECTION('',(0.6593459860784997,0.7518396575348834,0));
#4210=DIRECTION('',(-0.7518396575348835,0.6593459860784998,-1.4640421898770568E-16));
#4211=FACE_BOUND('',#4212,.T.);
#4212=EDGE_LOOP('',(#4213,#4214,#4215));
#4213=ORIENTED_EDGE('',*,*,#4216,.T.);
#4214=ORIENTED_EDGE('',*,*,#4217,.T.);
#4215=ORIENTED_EDGE('',*,*,#4218,.T.);
#4216=EDGE_CURVE('',#73,#75,#4219,.F.);
#4217=EDGE_CURVE('',#75,#173,#4220,.T.);
#4218=EDGE_CURVE('',#173,#73,#4221,.T.);
#4219=LINE('',#72,#4222);
#4220=LINE('',#74,#4223);
#4221=LINE('',#172,#4224);
#4222=VECTOR('',#4225,1.0);
#4223=VECTOR('',#4226,1.0);
#4224=VECTOR('',#4227,1.0);
#4225=DIRECTION('',(-0.7518396575348835,0.6593459860784998,-1.4640421898770568E-16));
#4226=DIRECTION('',(0,0,1));
#4227=DIRECTION('',(0.028079059726090063,-0.02462468577935708,-0.9993023522714066));
#4228=FACE_SURFACE('',(#4233),#4229,.T.);
#4229=PLANE('',#4230);
#4230=AXIS2_PLACEMENT_3D('',#72,#4231,#4232);
#4231=DIRECTION('',(0.6593459860784997,0.7518396575348834,-0));
#4232=DIRECTION('',(-0.028079059726090063,0.02462468577935708,0.9993023522714066));
#4233=FACE_BOUND('',#4234,.T.);
#4234=EDGE_LOOP('',(#4235,#4236,#4237));
#4235=ORIENTED_EDGE('',*,*,#4238,.T.);
#4236=ORIENTED_EDGE('',*,*,#4239,.T.);
#4237=ORIENTED_EDGE('',*,*,#4240,.T.);
#4238=EDGE_CURVE('',#73,#173,#4241,.F.);
#4239=EDGE_CURVE('',#173,#171,#4242,.T.);
#4240=EDGE_CURVE('',#171,#73,#4243,.T.);
#4241=LINE('',#72,#4244);
#4242=LINE('',#172,#4245);
#4243=LINE('',#170,#4246);
#4244=VECTOR('',#4247,1.0);
#4245=VECTOR('',#4248,1.0);
#4246=VECTOR('',#4249,1.0);
#4247=DIRECTION('',(-0.028079059726090063,0.02462468577935708,0.9993023522714066));
#4248=DIRECTION('',(0.7518396575348835,-0.6593459860784998,0));
#4249=DIRECTION('',(0,0,-1));
#4250=FACE_SURFACE('',(#4255),#4251,.T.);
#4251=PLANE('',#4252);
#4252=AXIS2_PLACEMENT_3D('',#74,#4253,#4254);
#4253=DIRECTION('',(0.5555701547531392,0.8314696645985185,0));
#4254=DIRECTION('',(-0.8314696645985185,0.5555701547531393,-1.2336135552029932E-16));
#4255=FACE_BOUND('',#4256,.T.);
#4256=EDGE_LOOP('',(#4257,#4258,#4259));
#4257=ORIENTED_EDGE('',*,*,#4260,.T.);
#4258=ORIENTED_EDGE('',*,*,#4261,.T.);
#4259=ORIENTED_EDGE('',*,*,#4262,.T.);
#4260=EDGE_CURVE('',#75,#77,#4263,.F.);
#4261=EDGE_CURVE('',#77,#175,#4264,.T.);
#4262=EDGE_CURVE('',#175,#75,#4265,.T.);
#4263=LINE('',#74,#4266);
#4264=LINE('',#76,#4267);
#4265=LINE('',#174,#4268);
#4266=VECTOR('',#4269,1.0);
#4267=VECTOR('',#4270,1.0);
#4268=VECTOR('',#4271,1.0);
#4269=DIRECTION('',(-0.8314696645985185,0.5555701547531393,-1.2336135552029932E-16));
#4270=DIRECTION('',(0,0,1));
#4271=DIRECTION('',(0.031053015031553555,-0.020748957059019215,-0.9993023521629543));
#4272=FACE_SURFACE('',(#4277),#4273,.T.);
#4273=PLANE('',#4274);
#4274=AXIS2_PLACEMENT_3D('',#74,#4275,#4276);
#4275=DIRECTION('',(0.5555701547531392,0.8314696645985185,-0));
#4276=DIRECTION('',(-0.031053015031553555,0.020748957059019215,0.9993023521629543));
#4277=FACE_BOUND('',#4278,.T.);
#4278=EDGE_LOOP('',(#4279,#4280,#4281));
#4279=ORIENTED_EDGE('',*,*,#4282,.T.);
#4280=ORIENTED_EDGE('',*,*,#4283,.T.);
#4281=ORIENTED_EDGE('',*,*,#4284,.T.);
#4282=EDGE_CURVE('',#75,#175,#4285,.F.);
#4283=EDGE_CURVE('',#175,#173,#4286,.T.);
#4284=EDGE_CURVE('',#173,#75,#4287,.T.);
#4285=LINE('',#74,#4288);
#4286=LINE('',#174,#4289);
#4287=LINE('',#172,#4290);
#4288=VECTOR('',#4291,1.0);
#4289=VECTOR('',#4292,1.0);
#4290=VECTOR('',#4293,1.0);
#4291=DIRECTION('',(-0.031053015031553555,0.020748957059019215,0.9993023521629543));
#4292=DIRECTION('',(0.8314696645985185,-0.5555701547531393,0));
#4293=DIRECTION('',(0,0,-1));
#4294=FACE_SURFACE('',(#4299),#4295,.T.);
#4295=PLANE('',#4296);
#4296=AXIS2_PLACEMENT_3D('',#76,#4297,#4298);
#4297=DIRECTION('',(0.4422889895149353,0.8968725939362054,0));
#4298=DIRECTION('',(-0.8968725939362053,0.4422889895149352,-9.820774903377757E-17));
#4299=FACE_BOUND('',#4300,.T.);
#4300=EDGE_LOOP('',(#4301,#4302,#4303));
#4301=ORIENTED_EDGE('',*,*,#4304,.T.);
#4302=ORIENTED_EDGE('',*,*,#4305,.T.);
#4303=ORIENTED_EDGE('',*,*,#4306,.T.);
#4304=EDGE_CURVE('',#77,#79,#4307,.F.);
#4305=EDGE_CURVE('',#79,#177,#4308,.T.);
#4306=EDGE_CURVE('',#177,#77,#4309,.T.);
#4307=LINE('',#76,#4310);
#4308=LINE('',#78,#4311);
#4309=LINE('',#176,#4312);
#4310=VECTOR('',#4313,1.0);
#4311=VECTOR('',#4314,1.0);
#4312=VECTOR('',#4315,1.0);
#4313=DIRECTION('',(-0.8968725939362053,0.4422889895149352,-9.820774903377757E-17));
#4314=DIRECTION('',(0,0,1));
#4315=DIRECTION('',(0.033495633784636936,-0.01651823248913231,-0.9993023518999644));
#4316=FACE_SURFACE('',(#4321),#4317,.T.);
#4317=PLANE('',#4318);
#4318=AXIS2_PLACEMENT_3D('',#76,#4319,#4320);
#4319=DIRECTION('',(0.4422889895149353,0.8968725939362054,-0));
#4320=DIRECTION('',(-0.033495633784636936,0.01651823248913231,0.9993023518999644));
#4321=FACE_BOUND('',#4322,.T.);
#4322=EDGE_LOOP('',(#4323,#4324,#4325));
#4323=ORIENTED_EDGE('',*,*,#4326,.T.);
#4324=ORIENTED_EDGE('',*,*,#4327,.T.);
#4325=ORIENTED_EDGE('',*,*,#4328,.T.);
#4326=EDGE_CURVE('',#77,#177,#4329,.F.);
#4327=EDGE_CURVE('',#177,#175,#4330,.T.);
#4328=EDGE_CURVE('',#175,#77,#4331,.T.);
#4329=LINE('',#76,#4332);
#4330=LINE('',#176,#4333);
#4331=LINE('',#174,#4334);
#4332=VECTOR('',#4335,1.0);
#4333=VECTOR('',#4336,1.0);
#4334=VECTOR('',#4337,1.0);
#4335=DIRECTION('',(-0.033495633784636936,0.01651823248913231,0.9993023518999644));
#4336=DIRECTION('',(0.8968725939362053,-0.4422889895149352,0));
#4337=DIRECTION('',(0,0,-1));
#4338=FACE_SURFACE('',(#4343),#4339,.T.);
#4339=PLANE('',#4340);
#4340=AXIS2_PLACEMENT_3D('',#78,#4341,#4342);
#4341=DIRECTION('',(0.321439554297037,0.9469300992857511,0));
#4342=DIRECTION('',(-0.9469300992857509,0.32143955429703697,-7.137391884116372E-17));
#4343=FACE_BOUND('',#4344,.T.);
#4344=EDGE_LOOP('',(#4345,#4346,#4347));
#4345=ORIENTED_EDGE('',*,*,#4348,.T.);
#4346=ORIENTED_EDGE('',*,*,#4349,.T.);
#4347=ORIENTED_EDGE('',*,*,#4350,.T.);
#4348=EDGE_CURVE('',#79,#81,#4351,.F.);
#4349=EDGE_CURVE('',#81,#179,#4352,.T.);
#4350=EDGE_CURVE('',#179,#79,#4353,.T.);
#4351=LINE('',#78,#4354);
#4352=LINE('',#80,#4355);
#4353=LINE('',#178,#4356);
#4354=VECTOR('',#4357,1.0);
#4355=VECTOR('',#4358,1.0);
#4356=VECTOR('',#4359,1.0);
#4357=DIRECTION('',(-0.9469300992857509,0.32143955429703697,-7.137391884116372E-17));
#4358=DIRECTION('',(0,0,1));
#4359=DIRECTION('',(0.035365136769058406,-0.012004849998193467,-0.9993023519825351));
#4360=FACE_SURFACE('',(#4365),#4361,.T.);
#4361=PLANE('',#4362);
#4362=AXIS2_PLACEMENT_3D('',#78,#4363,#4364);
#4363=DIRECTION('',(0.321439554297037,0.9469300992857511,-0));
#4364=DIRECTION('',(-0.035365136769058406,0.012004849998193467,0.9993023519825351));
#4365=FACE_BOUND('',#4366,.T.);
#4366=EDGE_LOOP('',(#4367,#4368,#4369));
#4367=ORIENTED_EDGE('',*,*,#4370,.T.);
#4368=ORIENTED_EDGE('',*,*,#4371,.T.);
#4369=ORIENTED_EDGE('',*,*,#4372,.T.);
#4370=EDGE_CURVE('',#79,#179,#4373,.F.);
#4371=EDGE_CURVE('',#179,#177,#4374,.T.);
#4372=EDGE_CURVE('',#177,#79,#4375,.T.);
#4373=LINE('',#78,#4376);
#4374=LINE('',#178,#4377);
#4375=LINE('',#176,#4378);
#4376=VECTOR('',#4379,1.0);
#4377=VECTOR('',#4380,1.0);
#4378=VECTOR('',#4381,1.0);
#4379=DIRECTION('',(-0.035365136769058406,0.012004849998193467,0.9993023519825351));
#4380=DIRECTION('',(0.9469300992857509,-0.32143955429703697,0));
#4381=DIRECTION('',(0,0,-1));
#4382=FACE_SURFACE('',(#4387),#4383,.T.);
#4383=PLANE('',#4384);
#4384=AXIS2_PLACEMENT_3D('',#80,#4385,#4386);
#4385=DIRECTION('',(0.19508987653188686,0.9807853690154504,0));
#4386=DIRECTION('',(-0.9807853690154503,0.19508987653188684,-4.331878946518804E-17));
#4387=FACE_BOUND('',#4388,.T.);
#4388=EDGE_LOOP('',(#4389,#4390,#4391));
#4389=ORIENTED_EDGE('',*,*,#4392,.T.);
#4390=ORIENTED_EDGE('',*,*,#4393,.T.);
#4391=ORIENTED_EDGE('',*,*,#4394,.T.);
#4392=EDGE_CURVE('',#81,#83,#4395,.F.);
#4393=EDGE_CURVE('',#83,#181,#4396,.T.);
#4394=EDGE_CURVE('',#181,#81,#4397,.T.);
#4395=LINE('',#80,#4398);
#4396=LINE('',#82,#4399);
#4397=LINE('',#180,#4400);
#4398=VECTOR('',#4401,1.0);
#4399=VECTOR('',#4402,1.0);
#4400=VECTOR('',#4403,1.0);
#4401=DIRECTION('',(-0.9807853690154503,0.19508987653188684,-4.331878946518804E-17));
#4402=DIRECTION('',(0,0,1));
#4403=DIRECTION('',(0.036629527271483664,-0.0072860486897236305,-0.9993023522569926));
#4404=FACE_SURFACE('',(#4409),#4405,.T.);
#4405=PLANE('',#4406);
#4406=AXIS2_PLACEMENT_3D('',#80,#4407,#4408);
#4407=DIRECTION('',(0.19508987653188686,0.9807853690154504,-0));
#4408=DIRECTION('',(-0.036629527271483664,0.0072860486897236305,0.9993023522569926));
#4409=FACE_BOUND('',#4410,.T.);
#4410=EDGE_LOOP('',(#4411,#4412,#4413));
#4411=ORIENTED_EDGE('',*,*,#4414,.T.);
#4412=ORIENTED_EDGE('',*,*,#4415,.T.);
#4413=ORIENTED_EDGE('',*,*,#4416,.T.);
#4414=EDGE_CURVE('',#81,#181,#4417,.F.);
#4415=EDGE_CURVE('',#181,#179,#4418,.T.);
#4416=EDGE_CURVE('',#179,#81,#4419,.T.);
#4417=LINE('',#80,#4420);
#4418=LINE('',#180,#4421);
#4419=LINE('',#178,#4422);
#4420=VECTOR('',#4423,1.0);
#4421=VECTOR('',#4424,1.0);
#4422=VECTOR('',#4425,1.0);
#4423=DIRECTION('',(-0.036629527271483664,0.0072860486897236305,0.9993023522569926));
#4424=DIRECTION('',(0.9807853690154503,-0.19508987653188684,0));
#4425=DIRECTION('',(0,0,-1));
#4426=FACE_SURFACE('',(#4431),#4427,.T.);
#4427=PLANE('',#4428);
#4428=AXIS2_PLACEMENT_3D('',#82,#4429,#4430);
#4429=DIRECTION('',(0.06540339617056369,0.9978589057423681,0));
#4430=DIRECTION('',(-0.9978589057423682,0.06540339617056369,-1.452247126344812E-17));
#4431=FACE_BOUND('',#4432,.T.);
#4432=EDGE_LOOP('',(#4433,#4434,#4435));
#4433=ORIENTED_EDGE('',*,*,#4436,.T.);
#4434=ORIENTED_EDGE('',*,*,#4437,.T.);
#4435=ORIENTED_EDGE('',*,*,#4438,.T.);
#4436=EDGE_CURVE('',#83,#85,#4439,.F.);
#4437=EDGE_CURVE('',#85,#183,#4440,.T.);
#4438=EDGE_CURVE('',#183,#83,#4441,.T.);
#4439=LINE('',#82,#4442);
#4440=LINE('',#84,#4443);
#4441=LINE('',#182,#4444);
#4442=VECTOR('',#4445,1.0);
#4443=VECTOR('',#4446,1.0);
#4444=VECTOR('',#4447,1.0);
#4445=DIRECTION('',(-0.9978589057423682,0.06540339617056369,-1.452247126344812E-17));
#4446=DIRECTION('',(0,0,1));
#4447=DIRECTION('',(0.037267181038585825,-0.0024426301069221975,-0.999302352031455));
#4448=FACE_SURFACE('',(#4453),#4449,.T.);
#4449=PLANE('',#4450);
#4450=AXIS2_PLACEMENT_3D('',#82,#4451,#4452);
#4451=DIRECTION('',(0.06540339617056369,0.9978589057423681,-0));
#4452=DIRECTION('',(-0.037267181038585825,0.0024426301069221975,0.999302352031455));
#4453=FACE_BOUND('',#4454,.T.);
#4454=EDGE_LOOP('',(#4455,#4456,#4457));
#4455=ORIENTED_EDGE('',*,*,#4458,.T.);
#4456=ORIENTED_EDGE('',*,*,#4459,.T.);
#4457=ORIENTED_EDGE('',*,*,#4460,.T.);
#4458=EDGE_CURVE('',#83,#183,#4461,.F.);
#4459=EDGE_CURVE('',#183,#181,#4462,.T.);
#4460=EDGE_CURVE('',#181,#83,#4463,.T.);
#4461=LINE('',#82,#4464);
#4462=LINE('',#182,#4465);
#4463=LINE('',#180,#4466);
#4464=VECTOR('',#4467,1.0);
#4465=VECTOR('',#4468,1.0);
#4466=VECTOR('',#4469,1.0);
#4467=DIRECTION('',(-0.037267181038585825,0.0024426301069221975,0.999302352031455));
#4468=DIRECTION('',(0.9978589057423682,-0.06540339617056369,0));
#4469=DIRECTION('',(0,0,-1));
#4470=FACE_SURFACE('',(#4475),#4471,.T.);
#4471=PLANE('',#4472);
#4472=AXIS2_PLACEMENT_3D('',#84,#4473,#4474);
#4473=DIRECTION('',(-0.06540339617056364,0.9978589057423681,0));
#4474=DIRECTION('',(-0.997858905742368,-0.06540339617056362,1.4522471263448105E-17));
#4475=FACE_BOUND('',#4476,.T.);
#4476=EDGE_LOOP('',(#4477,#4478,#4479));
#4477=ORIENTED_EDGE('',*,*,#4480,.T.);
#4478=ORIENTED_EDGE('',*,*,#4481,.T.);
#4479=ORIENTED_EDGE('',*,*,#4482,.T.);
#4480=EDGE_CURVE('',#85,#87,#4483,.F.);
#4481=EDGE_CURVE('',#87,#185,#4484,.T.);
#4482=EDGE_CURVE('',#185,#85,#4485,.T.);
#4483=LINE('',#84,#4486);
#4484=LINE('',#86,#4487);
#4485=LINE('',#184,#4488);
#4486=VECTOR('',#4489,1.0);
#4487=VECTOR('',#4490,1.0);
#4488=VECTOR('',#4491,1.0);
#4489=DIRECTION('',(-0.997858905742368,-0.06540339617056362,1.4522471263448105E-17));
#4490=DIRECTION('',(0,0,1));
#4491=DIRECTION('',(0.03726718103858585,0.0024426301069221975,-0.999302352031455));
#4492=FACE_SURFACE('',(#4497),#4493,.T.);
#4493=PLANE('',#4494);
#4494=AXIS2_PLACEMENT_3D('',#84,#4495,#4496);
#4495=DIRECTION('',(-0.06540339617056364,0.9978589057423681,0));
#4496=DIRECTION('',(-0.03726718103858585,-0.0024426301069221975,0.999302352031455));
#4497=FACE_BOUND('',#4498,.T.);
#4498=EDGE_LOOP('',(#4499,#4500,#4501));
#4499=ORIENTED_EDGE('',*,*,#4502,.T.);
#4500=ORIENTED_EDGE('',*,*,#4503,.T.);
#4501=ORIENTED_EDGE('',*,*,#4504,.T.);
#4502=EDGE_CURVE('',#85,#185,#4505,.F.);
#4503=EDGE_CURVE('',#185,#183,#4506,.T.);
#4504=EDGE_CURVE('',#183,#85,#4507,.T.);
#4505=LINE('',#84,#4508);
#4506=LINE('',#184,#4509);
#4507=LINE('',#182,#4510);
#4508=VECTOR('',#4511,1.0);
#4509=VECTOR('',#4512,1.0);
#4510=VECTOR('',#4513,1.0);
#4511=DIRECTION('',(-0.03726718103858585,-0.0024426301069221975,0.999302352031455));
#4512=DIRECTION('',(0.997858905742368,0.06540339617056362,0));
#4513=DIRECTION('',(0,0,-1));
#4514=FACE_SURFACE('',(#4519),#4515,.T.);
#4515=PLANE('',#4516);
#4516=AXIS2_PLACEMENT_3D('',#86,#4517,#4518);
#4517=DIRECTION('',(-0.19508987653188686,0.9807853690154504,0));
#4518=DIRECTION('',(-0.9807853690154503,-0.19508987653188684,4.331878946518804E-17));
#4519=FACE_BOUND('',#4520,.T.);
#4520=EDGE_LOOP('',(#4521,#4522,#4523));
#4521=ORIENTED_EDGE('',*,*,#4524,.T.);
#4522=ORIENTED_EDGE('',*,*,#4525,.T.);
#4523=ORIENTED_EDGE('',*,*,#4526,.T.);
#4524=EDGE_CURVE('',#87,#89,#4527,.F.);
#4525=EDGE_CURVE('',#89,#187,#4528,.T.);
#4526=EDGE_CURVE('',#187,#87,#4529,.T.);
#4527=LINE('',#86,#4530);
#4528=LINE('',#88,#4531);
#4529=LINE('',#186,#4532);
#4530=VECTOR('',#4533,1.0);
#4531=VECTOR('',#4534,1.0);
#4532=VECTOR('',#4535,1.0);
#4533=DIRECTION('',(-0.9807853690154503,-0.19508987653188684,4.331878946518804E-17));
#4534=DIRECTION('',(0,0,1));
#4535=DIRECTION('',(0.036629527271483664,0.0072860486897236305,-0.9993023522569926));
#4536=FACE_SURFACE('',(#4541),#4537,.T.);
#4537=PLANE('',#4538);
#4538=AXIS2_PLACEMENT_3D('',#86,#4539,#4540);
#4539=DIRECTION('',(-0.19508987653188686,0.9807853690154504,0));
#4540=DIRECTION('',(-0.036629527271483664,-0.0072860486897236305,0.9993023522569926));
#4541=FACE_BOUND('',#4542,.T.);
#4542=EDGE_LOOP('',(#4543,#4544,#4545));
#4543=ORIENTED_EDGE('',*,*,#4546,.T.);
#4544=ORIENTED_EDGE('',*,*,#4547,.T.);
#4545=ORIENTED_EDGE('',*,*,#4548,.T.);
#4546=EDGE_CURVE('',#87,#187,#4549,.F.);
#4547=EDGE_CURVE('',#187,#185,#4550,.T.);
#4548=EDGE_CURVE('',#185,#87,#4551,.T.);
#4549=LINE('',#86,#4552);
#4550=LINE('',#186,#4553);
#4551=LINE('',#184,#4554);
#4552=VECTOR('',#4555,1.0);
#4553=VECTOR('',#4556,1.0);
#4554=VECTOR('',#4557,1.0);
#4555=DIRECTION('',(-0.036629527271483664,-0.0072860486897236305,0.9993023522569926));
#4556=DIRECTION('',(0.9807853690154503,0.19508987653188684,0));
#4557=DIRECTION('',(0,0,-1));
#4558=FACE_SURFACE('',(#4563),#4559,.T.);
#4559=PLANE('',#4560);
#4560=AXIS2_PLACEMENT_3D('',#88,#4561,#4562);
#4561=DIRECTION('',(-0.321439554297037,0.9469300992857511,0));
#4562=DIRECTION('',(-0.9469300992857509,-0.32143955429703697,7.137391884116372E-17));
#4563=FACE_BOUND('',#4564,.T.);
#4564=EDGE_LOOP('',(#4565,#4566,#4567));
#4565=ORIENTED_EDGE('',*,*,#4568,.T.);
#4566=ORIENTED_EDGE('',*,*,#4569,.T.);
#4567=ORIENTED_EDGE('',*,*,#4570,.T.);
#4568=EDGE_CURVE('',#89,#91,#4571,.F.);
#4569=EDGE_CURVE('',#91,#189,#4572,.T.);
#4570=EDGE_CURVE('',#189,#89,#4573,.T.);
#4571=LINE('',#88,#4574);
#4572=LINE('',#90,#4575);
#4573=LINE('',#188,#4576);
#4574=VECTOR('',#4577,1.0);
#4575=VECTOR('',#4578,1.0);
#4576=VECTOR('',#4579,1.0);
#4577=DIRECTION('',(-0.9469300992857509,-0.32143955429703697,7.137391884116372E-17));
#4578=DIRECTION('',(0,0,1));
#4579=DIRECTION('',(0.035365136769058406,0.012004849998193467,-0.9993023519825351));
#4580=FACE_SURFACE('',(#4585),#4581,.T.);
#4581=PLANE('',#4582);
#4582=AXIS2_PLACEMENT_3D('',#88,#4583,#4584);
#4583=DIRECTION('',(-0.321439554297037,0.9469300992857511,0));
#4584=DIRECTION('',(-0.035365136769058406,-0.012004849998193467,0.9993023519825351));
#4585=FACE_BOUND('',#4586,.T.);
#4586=EDGE_LOOP('',(#4587,#4588,#4589));
#4587=ORIENTED_EDGE('',*,*,#4590,.T.);
#4588=ORIENTED_EDGE('',*,*,#4591,.T.);
#4589=ORIENTED_EDGE('',*,*,#4592,.T.);
#4590=EDGE_CURVE('',#89,#189,#4593,.F.);
#4591=EDGE_CURVE('',#189,#187,#4594,.T.);
#4592=EDGE_CURVE('',#187,#89,#4595,.T.);
#4593=LINE('',#88,#4596);
#4594=LINE('',#188,#4597);
#4595=LINE('',#186,#4598);
#4596=VECTOR('',#4599,1.0);
#4597=VECTOR('',#4600,1.0);
#4598=VECTOR('',#4601,1.0);
#4599=DIRECTION('',(-0.035365136769058406,-0.012004849998193467,0.9993023519825351));
#4600=DIRECTION('',(0.9469300992857509,0.32143955429703697,0));
#4601=DIRECTION('',(0,0,-1));
#4602=FACE_SURFACE('',(#4607),#4603,.T.);
#4603=PLANE('',#4604);
#4604=AXIS2_PLACEMENT_3D('',#90,#4605,#4606);
#4605=DIRECTION('',(-0.4422889895149353,0.8968725939362054,0));
#4606=DIRECTION('',(-0.8968725939362053,-0.4422889895149352,9.820774903377757E-17));
#4607=FACE_BOUND('',#4608,.T.);
#4608=EDGE_LOOP('',(#4609,#4610,#4611));
#4609=ORIENTED_EDGE('',*,*,#4612,.T.);
#4610=ORIENTED_EDGE('',*,*,#4613,.T.);
#4611=ORIENTED_EDGE('',*,*,#4614,.T.);
#4612=EDGE_CURVE('',#91,#93,#4615,.F.);
#4613=EDGE_CURVE('',#93,#191,#4616,.T.);
#4614=EDGE_CURVE('',#191,#91,#4617,.T.);
#4615=LINE('',#90,#4618);
#4616=LINE('',#92,#4619);
#4617=LINE('',#190,#4620);
#4618=VECTOR('',#4621,1.0);
#4619=VECTOR('',#4622,1.0);
#4620=VECTOR('',#4623,1.0);
#4621=DIRECTION('',(-0.8968725939362053,-0.4422889895149352,9.820774903377757E-17));
#4622=DIRECTION('',(0,0,1));
#4623=DIRECTION('',(0.033495633784636936,0.01651823248913231,-0.9993023518999644));
#4624=FACE_SURFACE('',(#4629),#4625,.T.);
#4625=PLANE('',#4626);
#4626=AXIS2_PLACEMENT_3D('',#90,#4627,#4628);
#4627=DIRECTION('',(-0.4422889895149353,0.8968725939362054,0));
#4628=DIRECTION('',(-0.033495633784636936,-0.01651823248913231,0.9993023518999644));
#4629=FACE_BOUND('',#4630,.T.);
#4630=EDGE_LOOP('',(#4631,#4632,#4633));
#4631=ORIENTED_EDGE('',*,*,#4634,.T.);
#4632=ORIENTED_EDGE('',*,*,#4635,.T.);
#4633=ORIENTED_EDGE('',*,*,#4636,.T.);
#4634=EDGE_CURVE('',#91,#191,#4637,.F.);
#4635=EDGE_CURVE('',#191,#189,#4638,.T.);
#4636=EDGE_CURVE('',#189,#91,#4639,.T.);
#4637=LINE('',#90,#4640);
#4638=LINE('',#190,#4641);
#4639=LINE('',#188,#4642);
#4640=VECTOR('',#4643,1.0);
#4641=VECTOR('',#4644,1.0);
#4642=VECTOR('',#4645,1.0);
#4643=DIRECTION('',(-0.033495633784636936,-0.01651823248913231,0.9993023518999644));
#4644=DIRECTION('',(0.8968725939362053,0.4422889895149352,0));
#4645=DIRECTION('',(0,0,-1));
#4646=FACE_SURFACE('',(#4651),#4647,.T.);
#4647=PLANE('',#4648);
#4648=AXIS2_PLACEMENT_3D('',#92,#4649,#4650);
#4649=DIRECTION('',(-0.5555701547531392,0.8314696645985185,0));
#4650=DIRECTION('',(-0.8314696645985185,-0.5555701547531393,1.2336135552029932E-16));
#4651=FACE_BOUND('',#4652,.T.);
#4652=EDGE_LOOP('',(#4653,#4654,#4655));
#4653=ORIENTED_EDGE('',*,*,#4656,.T.);
#4654=ORIENTED_EDGE('',*,*,#4657,.T.);
#4655=ORIENTED_EDGE('',*,*,#4658,.T.);
#4656=EDGE_CURVE('',#93,#95,#4659,.F.);
#4657=EDGE_CURVE('',#95,#193,#4660,.T.);
#4658=EDGE_CURVE('',#193,#93,#4661,.T.);
#4659=LINE('',#92,#4662);
#4660=LINE('',#94,#4663);
#4661=LINE('',#192,#4664);
#4662=VECTOR('',#4665,1.0);
#4663=VECTOR('',#4666,1.0);
#4664=VECTOR('',#4667,1.0);
#4665=DIRECTION('',(-0.8314696645985185,-0.5555701547531393,1.2336135552029932E-16));
#4666=DIRECTION('',(0,0,1));
#4667=DIRECTION('',(0.031053015031553555,0.020748957059019215,-0.9993023521629543));
#4668=FACE_SURFACE('',(#4673),#4669,.T.);
#4669=PLANE('',#4670);
#4670=AXIS2_PLACEMENT_3D('',#92,#4671,#4672);
#4671=DIRECTION('',(-0.5555701547531392,0.8314696645985185,0));
#4672=DIRECTION('',(-0.031053015031553555,-0.020748957059019215,0.9993023521629543));
#4673=FACE_BOUND('',#4674,.T.);
#4674=EDGE_LOOP('',(#4675,#4676,#4677));
#4675=ORIENTED_EDGE('',*,*,#4678,.T.);
#4676=ORIENTED_EDGE('',*,*,#4679,.T.);
#4677=ORIENTED_EDGE('',*,*,#4680,.T.);
#4678=EDGE_CURVE('',#93,#193,#4681,.F.);
#4679=EDGE_CURVE('',#193,#191,#4682,.T.);
#4680=EDGE_CURVE('',#191,#93,#4683,.T.);
#4681=LINE('',#92,#4684);
#4682=LINE('',#192,#4685);
#4683=LINE('',#190,#4686);
#4684=VECTOR('',#4687,1.0);
#4685=VECTOR('',#4688,1.0);
#4686=VECTOR('',#4689,1.0);
#4687=DIRECTION('',(-0.031053015031553555,-0.020748957059019215,0.9993023521629543));
#4688=DIRECTION('',(0.8314696645985185,0.5555701547531393,0));
#4689=DIRECTION('',(0,0,-1));
#4690=FACE_SURFACE('',(#4695),#4691,.T.);
#4691=PLANE('',#4692);
#4692=AXIS2_PLACEMENT_3D('',#94,#4693,#4694);
#4693=DIRECTION('',(-0.6593459860784997,0.7518396575348834,0));
#4694=DIRECTION('',(-0.7518396575348835,-0.6593459860784998,1.4640421898770568E-16));
#4695=FACE_BOUND('',#4696,.T.);
#4696=EDGE_LOOP('',(#4697,#4698,#4699));
#4697=ORIENTED_EDGE('',*,*,#4700,.T.);
#4698=ORIENTED_EDGE('',*,*,#4701,.T.);
#4699=ORIENTED_EDGE('',*,*,#4702,.T.);
#4700=EDGE_CURVE('',#95,#97,#4703,.F.);
#4701=EDGE_CURVE('',#97,#195,#4704,.T.);
#4702=EDGE_CURVE('',#195,#95,#4705,.T.);
#4703=LINE('',#94,#4706);
#4704=LINE('',#96,#4707);
#4705=LINE('',#194,#4708);
#4706=VECTOR('',#4709,1.0);
#4707=VECTOR('',#4710,1.0);
#4708=VECTOR('',#4711,1.0);
#4709=DIRECTION('',(-0.7518396575348835,-0.6593459860784998,1.4640421898770568E-16));
#4710=DIRECTION('',(0,0,1));
#4711=DIRECTION('',(0.028079059726090063,0.02462468577935708,-0.9993023522714066));
#4712=FACE_SURFACE('',(#4717),#4713,.T.);
#4713=PLANE('',#4714);
#4714=AXIS2_PLACEMENT_3D('',#94,#4715,#4716);
#4715=DIRECTION('',(-0.6593459860784997,0.7518396575348834,0));
#4716=DIRECTION('',(-0.028079059726090063,-0.02462468577935708,0.9993023522714066));
#4717=FACE_BOUND('',#4718,.T.);
#4718=EDGE_LOOP('',(#4719,#4720,#4721));
#4719=ORIENTED_EDGE('',*,*,#4722,.T.);
#4720=ORIENTED_EDGE('',*,*,#4723,.T.);
#4721=ORIENTED_EDGE('',*,*,#4724,.T.);
#4722=EDGE_CURVE('',#95,#195,#4725,.F.);
#4723=EDGE_CURVE('',#195,#193,#4726,.T.);
#4724=EDGE_CURVE('',#193,#95,#4727,.T.);
#4725=LINE('',#94,#4728);
#4726=LINE('',#194,#4729);
#4727=LINE('',#192,#4730);
#4728=VECTOR('',#4731,1.0);
#4729=VECTOR('',#4732,1.0);
#4730=VECTOR('',#4733,1.0);
#4731=DIRECTION('',(-0.028079059726090063,-0.02462468577935708,0.9993023522714066));
#4732=DIRECTION('',(0.7518396575348835,0.6593459860784998,0));
#4733=DIRECTION('',(0,0,-1));
#4734=FACE_SURFACE('',(#4739),#4735,.T.);
#4735=PLANE('',#4736);
#4736=AXIS2_PLACEMENT_3D('',#96,#4737,#4738);
#4737=DIRECTION('',(-0.7518396575348834,0.6593459860784997,0));
#4738=DIRECTION('',(-0.6593459860784998,-0.7518396575348835,1.6694200717720077E-16));
#4739=FACE_BOUND('',#4740,.T.);
#4740=EDGE_LOOP('',(#4741,#4742,#4743));
#4741=ORIENTED_EDGE('',*,*,#4744,.T.);
#4742=ORIENTED_EDGE('',*,*,#4745,.T.);
#4743=ORIENTED_EDGE('',*,*,#4746,.T.);
#4744=EDGE_CURVE('',#97,#99,#4747,.F.);
#4745=EDGE_CURVE('',#99,#197,#4748,.T.);
#4746=EDGE_CURVE('',#197,#97,#4749,.T.);
#4747=LINE('',#96,#4750);
#4748=LINE('',#98,#4751);
#4749=LINE('',#196,#4752);
#4750=VECTOR('',#4753,1.0);
#4751=VECTOR('',#4754,1.0);
#4752=VECTOR('',#4755,1.0);
#4753=DIRECTION('',(-0.6593459860784998,-0.7518396575348835,1.6694200717720077E-16));
#4754=DIRECTION('',(0,0,1));
#4755=DIRECTION('',(0.02462468577935708,0.028079059726090063,-0.9993023522714066));
#4756=FACE_SURFACE('',(#4761),#4757,.T.);
#4757=PLANE('',#4758);
#4758=AXIS2_PLACEMENT_3D('',#96,#4759,#4760);
#4759=DIRECTION('',(-0.7518396575348834,0.6593459860784997,0));
#4760=DIRECTION('',(-0.02462468577935708,-0.028079059726090063,0.9993023522714066));
#4761=FACE_BOUND('',#4762,.T.);
#4762=EDGE_LOOP('',(#4763,#4764,#4765));
#4763=ORIENTED_EDGE('',*,*,#4766,.T.);
#4764=ORIENTED_EDGE('',*,*,#4767,.T.);
#4765=ORIENTED_EDGE('',*,*,#4768,.T.);
#4766=EDGE_CURVE('',#97,#197,#4769,.F.);
#4767=EDGE_CURVE('',#197,#195,#4770,.T.);
#4768=EDGE_CURVE('',#195,#97,#4771,.T.);
#4769=LINE('',#96,#4772);
#4770=LINE('',#196,#4773);
#4771=LINE('',#194,#4774);
#4772=VECTOR('',#4775,1.0);
#4773=VECTOR('',#4776,1.0);
#4774=VECTOR('',#4777,1.0);
#4775=DIRECTION('',(-0.02462468577935708,-0.028079059726090063,0.9993023522714066));
#4776=DIRECTION('',(0.6593459860784998,0.7518396575348835,0));
#4777=DIRECTION('',(0,0,-1));
#4778=FACE_SURFACE('',(#4783),#4779,.T.);
#4779=PLANE('',#4780);
#4780=AXIS2_PLACEMENT_3D('',#98,#4781,#4782);
#4781=DIRECTION('',(-0.8314696645985185,0.5555701547531392,0));
#4782=DIRECTION('',(-0.5555701547531393,-0.8314696645985185,1.8462328573003484E-16));
#4783=FACE_BOUND('',#4784,.T.);
#4784=EDGE_LOOP('',(#4785,#4786,#4787));
#4785=ORIENTED_EDGE('',*,*,#4788,.T.);
#4786=ORIENTED_EDGE('',*,*,#4789,.T.);
#4787=ORIENTED_EDGE('',*,*,#4790,.T.);
#4788=EDGE_CURVE('',#99,#101,#4791,.F.);
#4789=EDGE_CURVE('',#101,#199,#4792,.T.);
#4790=EDGE_CURVE('',#199,#99,#4793,.T.);
#4791=LINE('',#98,#4794);
#4792=LINE('',#100,#4795);
#4793=LINE('',#198,#4796);
#4794=VECTOR('',#4797,1.0);
#4795=VECTOR('',#4798,1.0);
#4796=VECTOR('',#4799,1.0);
#4797=DIRECTION('',(-0.5555701547531393,-0.8314696645985185,1.8462328573003484E-16));
#4798=DIRECTION('',(0,0,1));
#4799=DIRECTION('',(0.020748957059019215,0.031053015031553555,-0.9993023521629543));
#4800=FACE_SURFACE('',(#4805),#4801,.T.);
#4801=PLANE('',#4802);
#4802=AXIS2_PLACEMENT_3D('',#98,#4803,#4804);
#4803=DIRECTION('',(-0.8314696645985185,0.5555701547531392,0));
#4804=DIRECTION('',(-0.020748957059019215,-0.031053015031553555,0.9993023521629543));
#4805=FACE_BOUND('',#4806,.T.);
#4806=EDGE_LOOP('',(#4807,#4808,#4809));
#4807=ORIENTED_EDGE('',*,*,#4810,.T.);
#4808=ORIENTED_EDGE('',*,*,#4811,.T.);
#4809=ORIENTED_EDGE('',*,*,#4812,.T.);
#4810=EDGE_CURVE('',#99,#199,#4813,.F.);
#4811=EDGE_CURVE('',#199,#197,#4814,.T.);
#4812=EDGE_CURVE('',#197,#99,#4815,.T.);
#4813=LINE('',#98,#4816);
#4814=LINE('',#198,#4817);
#4815=LINE('',#196,#4818);
#4816=VECTOR('',#4819,1.0);
#4817=VECTOR('',#4820,1.0);
#4818=VECTOR('',#4821,1.0);
#4819=DIRECTION('',(-0.020748957059019215,-0.031053015031553555,0.9993023521629543));
#4820=DIRECTION('',(0.5555701547531393,0.8314696645985185,0));
#4821=DIRECTION('',(0,0,-1));
#4822=FACE_SURFACE('',(#4827),#4823,.T.);
#4823=PLANE('',#4824);
#4824=AXIS2_PLACEMENT_3D('',#100,#4825,#4826);
#4825=DIRECTION('',(-0.8968725939362054,0.4422889895149353,0));
#4826=DIRECTION('',(-0.4422889895149352,-0.8968725939362053,1.991457882415315E-16));
#4827=FACE_BOUND('',#4828,.T.);
#4828=EDGE_LOOP('',(#4829,#4830,#4831));
#4829=ORIENTED_EDGE('',*,*,#4832,.T.);
#4830=ORIENTED_EDGE('',*,*,#4833,.T.);
#4831=ORIENTED_EDGE('',*,*,#4834,.T.);
#4832=EDGE_CURVE('',#101,#103,#4835,.F.);
#4833=EDGE_CURVE('',#103,#201,#4836,.T.);
#4834=EDGE_CURVE('',#201,#101,#4837,.T.);
#4835=LINE('',#100,#4838);
#4836=LINE('',#102,#4839);
#4837=LINE('',#200,#4840);
#4838=VECTOR('',#4841,1.0);
#4839=VECTOR('',#4842,1.0);
#4840=VECTOR('',#4843,1.0);
#4841=DIRECTION('',(-0.4422889895149352,-0.8968725939362053,1.991457882415315E-16));
#4842=DIRECTION('',(0,0,1));
#4843=DIRECTION('',(0.01651823248913231,0.033495633784636936,-0.9993023518999644));
#4844=FACE_SURFACE('',(#4849),#4845,.T.);
#4845=PLANE('',#4846);
#4846=AXIS2_PLACEMENT_3D('',#100,#4847,#4848);
#4847=DIRECTION('',(-0.8968725939362054,0.4422889895149353,0));
#4848=DIRECTION('',(-0.01651823248913231,-0.033495633784636936,0.9993023518999644));
#4849=FACE_BOUND('',#4850,.T.);
#4850=EDGE_LOOP('',(#4851,#4852,#4853));
#4851=ORIENTED_EDGE('',*,*,#4854,.T.);
#4852=ORIENTED_EDGE('',*,*,#4855,.T.);
#4853=ORIENTED_EDGE('',*,*,#4856,.T.);
#4854=EDGE_CURVE('',#101,#201,#4857,.F.);
#4855=EDGE_CURVE('',#201,#199,#4858,.T.);
#4856=EDGE_CURVE('',#199,#101,#4859,.T.);
#4857=LINE('',#100,#4860);
#4858=LINE('',#200,#4861);
#4859=LINE('',#198,#4862);
#4860=VECTOR('',#4863,1.0);
#4861=VECTOR('',#4864,1.0);
#4862=VECTOR('',#4865,1.0);
#4863=DIRECTION('',(-0.01651823248913231,-0.033495633784636936,0.9993023518999644));
#4864=DIRECTION('',(0.4422889895149352,0.8968725939362053,0));
#4865=DIRECTION('',(0,0,-1));
#4866=FACE_SURFACE('',(#4871),#4867,.T.);
#4867=PLANE('',#4868);
#4868=AXIS2_PLACEMENT_3D('',#102,#4869,#4870);
#4869=DIRECTION('',(-0.9469300992857511,0.321439554297037,0));
#4870=DIRECTION('',(-0.32143955429703697,-0.9469300992857509,2.1026068606108385E-16));
#4871=FACE_BOUND('',#4872,.T.);
#4872=EDGE_LOOP('',(#4873,#4874,#4875));
#4873=ORIENTED_EDGE('',*,*,#4876,.T.);
#4874=ORIENTED_EDGE('',*,*,#4877,.T.);
#4875=ORIENTED_EDGE('',*,*,#4878,.T.);
#4876=EDGE_CURVE('',#103,#105,#4879,.F.);
#4877=EDGE_CURVE('',#105,#203,#4880,.T.);
#4878=EDGE_CURVE('',#203,#103,#4881,.T.);
#4879=LINE('',#102,#4882);
#4880=LINE('',#104,#4883);
#4881=LINE('',#202,#4884);
#4882=VECTOR('',#4885,1.0);
#4883=VECTOR('',#4886,1.0);
#4884=VECTOR('',#4887,1.0);
#4885=DIRECTION('',(-0.32143955429703697,-0.9469300992857509,2.1026068606108385E-16));
#4886=DIRECTION('',(0,0,1));
#4887=DIRECTION('',(0.012004849998193467,0.035365136769058406,-0.9993023519825351));
#4888=FACE_SURFACE('',(#4893),#4889,.T.);
#4889=PLANE('',#4890);
#4890=AXIS2_PLACEMENT_3D('',#102,#4891,#4892);
#4891=DIRECTION('',(-0.9469300992857511,0.321439554297037,0));
#4892=DIRECTION('',(-0.012004849998193467,-0.035365136769058406,0.9993023519825351));
#4893=FACE_BOUND('',#4894,.T.);
#4894=EDGE_LOOP('',(#4895,#4896,#4897));
#4895=ORIENTED_EDGE('',*,*,#4898,.T.);
#4896=ORIENTED_EDGE('',*,*,#4899,.T.);
#4897=ORIENTED_EDGE('',*,*,#4900,.T.);
#4898=EDGE_CURVE('',#103,#203,#4901,.F.);
#4899=EDGE_CURVE('',#203,#201,#4902,.T.);
#4900=EDGE_CURVE('',#201,#103,#4903,.T.);
#4901=LINE('',#102,#4904);
#4902=LINE('',#202,#4905);
#4903=LINE('',#200,#4906);
#4904=VECTOR('',#4907,1.0);
#4905=VECTOR('',#4908,1.0);
#4906=VECTOR('',#4909,1.0);
#4907=DIRECTION('',(-0.012004849998193467,-0.035365136769058406,0.9993023519825351));
#4908=DIRECTION('',(0.32143955429703697,0.9469300992857509,0));
#4909=DIRECTION('',(0,0,-1));
#4910=FACE_SURFACE('',(#4915),#4911,.T.);
#4911=PLANE('',#4912);
#4912=AXIS2_PLACEMENT_3D('',#104,#4913,#4914);
#4913=DIRECTION('',(-0.9807853690154504,0.19508987653188686,0));
#4914=DIRECTION('',(-0.19508987653188684,-0.9807853690154503,2.1777815036895875E-16));
#4915=FACE_BOUND('',#4916,.T.);
#4916=EDGE_LOOP('',(#4917,#4918,#4919));
#4917=ORIENTED_EDGE('',*,*,#4920,.T.);
#4918=ORIENTED_EDGE('',*,*,#4921,.T.);
#4919=ORIENTED_EDGE('',*,*,#4922,.T.);
#4920=EDGE_CURVE('',#105,#107,#4923,.F.);
#4921=EDGE_CURVE('',#107,#205,#4924,.T.);
#4922=EDGE_CURVE('',#205,#105,#4925,.T.);
#4923=LINE('',#104,#4926);
#4924=LINE('',#106,#4927);
#4925=LINE('',#204,#4928);
#4926=VECTOR('',#4929,1.0);
#4927=VECTOR('',#4930,1.0);
#4928=VECTOR('',#4931,1.0);
#4929=DIRECTION('',(-0.19508987653188684,-0.9807853690154503,2.1777815036895875E-16));
#4930=DIRECTION('',(0,0,1));
#4931=DIRECTION('',(0.0072860486897236305,0.036629527271483664,-0.9993023522569926));
#4932=FACE_SURFACE('',(#4937),#4933,.T.);
#4933=PLANE('',#4934);
#4934=AXIS2_PLACEMENT_3D('',#104,#4935,#4936);
#4935=DIRECTION('',(-0.9807853690154504,0.19508987653188686,0));
#4936=DIRECTION('',(-0.0072860486897236305,-0.036629527271483664,0.9993023522569926));
#4937=FACE_BOUND('',#4938,.T.);
#4938=EDGE_LOOP('',(#4939,#4940,#4941));
#4939=ORIENTED_EDGE('',*,*,#4942,.T.);
#4940=ORIENTED_EDGE('',*,*,#4943,.T.);
#4941=ORIENTED_EDGE('',*,*,#4944,.T.);
#4942=EDGE_CURVE('',#105,#205,#4945,.F.);
#4943=EDGE_CURVE('',#205,#203,#4946,.T.);
#4944=EDGE_CURVE('',#203,#105,#4947,.T.);
#4945=LINE('',#104,#4948);
#4946=LINE('',#204,#4949);
#4947=LINE('',#202,#4950);
#4948=VECTOR('',#4951,1.0);
#4949=VECTOR('',#4952,1.0);
#4950=VECTOR('',#4953,1.0);
#4951=DIRECTION('',(-0.0072860486897236305,-0.036629527271483664,0.9993023522569926));
#4952=DIRECTION('',(0.19508987653188684,0.9807853690154503,0));
#4953=DIRECTION('',(0,0,-1));
#4954=FACE_SURFACE('',(#4959),#4955,.T.);
#4955=PLANE('',#4956);
#4956=AXIS2_PLACEMENT_3D('',#106,#4957,#4958);
#4957=DIRECTION('',(-0.9978589057423681,0.06540339617056365,-1.4735307600338994E-17));
#4958=DIRECTION('',(-0.06540339617056365,-0.9978589057423682,2.2156916963326684E-16));
#4959=FACE_BOUND('',#4960,.T.);
#4960=EDGE_LOOP('',(#4961,#4962,#4963));
#4961=ORIENTED_EDGE('',*,*,#4964,.T.);
#4962=ORIENTED_EDGE('',*,*,#4965,.T.);
#4963=ORIENTED_EDGE('',*,*,#4966,.T.);
#4964=EDGE_CURVE('',#107,#109,#4967,.F.);
#4965=EDGE_CURVE('',#109,#207,#4968,.T.);
#4966=EDGE_CURVE('',#207,#107,#4969,.T.);
#4967=LINE('',#106,#4970);
#4968=LINE('',#108,#4971);
#4969=LINE('',#206,#4972);
#4970=VECTOR('',#4973,1.0);
#4971=VECTOR('',#4974,1.0);
#4972=VECTOR('',#4975,1.0);
#4973=DIRECTION('',(-0.06540339617056365,-0.9978589057423682,2.2156916963326684E-16));
#4974=DIRECTION('',(0,2.22044614378524E-16,1));
#4975=DIRECTION('',(0.0024426301069221975,0.037267181038585624,-0.999302352031455));
#4976=FACE_SURFACE('',(#4981),#4977,.T.);
#4977=PLANE('',#4978);
#4978=AXIS2_PLACEMENT_3D('',#106,#4979,#4980);
#4979=DIRECTION('',(-0.9978589057423679,0.06540339617056401,0));
#4980=DIRECTION('',(-0.0024426301069221975,-0.037267181038585624,0.999302352031455));
#4981=FACE_BOUND('',#4982,.T.);
#4982=EDGE_LOOP('',(#4983,#4984,#4985));
#4983=ORIENTED_EDGE('',*,*,#4986,.T.);
#4984=ORIENTED_EDGE('',*,*,#4987,.T.);
#4985=ORIENTED_EDGE('',*,*,#4988,.T.);
#4986=EDGE_CURVE('',#107,#207,#4989,.F.);
#4987=EDGE_CURVE('',#207,#205,#4990,.T.);
#4988=EDGE_CURVE('',#205,#107,#4991,.T.);
#4989=LINE('',#106,#4992);
#4990=LINE('',#206,#4993);
#4991=LINE('',#204,#4994);
#4992=VECTOR('',#4995,1.0);
#4993=VECTOR('',#4996,1.0);
#4994=VECTOR('',#4997,1.0);
#4995=DIRECTION('',(-0.0024426301069221975,-0.037267181038585624,0.999302352031455));
#4996=DIRECTION('',(0.06540339617056404,0.9978589057423681,0));
#4997=DIRECTION('',(0,0,-1));
#4998=FACE_SURFACE('',(#5003),#4999,.T.);
#4999=PLANE('',#5000);
#5000=AXIS2_PLACEMENT_3D('',#108,#5001,#5002);
#5001=DIRECTION('',(-0.9978589057423681,-0.06540339617056368,0));
#5002=DIRECTION('',(0.06540339617056368,-0.997858905742368,2.2156916963326694E-16));
#5003=FACE_BOUND('',#5004,.T.);
#5004=EDGE_LOOP('',(#5005,#5006,#5007));
#5005=ORIENTED_EDGE('',*,*,#5008,.T.);
#5006=ORIENTED_EDGE('',*,*,#5009,.T.);
#5007=ORIENTED_EDGE('',*,*,#5010,.T.);
#5008=EDGE_CURVE('',#109,#111,#5011,.F.);
#5009=EDGE_CURVE('',#111,#209,#5012,.T.);
#5010=EDGE_CURVE('',#209,#109,#5013,.T.);
#5011=LINE('',#108,#5014);
#5012=LINE('',#110,#5015);
#5013=LINE('',#208,#5016);
#5014=VECTOR('',#5017,1.0);
#5015=VECTOR('',#5018,1.0);
#5016=VECTOR('',#5019,1.0);
#5017=DIRECTION('',(0.06540339617056368,-0.997858905742368,2.2156916963326694E-16));
#5018=DIRECTION('',(0,0,1));
#5019=DIRECTION('',(-0.0024426301069221975,0.037267181038585825,-0.999302352031455));
#5020=FACE_SURFACE('',(#5025),#5021,.T.);
#5021=PLANE('',#5022);
#5022=AXIS2_PLACEMENT_3D('',#108,#5023,#5024);
#5023=DIRECTION('',(-0.9978589057423682,-0.06540339617056327,1.452247188173856E-17));
#5024=DIRECTION('',(0.0024426301069221975,-0.037267181038585825,0.999302352031455));
#5025=FACE_BOUND('',#5026,.T.);
#5026=EDGE_LOOP('',(#5027,#5028,#5029));
#5027=ORIENTED_EDGE('',*,*,#5030,.T.);
#5028=ORIENTED_EDGE('',*,*,#5031,.T.);
#5029=ORIENTED_EDGE('',*,*,#5032,.T.);
#5030=EDGE_CURVE('',#109,#209,#5033,.F.);
#5031=EDGE_CURVE('',#209,#207,#5034,.T.);
#5032=EDGE_CURVE('',#207,#109,#5035,.T.);
#5033=LINE('',#108,#5036);
#5034=LINE('',#208,#5037);
#5035=LINE('',#206,#5038);
#5036=VECTOR('',#5039,1.0);
#5037=VECTOR('',#5040,1.0);
#5038=VECTOR('',#5041,1.0);
#5039=DIRECTION('',(0.0024426301069221975,-0.037267181038585825,0.999302352031455));
#5040=DIRECTION('',(-0.06540339617056329,0.997858905742368,0));
#5041=DIRECTION('',(0,-2.22044614378524E-16,-1));
#5042=FACE_SURFACE('',(#5047),#5043,.T.);
#5043=PLANE('',#5044);
#5044=AXIS2_PLACEMENT_3D('',#110,#5045,#5046);
#5045=DIRECTION('',(-0.9807853690154504,-0.19508987653188686,0));
#5046=DIRECTION('',(0.19508987653188684,-0.9807853690154503,2.1777811242670472E-16));
#5047=FACE_BOUND('',#5048,.T.);
#5048=EDGE_LOOP('',(#5049,#5050,#5051));
#5049=ORIENTED_EDGE('',*,*,#5052,.T.);
#5050=ORIENTED_EDGE('',*,*,#5053,.T.);
#5051=ORIENTED_EDGE('',*,*,#5054,.T.);
#5052=EDGE_CURVE('',#111,#113,#5055,.F.);
#5053=EDGE_CURVE('',#113,#211,#5056,.T.);
#5054=EDGE_CURVE('',#211,#111,#5057,.T.);
#5055=LINE('',#110,#5058);
#5056=LINE('',#112,#5059);
#5057=LINE('',#210,#5060);
#5058=VECTOR('',#5061,1.0);
#5059=VECTOR('',#5062,1.0);
#5060=VECTOR('',#5063,1.0);
#5061=DIRECTION('',(0.19508987653188684,-0.9807853690154503,2.1777811242670472E-16));
#5062=DIRECTION('',(0,0,1));
#5063=DIRECTION('',(-0.0072860486897236305,0.036629527271483664,-0.9993023522569926));
#5064=FACE_SURFACE('',(#5069),#5065,.T.);
#5065=PLANE('',#5066);
#5066=AXIS2_PLACEMENT_3D('',#110,#5067,#5068);
#5067=DIRECTION('',(-0.9807853690154504,-0.19508987653188686,0));
#5068=DIRECTION('',(0.0072860486897236305,-0.036629527271483664,0.9993023522569926));
#5069=FACE_BOUND('',#5070,.T.);
#5070=EDGE_LOOP('',(#5071,#5072,#5073));
#5071=ORIENTED_EDGE('',*,*,#5074,.T.);
#5072=ORIENTED_EDGE('',*,*,#5075,.T.);
#5073=ORIENTED_EDGE('',*,*,#5076,.T.);
#5074=EDGE_CURVE('',#111,#211,#5077,.F.);
#5075=EDGE_CURVE('',#211,#209,#5078,.T.);
#5076=EDGE_CURVE('',#209,#111,#5079,.T.);
#5077=LINE('',#110,#5080);
#5078=LINE('',#210,#5081);
#5079=LINE('',#208,#5082);
#5080=VECTOR('',#5083,1.0);
#5081=VECTOR('',#5084,1.0);
#5082=VECTOR('',#5085,1.0);
#5083=DIRECTION('',(0.0072860486897236305,-0.036629527271483664,0.9993023522569926));
#5084=DIRECTION('',(-0.19508987653188684,0.9807853690154503,0));
#5085=DIRECTION('',(0,0,-1));
#5086=FACE_SURFACE('',(#5091),#5087,.T.);
#5087=PLANE('',#5088);
#5088=AXIS2_PLACEMENT_3D('',#112,#5089,#5090);
#5089=DIRECTION('',(-0.9469300992857511,-0.321439554297037,0));
#5090=DIRECTION('',(0.32143955429703697,-0.9469300992857509,2.102607071401097E-16));
#5091=FACE_BOUND('',#5092,.T.);
#5092=EDGE_LOOP('',(#5093,#5094,#5095));
#5093=ORIENTED_EDGE('',*,*,#5096,.T.);
#5094=ORIENTED_EDGE('',*,*,#5097,.T.);
#5095=ORIENTED_EDGE('',*,*,#5098,.T.);
#5096=EDGE_CURVE('',#113,#115,#5099,.F.);
#5097=EDGE_CURVE('',#115,#213,#5100,.T.);
#5098=EDGE_CURVE('',#213,#113,#5101,.T.);
#5099=LINE('',#112,#5102);
#5100=LINE('',#114,#5103);
#5101=LINE('',#212,#5104);
#5102=VECTOR('',#5105,1.0);
#5103=VECTOR('',#5106,1.0);
#5104=VECTOR('',#5107,1.0);
#5105=DIRECTION('',(0.32143955429703697,-0.9469300992857509,2.102607071401097E-16));
#5106=DIRECTION('',(0,0,1));
#5107=DIRECTION('',(-0.012004849998193467,0.035365136769058406,-0.9993023519825351));
#5108=FACE_SURFACE('',(#5113),#5109,.T.);
#5109=PLANE('',#5110);
#5110=AXIS2_PLACEMENT_3D('',#112,#5111,#5112);
#5111=DIRECTION('',(-0.9469300992857511,-0.321439554297037,0));
#5112=DIRECTION('',(0.012004849998193467,-0.035365136769058406,0.9993023519825351));
#5113=FACE_BOUND('',#5114,.T.);
#5114=EDGE_LOOP('',(#5115,#5116,#5117));
#5115=ORIENTED_EDGE('',*,*,#5118,.T.);
#5116=ORIENTED_EDGE('',*,*,#5119,.T.);
#5117=ORIENTED_EDGE('',*,*,#5120,.T.);
#5118=EDGE_CURVE('',#113,#213,#5121,.F.);
#5119=EDGE_CURVE('',#213,#211,#5122,.T.);
#5120=EDGE_CURVE('',#211,#113,#5123,.T.);
#5121=LINE('',#112,#5124);
#5122=LINE('',#212,#5125);
#5123=LINE('',#210,#5126);
#5124=VECTOR('',#5127,1.0);
#5125=VECTOR('',#5128,1.0);
#5126=VECTOR('',#5129,1.0);
#5127=DIRECTION('',(0.012004849998193467,-0.035365136769058406,0.9993023519825351));
#5128=DIRECTION('',(-0.32143955429703697,0.9469300992857509,0));
#5129=DIRECTION('',(0,0,-1));
#5130=FACE_SURFACE('',(#5135),#5131,.T.);
#5131=PLANE('',#5132);
#5132=AXIS2_PLACEMENT_3D('',#114,#5133,#5134);
#5133=DIRECTION('',(-0.8968725939362054,-0.4422889895149353,0));
#5134=DIRECTION('',(0.4422889895149352,-0.8968725939362053,1.9914573765187243E-16));
#5135=FACE_BOUND('',#5136,.T.);
#5136=EDGE_LOOP('',(#5137,#5138,#5139));
#5137=ORIENTED_EDGE('',*,*,#5140,.T.);
#5138=ORIENTED_EDGE('',*,*,#5141,.T.);
#5139=ORIENTED_EDGE('',*,*,#5142,.T.);
#5140=EDGE_CURVE('',#115,#117,#5143,.F.);
#5141=EDGE_CURVE('',#117,#215,#5144,.T.);
#5142=EDGE_CURVE('',#215,#115,#5145,.T.);
#5143=LINE('',#114,#5146);
#5144=LINE('',#116,#5147);
#5145=LINE('',#214,#5148);
#5146=VECTOR('',#5149,1.0);
#5147=VECTOR('',#5150,1.0);
#5148=VECTOR('',#5151,1.0);
#5149=DIRECTION('',(0.4422889895149352,-0.8968725939362053,1.9914573765187243E-16));
#5150=DIRECTION('',(0,0,1));
#5151=DIRECTION('',(-0.01651823248913231,0.033495633784636936,-0.9993023518999644));
#5152=FACE_SURFACE('',(#5157),#5153,.T.);
#5153=PLANE('',#5154);
#5154=AXIS2_PLACEMENT_3D('',#114,#5155,#5156);
#5155=DIRECTION('',(-0.8968725939362054,-0.4422889895149353,0));
#5156=DIRECTION('',(0.01651823248913231,-0.033495633784636936,0.9993023518999644));
#5157=FACE_BOUND('',#5158,.T.);
#5158=EDGE_LOOP('',(#5159,#5160,#5161));
#5159=ORIENTED_EDGE('',*,*,#5162,.T.);
#5160=ORIENTED_EDGE('',*,*,#5163,.T.);
#5161=ORIENTED_EDGE('',*,*,#5164,.T.);
#5162=EDGE_CURVE('',#115,#215,#5165,.F.);
#5163=EDGE_CURVE('',#215,#213,#5166,.T.);
#5164=EDGE_CURVE('',#213,#115,#5167,.T.);
#5165=LINE('',#114,#5168);
#5166=LINE('',#214,#5169);
#5167=LINE('',#212,#5170);
#5168=VECTOR('',#5171,1.0);
#5169=VECTOR('',#5172,1.0);
#5170=VECTOR('',#5173,1.0);
#5171=DIRECTION('',(0.01651823248913231,-0.033495633784636936,0.9993023518999644));
#5172=DIRECTION('',(-0.4422889895149352,0.8968725939362053,0));
#5173=DIRECTION('',(0,0,-1));
#5174=FACE_SURFACE('',(#5179),#5175,.T.);
#5175=PLANE('',#5176);
#5176=AXIS2_PLACEMENT_3D('',#116,#5177,#5178);
#5177=DIRECTION('',(-0.8314696645985185,-0.5555701547531392,0));
#5178=DIRECTION('',(0.5555701547531393,-0.8314696645985185,1.8462335318292632E-16));
#5179=FACE_BOUND('',#5180,.T.);
#5180=EDGE_LOOP('',(#5181,#5182,#5183));
#5181=ORIENTED_EDGE('',*,*,#5184,.T.);
#5182=ORIENTED_EDGE('',*,*,#5185,.T.);
#5183=ORIENTED_EDGE('',*,*,#5186,.T.);
#5184=EDGE_CURVE('',#117,#119,#5187,.F.);
#5185=EDGE_CURVE('',#119,#217,#5188,.T.);
#5186=EDGE_CURVE('',#217,#117,#5189,.T.);
#5187=LINE('',#116,#5190);
#5188=LINE('',#118,#5191);
#5189=LINE('',#216,#5192);
#5190=VECTOR('',#5193,1.0);
#5191=VECTOR('',#5194,1.0);
#5192=VECTOR('',#5195,1.0);
#5193=DIRECTION('',(0.5555701547531393,-0.8314696645985185,1.8462335318292632E-16));
#5194=DIRECTION('',(0,0,1));
#5195=DIRECTION('',(-0.020748957059019215,0.031053015031553555,-0.9993023521629543));
#5196=FACE_SURFACE('',(#5201),#5197,.T.);
#5197=PLANE('',#5198);
#5198=AXIS2_PLACEMENT_3D('',#116,#5199,#5200);
#5199=DIRECTION('',(-0.8314696645985185,-0.5555701547531392,0));
#5200=DIRECTION('',(0.020748957059019215,-0.031053015031553555,0.9993023521629543));
#5201=FACE_BOUND('',#5202,.T.);
#5202=EDGE_LOOP('',(#5203,#5204,#5205));
#5203=ORIENTED_EDGE('',*,*,#5206,.T.);
#5204=ORIENTED_EDGE('',*,*,#5207,.T.);
#5205=ORIENTED_EDGE('',*,*,#5208,.T.);
#5206=EDGE_CURVE('',#117,#217,#5209,.F.);
#5207=EDGE_CURVE('',#217,#215,#5210,.T.);
#5208=EDGE_CURVE('',#215,#117,#5211,.T.);
#5209=LINE('',#116,#5212);
#5210=LINE('',#216,#5213);
#5211=LINE('',#214,#5214);
#5212=VECTOR('',#5215,1.0);
#5213=VECTOR('',#5216,1.0);
#5214=VECTOR('',#5217,1.0);
#5215=DIRECTION('',(0.020748957059019215,-0.031053015031553555,0.9993023521629543));
#5216=DIRECTION('',(-0.5555701547531393,0.8314696645985185,0));
#5217=DIRECTION('',(0,0,-1));
#5218=FACE_SURFACE('',(#5223),#5219,.T.);
#5219=PLANE('',#5220);
#5220=AXIS2_PLACEMENT_3D('',#118,#5221,#5222);
#5221=DIRECTION('',(-0.7518396575348834,-0.6593459860784997,0));
#5222=DIRECTION('',(0.6593459860784998,-0.7518396575348835,1.6694200717720077E-16));
#5223=FACE_BOUND('',#5224,.T.);
#5224=EDGE_LOOP('',(#5225,#5226,#5227));
#5225=ORIENTED_EDGE('',*,*,#5228,.T.);
#5226=ORIENTED_EDGE('',*,*,#5229,.T.);
#5227=ORIENTED_EDGE('',*,*,#5230,.T.);
#5228=EDGE_CURVE('',#119,#121,#5231,.F.);
#5229=EDGE_CURVE('',#121,#219,#5232,.T.);
#5230=EDGE_CURVE('',#219,#119,#5233,.T.);
#5231=LINE('',#118,#5234);
#5232=LINE('',#120,#5235);
#5233=LINE('',#218,#5236);
#5234=VECTOR('',#5237,1.0);
#5235=VECTOR('',#5238,1.0);
#5236=VECTOR('',#5239,1.0);
#5237=DIRECTION('',(0.6593459860784998,-0.7518396575348835,1.6694200717720077E-16));
#5238=DIRECTION('',(0,0,1));
#5239=DIRECTION('',(-0.02462468577935708,0.028079059726090063,-0.9993023522714066));
#5240=FACE_SURFACE('',(#5245),#5241,.T.);
#5241=PLANE('',#5242);
#5242=AXIS2_PLACEMENT_3D('',#118,#5243,#5244);
#5243=DIRECTION('',(-0.7518396575348834,-0.6593459860784997,0));
#5244=DIRECTION('',(0.02462468577935708,-0.028079059726090063,0.9993023522714066));
#5245=FACE_BOUND('',#5246,.T.);
#5246=EDGE_LOOP('',(#5247,#5248,#5249));
#5247=ORIENTED_EDGE('',*,*,#5250,.T.);
#5248=ORIENTED_EDGE('',*,*,#5251,.T.);
#5249=ORIENTED_EDGE('',*,*,#5252,.T.);
#5250=EDGE_CURVE('',#119,#219,#5253,.F.);
#5251=EDGE_CURVE('',#219,#217,#5254,.T.);
#5252=EDGE_CURVE('',#217,#119,#5255,.T.);
#5253=LINE('',#118,#5256);
#5254=LINE('',#218,#5257);
#5255=LINE('',#216,#5258);
#5256=VECTOR('',#5259,1.0);
#5257=VECTOR('',#5260,1.0);
#5258=VECTOR('',#5261,1.0);
#5259=DIRECTION('',(0.02462468577935708,-0.028079059726090063,0.9993023522714066));
#5260=DIRECTION('',(-0.6593459860784998,0.7518396575348835,0));
#5261=DIRECTION('',(0,0,-1));
#5262=FACE_SURFACE('',(#5267),#5263,.T.);
#5263=PLANE('',#5264);
#5264=AXIS2_PLACEMENT_3D('',#120,#5265,#5266);
#5265=DIRECTION('',(-0.6593459860784997,-0.7518396575348834,0));
#5266=DIRECTION('',(0.7518396575348835,-0.6593459860784998,1.4640415153480893E-16));
#5267=FACE_BOUND('',#5268,.T.);
#5268=EDGE_LOOP('',(#5269,#5270,#5271));
#5269=ORIENTED_EDGE('',*,*,#5272,.T.);
#5270=ORIENTED_EDGE('',*,*,#5273,.T.);
#5271=ORIENTED_EDGE('',*,*,#5274,.T.);
#5272=EDGE_CURVE('',#121,#123,#5275,.F.);
#5273=EDGE_CURVE('',#123,#221,#5276,.T.);
#5274=EDGE_CURVE('',#221,#121,#5277,.T.);
#5275=LINE('',#120,#5278);
#5276=LINE('',#122,#5279);
#5277=LINE('',#220,#5280);
#5278=VECTOR('',#5281,1.0);
#5279=VECTOR('',#5282,1.0);
#5280=VECTOR('',#5283,1.0);
#5281=DIRECTION('',(0.7518396575348835,-0.6593459860784998,1.4640415153480893E-16));
#5282=DIRECTION('',(0,0,1));
#5283=DIRECTION('',(-0.028079059726090063,0.02462468577935708,-0.9993023522714066));
#5284=FACE_SURFACE('',(#5289),#5285,.T.);
#5285=PLANE('',#5286);
#5286=AXIS2_PLACEMENT_3D('',#120,#5287,#5288);
#5287=DIRECTION('',(-0.6593459860784997,-0.7518396575348834,0));
#5288=DIRECTION('',(0.028079059726090063,-0.02462468577935708,0.9993023522714066));
#5289=FACE_BOUND('',#5290,.T.);
#5290=EDGE_LOOP('',(#5291,#5292,#5293));
#5291=ORIENTED_EDGE('',*,*,#5294,.T.);
#5292=ORIENTED_EDGE('',*,*,#5295,.T.);
#5293=ORIENTED_EDGE('',*,*,#5296,.T.);
#5294=EDGE_CURVE('',#121,#221,#5297,.F.);
#5295=EDGE_CURVE('',#221,#219,#5298,.T.);
#5296=EDGE_CURVE('',#219,#121,#5299,.T.);
#5297=LINE('',#120,#5300);
#5298=LINE('',#220,#5301);
#5299=LINE('',#218,#5302);
#5300=VECTOR('',#5303,1.0);
#5301=VECTOR('',#5304,1.0);
#5302=VECTOR('',#5305,1.0);
#5303=DIRECTION('',(0.028079059726090063,-0.02462468577935708,0.9993023522714066));
#5304=DIRECTION('',(-0.7518396575348835,0.6593459860784998,0));
#5305=DIRECTION('',(0,0,-1));
#5306=FACE_SURFACE('',(#5311),#5307,.T.);
#5307=PLANE('',#5308);
#5308=AXIS2_PLACEMENT_3D('',#122,#5309,#5310);
#5309=DIRECTION('',(-0.5555701547531392,-0.8314696645985185,0));
#5310=DIRECTION('',(0.8314696645985185,-0.5555701547531393,1.233614229731908E-16));
#5311=FACE_BOUND('',#5312,.T.);
#5312=EDGE_LOOP('',(#5313,#5314,#5315));
#5313=ORIENTED_EDGE('',*,*,#5316,.T.);
#5314=ORIENTED_EDGE('',*,*,#5317,.T.);
#5315=ORIENTED_EDGE('',*,*,#5318,.T.);
#5316=EDGE_CURVE('',#123,#125,#5319,.F.);
#5317=EDGE_CURVE('',#125,#223,#5320,.T.);
#5318=EDGE_CURVE('',#223,#123,#5321,.T.);
#5319=LINE('',#122,#5322);
#5320=LINE('',#124,#5323);
#5321=LINE('',#222,#5324);
#5322=VECTOR('',#5325,1.0);
#5323=VECTOR('',#5326,1.0);
#5324=VECTOR('',#5327,1.0);
#5325=DIRECTION('',(0.8314696645985185,-0.5555701547531393,1.233614229731908E-16));
#5326=DIRECTION('',(0,0,1));
#5327=DIRECTION('',(-0.031053015031553555,0.020748957059019215,-0.9993023521629543));
#5328=FACE_SURFACE('',(#5333),#5329,.T.);
#5329=PLANE('',#5330);
#5330=AXIS2_PLACEMENT_3D('',#122,#5331,#5332);
#5331=DIRECTION('',(-0.5555701547531392,-0.8314696645985185,0));
#5332=DIRECTION('',(0.031053015031553555,-0.020748957059019215,0.9993023521629543));
#5333=FACE_BOUND('',#5334,.T.);
#5334=EDGE_LOOP('',(#5335,#5336,#5337));
#5335=ORIENTED_EDGE('',*,*,#5338,.T.);
#5336=ORIENTED_EDGE('',*,*,#5339,.T.);
#5337=ORIENTED_EDGE('',*,*,#5340,.T.);
#5338=EDGE_CURVE('',#123,#223,#5341,.F.);
#5339=EDGE_CURVE('',#223,#221,#5342,.T.);
#5340=EDGE_CURVE('',#221,#123,#5343,.T.);
#5341=LINE('',#122,#5344);
#5342=LINE('',#222,#5345);
#5343=LINE('',#220,#5346);
#5344=VECTOR('',#5347,1.0);
#5345=VECTOR('',#5348,1.0);
#5346=VECTOR('',#5349,1.0);
#5347=DIRECTION('',(0.031053015031553555,-0.020748957059019215,0.9993023521629543));
#5348=DIRECTION('',(-0.8314696645985185,0.5555701547531393,0));
#5349=DIRECTION('',(0,0,-1));
#5350=FACE_SURFACE('',(#5355),#5351,.T.);
#5351=PLANE('',#5352);
#5352=AXIS2_PLACEMENT_3D('',#124,#5353,#5354);
#5353=DIRECTION('',(-0.4422889895149353,-0.8968725939362054,0));
#5354=DIRECTION('',(0.8968725939362053,-0.4422889895149352,9.820781648665633E-17));
#5355=FACE_BOUND('',#5356,.T.);
#5356=EDGE_LOOP('',(#5357,#5358,#5359));
#5357=ORIENTED_EDGE('',*,*,#5360,.T.);
#5358=ORIENTED_EDGE('',*,*,#5361,.T.);
#5359=ORIENTED_EDGE('',*,*,#5362,.T.);
#5360=EDGE_CURVE('',#125,#127,#5363,.F.);
#5361=EDGE_CURVE('',#127,#225,#5364,.T.);
#5362=EDGE_CURVE('',#225,#125,#5365,.T.);
#5363=LINE('',#124,#5366);
#5364=LINE('',#126,#5367);
#5365=LINE('',#224,#5368);
#5366=VECTOR('',#5369,1.0);
#5367=VECTOR('',#5370,1.0);
#5368=VECTOR('',#5371,1.0);
#5369=DIRECTION('',(0.8968725939362053,-0.4422889895149352,9.820781648665633E-17));
#5370=DIRECTION('',(0,0,1));
#5371=DIRECTION('',(-0.033495633784636936,0.01651823248913231,-0.9993023518999644));
#5372=FACE_SURFACE('',(#5377),#5373,.T.);
#5373=PLANE('',#5374);
#5374=AXIS2_PLACEMENT_3D('',#124,#5375,#5376);
#5375=DIRECTION('',(-0.4422889895149353,-0.8968725939362054,0));
#5376=DIRECTION('',(0.033495633784636936,-0.01651823248913231,0.9993023518999644));
#5377=FACE_BOUND('',#5378,.T.);
#5378=EDGE_LOOP('',(#5379,#5380,#5381));
#5379=ORIENTED_EDGE('',*,*,#5382,.T.);
#5380=ORIENTED_EDGE('',*,*,#5383,.T.);
#5381=ORIENTED_EDGE('',*,*,#5384,.T.);
#5382=EDGE_CURVE('',#125,#225,#5385,.F.);
#5383=EDGE_CURVE('',#225,#223,#5386,.T.);
#5384=EDGE_CURVE('',#223,#125,#5387,.T.);
#5385=LINE('',#124,#5388);
#5386=LINE('',#224,#5389);
#5387=LINE('',#222,#5390);
#5388=VECTOR('',#5391,1.0);
#5389=VECTOR('',#5392,1.0);
#5390=VECTOR('',#5393,1.0);
#5391=DIRECTION('',(0.033495633784636936,-0.01651823248913231,0.9993023518999644));
#5392=DIRECTION('',(-0.8968725939362053,0.4422889895149352,0));
#5393=DIRECTION('',(0,0,-1));
#5394=FACE_SURFACE('',(#5399),#5395,.T.);
#5395=PLANE('',#5396);
#5396=AXIS2_PLACEMENT_3D('',#126,#5397,#5398);
#5397=DIRECTION('',(-0.321439554297037,-0.9469300992857511,0));
#5398=DIRECTION('',(0.9469300992857509,-0.32143955429703697,7.137385138828095E-17));
#5399=FACE_BOUND('',#5400,.T.);
#5400=EDGE_LOOP('',(#5401,#5402,#5403));
#5401=ORIENTED_EDGE('',*,*,#5404,.T.);
#5402=ORIENTED_EDGE('',*,*,#5405,.T.);
#5403=ORIENTED_EDGE('',*,*,#5406,.T.);
#5404=EDGE_CURVE('',#127,#129,#5407,.F.);
#5405=EDGE_CURVE('',#129,#227,#5408,.T.);
#5406=EDGE_CURVE('',#227,#127,#5409,.T.);
#5407=LINE('',#126,#5410);
#5408=LINE('',#128,#5411);
#5409=LINE('',#226,#5412);
#5410=VECTOR('',#5413,1.0);
#5411=VECTOR('',#5414,1.0);
#5412=VECTOR('',#5415,1.0);
#5413=DIRECTION('',(0.9469300992857509,-0.32143955429703697,7.137385138828095E-17));
#5414=DIRECTION('',(0,0,1));
#5415=DIRECTION('',(-0.035365136769058406,0.012004849998193467,-0.9993023519825351));
#5416=FACE_SURFACE('',(#5421),#5417,.T.);
#5417=PLANE('',#5418);
#5418=AXIS2_PLACEMENT_3D('',#126,#5419,#5420);
#5419=DIRECTION('',(-0.321439554297037,-0.9469300992857511,0));
#5420=DIRECTION('',(0.035365136769058406,-0.012004849998193467,0.9993023519825351));
#5421=FACE_BOUND('',#5422,.T.);
#5422=EDGE_LOOP('',(#5423,#5424,#5425));
#5423=ORIENTED_EDGE('',*,*,#5426,.T.);
#5424=ORIENTED_EDGE('',*,*,#5427,.T.);
#5425=ORIENTED_EDGE('',*,*,#5428,.T.);
#5426=EDGE_CURVE('',#127,#227,#5429,.F.);
#5427=EDGE_CURVE('',#227,#225,#5430,.T.);
#5428=EDGE_CURVE('',#225,#127,#5431,.T.);
#5429=LINE('',#126,#5432);
#5430=LINE('',#226,#5433);
#5431=LINE('',#224,#5434);
#5432=VECTOR('',#5435,1.0);
#5433=VECTOR('',#5436,1.0);
#5434=VECTOR('',#5437,1.0);
#5435=DIRECTION('',(0.035365136769058406,-0.012004849998193467,0.9993023519825351));
#5436=DIRECTION('',(-0.9469300992857509,0.32143955429703697,0));
#5437=DIRECTION('',(0,0,-1));
#5438=FACE_SURFACE('',(#5443),#5439,.T.);
#5439=PLANE('',#5440);
#5440=AXIS2_PLACEMENT_3D('',#128,#5441,#5442);
#5441=DIRECTION('',(-0.19508987653188686,-0.9807853690154504,0));
#5442=DIRECTION('',(0.9807853690154503,-0.19508987653188684,4.331878946518804E-17));
#5443=FACE_BOUND('',#5444,.T.);
#5444=EDGE_LOOP('',(#5445,#5446,#5447));
#5445=ORIENTED_EDGE('',*,*,#5448,.T.);
#5446=ORIENTED_EDGE('',*,*,#5449,.T.);
#5447=ORIENTED_EDGE('',*,*,#5450,.T.);
#5448=EDGE_CURVE('',#129,#131,#5451,.F.);
#5449=EDGE_CURVE('',#131,#229,#5452,.T.);
#5450=EDGE_CURVE('',#229,#129,#5453,.T.);
#5451=LINE('',#128,#5454);
#5452=LINE('',#130,#5455);
#5453=LINE('',#228,#5456);
#5454=VECTOR('',#5457,1.0);
#5455=VECTOR('',#5458,1.0);
#5456=VECTOR('',#5459,1.0);
#5457=DIRECTION('',(0.9807853690154503,-0.19508987653188684,4.331878946518804E-17));
#5458=DIRECTION('',(0,0,1));
#5459=DIRECTION('',(-0.036629527271483664,0.0072860486897236305,-0.9993023522569926));
#5460=FACE_SURFACE('',(#5465),#5461,.T.);
#5461=PLANE('',#5462);
#5462=AXIS2_PLACEMENT_3D('',#128,#5463,#5464);
#5463=DIRECTION('',(-0.19508987653188686,-0.9807853690154504,0));
#5464=DIRECTION('',(0.036629527271483664,-0.0072860486897236305,0.9993023522569926));
#5465=FACE_BOUND('',#5466,.T.);
#5466=EDGE_LOOP('',(#5467,#5468,#5469));
#5467=ORIENTED_EDGE('',*,*,#5470,.T.);
#5468=ORIENTED_EDGE('',*,*,#5471,.T.);
#5469=ORIENTED_EDGE('',*,*,#5472,.T.);
#5470=EDGE_CURVE('',#129,#229,#5473,.F.);
#5471=EDGE_CURVE('',#229,#227,#5474,.T.);
#5472=EDGE_CURVE('',#227,#129,#5475,.T.);
#5473=LINE('',#128,#5476);
#5474=LINE('',#228,#5477);
#5475=LINE('',#226,#5478);
#5476=VECTOR('',#5479,1.0);
#5477=VECTOR('',#5480,1.0);
#5478=VECTOR('',#5481,1.0);
#5479=DIRECTION('',(0.036629527271483664,-0.0072860486897236305,0.9993023522569926));
#5480=DIRECTION('',(-0.9807853690154503,0.19508987653188684,0));
#5481=DIRECTION('',(0,0,-1));
#5482=FACE_SURFACE('',(#5487),#5483,.T.);
#5483=PLANE('',#5484);
#5484=AXIS2_PLACEMENT_3D('',#130,#5485,#5486);
#5485=DIRECTION('',(-0.06540339617056364,-0.9978589057423681,0));
#5486=DIRECTION('',(0.997858905742368,-0.06540339617056362,1.452233635767784E-17));
#5487=FACE_BOUND('',#5488,.T.);
#5488=EDGE_LOOP('',(#5489,#5490,#5491));
#5489=ORIENTED_EDGE('',*,*,#5492,.T.);
#5490=ORIENTED_EDGE('',*,*,#5493,.T.);
#5491=ORIENTED_EDGE('',*,*,#5494,.T.);
#5492=EDGE_CURVE('',#131,#37,#5495,.F.);
#5493=EDGE_CURVE('',#37,#133,#5496,.T.);
#5494=EDGE_CURVE('',#133,#131,#5497,.T.);
#5495=LINE('',#130,#5498);
#5496=LINE('',#36,#5499);
#5497=LINE('',#132,#5500);
#5498=VECTOR('',#5501,1.0);
#5499=VECTOR('',#5502,1.0);
#5500=VECTOR('',#5503,1.0);
#5501=DIRECTION('',(0.997858905742368,-0.06540339617056362,1.452233635767784E-17));
#5502=DIRECTION('',(0,0,1));
#5503=DIRECTION('',(-0.03726718103858585,0.0024426301069221975,-0.999302352031455));
#5504=FACE_SURFACE('',(#5509),#5505,.T.);
#5505=PLANE('',#5506);
#5506=AXIS2_PLACEMENT_3D('',#130,#5507,#5508);
#5507=DIRECTION('',(-0.06540339617056364,-0.9978589057423681,0));
#5508=DIRECTION('',(0.03726718103858585,-0.0024426301069221975,0.999302352031455));
#5509=FACE_BOUND('',#5510,.T.);
#5510=EDGE_LOOP('',(#5511,#5512,#5513));
#5511=ORIENTED_EDGE('',*,*,#5514,.T.);
#5512=ORIENTED_EDGE('',*,*,#5515,.T.);
#5513=ORIENTED_EDGE('',*,*,#5516,.T.);
#5514=EDGE_CURVE('',#131,#133,#5517,.F.);
#5515=EDGE_CURVE('',#133,#229,#5518,.T.);
#5516=EDGE_CURVE('',#229,#131,#5519,.T.);
#5517=LINE('',#130,#5520);
#5518=LINE('',#132,#5521);
#5519=LINE('',#228,#5522);
#5520=VECTOR('',#5523,1.0);
#5521=VECTOR('',#5524,1.0);
#5522=VECTOR('',#5525,1.0);
#5523=DIRECTION('',(0.03726718103858585,-0.0024426301069221975,0.999302352031455));
#5524=DIRECTION('',(-0.997858905742368,0.06540339617056362,0));
#5525=DIRECTION('',(0,0,-1));
#5526=FACE_SURFACE('',(#5531),#5527,.T.);
#5527=PLANE('',#5528);
#5528=AXIS2_PLACEMENT_3D('',#132,#5529,#5530);
#5529=DIRECTION('',(NaN,NaN,NaN));
#5530=DIRECTION('',(0.9978589057423682,0.06540339617056369,0));
#5531=FACE_BOUND('',#5532,.T.);
#5532=EDGE_LOOP('',(#5533,#5534,#5535));
#5533=ORIENTED_EDGE('',*,*,#5536,.T.);
#5534=ORIENTED_EDGE('',*,*,#5537,.T.);
#5535=ORIENTED_EDGE('',*,*,#5538,.T.);
#5536=EDGE_CURVE('',#133,#135,#5539,.F.);
#5537=EDGE_CURVE('',#135,#135,#5540,.T.);
#5538=EDGE_CURVE('',#135,#133,#5541,.T.);
#5539=LINE('',#132,#5542);
#5540=LINE('',#134,#5543);
#5541=LINE('',#134,#5544);
#5542=VECTOR('',#5545,1.0);
#5543=VECTOR('',#5546,1.0);
#5544=VECTOR('',#5547,1.0);
#5545=DIRECTION('',(0.9978589057423682,0.06540339617056369,0));
#5546=DIRECTION('',(NaN,NaN,NaN));
#5547=DIRECTION('',(-0.9978589057423682,-0.06540339617056369,0));
#5548=FACE_SURFACE('',(#5553),#5549,.T.);
#5549=PLANE('',#5550);
#5550=AXIS2_PLACEMENT_3D('',#134,#5551,#5552);
#5551=DIRECTION('',(NaN,NaN,NaN));
#5552=DIRECTION('',(0.9807853690154503,0.19508987653188684,0));
#5553=FACE_BOUND('',#5554,.T.);
#5554=EDGE_LOOP('',(#5555,#5556,#5557));
#5555=ORIENTED_EDGE('',*,*,#5558,.T.);
#5556=ORIENTED_EDGE('',*,*,#5559,.T.);
#5557=ORIENTED_EDGE('',*,*,#5560,.T.);
#5558=EDGE_CURVE('',#135,#139,#5561,.F.);
#5559=EDGE_CURVE('',#139,#139,#5562,.T.);
#5560=EDGE_CURVE('',#139,#135,#5563,.T.);
#5561=LINE('',#134,#5564);
#5562=LINE('',#138,#5565);
#5563=LINE('',#138,#5566);
#5564=VECTOR('',#5567,1.0);
#5565=VECTOR('',#5568,1.0);
#5566=VECTOR('',#5569,1.0);
#5567=DIRECTION('',(0.9807853690154503,0.19508987653188684,0));
#5568=DIRECTION('',(NaN,NaN,NaN));
#5569=DIRECTION('',(-0.9807853690154503,-0.19508987653188684,0));
#5570=FACE_SURFACE('',(#5575),#5571,.T.);
#5571=PLANE('',#5572);
#5572=AXIS2_PLACEMENT_3D('',#138,#5573,#5574);
#5573=DIRECTION('',(NaN,NaN,NaN));
#5574=DIRECTION('',(0.9469300992857509,0.32143955429703697,0));
#5575=FACE_BOUND('',#5576,.T.);
#5576=EDGE_LOOP('',(#5577,#5578,#5579));
#5577=ORIENTED_EDGE('',*,*,#5580,.T.);
#5578=ORIENTED_EDGE('',*,*,#5581,.T.);
#5579=ORIENTED_EDGE('',*,*,#5582,.T.);
#5580=EDGE_CURVE('',#139,#141,#5583,.F.);
#5581=EDGE_CURVE('',#141,#141,#5584,.T.);
#5582=EDGE_CURVE('',#141,#139,#5585,.T.);
#5583=LINE('',#138,#5586);
#5584=LINE('',#140,#5587);
#5585=LINE('',#140,#5588);
#5586=VECTOR('',#5589,1.0);
#5587=VECTOR('',#5590,1.0);
#5588=VECTOR('',#5591,1.0);
#5589=DIRECTION('',(0.9469300992857509,0.32143955429703697,0));
#5590=DIRECTION('',(NaN,NaN,NaN));
#5591=DIRECTION('',(-0.9469300992857509,-0.32143955429703697,0));
#5592=FACE_SURFACE('',(#5597),#5593,.T.);
#5593=PLANE('',#5594);
#5594=AXIS2_PLACEMENT_3D('',#140,#5595,#5596);
#5595=DIRECTION('',(NaN,NaN,NaN));
#5596=DIRECTION('',(0.8968725939362053,0.4422889895149352,0));
#5597=FACE_BOUND('',#5598,.T.);
#5598=EDGE_LOOP('',(#5599,#5600,#5601));
#5599=ORIENTED_EDGE('',*,*,#5602,.T.);
#5600=ORIENTED_EDGE('',*,*,#5603,.T.);
#5601=ORIENTED_EDGE('',*,*,#5604,.T.);
#5602=EDGE_CURVE('',#141,#143,#5605,.F.);
#5603=EDGE_CURVE('',#143,#143,#5606,.T.);
#5604=EDGE_CURVE('',#143,#141,#5607,.T.);
#5605=LINE('',#140,#5608);
#5606=LINE('',#142,#5609);
#5607=LINE('',#142,#5610);
#5608=VECTOR('',#5611,1.0);
#5609=VECTOR('',#5612,1.0);
#5610=VECTOR('',#5613,1.0);
#5611=DIRECTION('',(0.8968725939362053,0.4422889895149352,0));
#5612=DIRECTION('',(NaN,NaN,NaN));
#5613=DIRECTION('',(-0.8968725939362053,-0.4422889895149352,0));
#5614=FACE_SURFACE('',(#5619),#5615,.T.);
#5615=PLANE('',#5616);
#5616=AXIS2_PLACEMENT_3D('',#142,#5617,#5618);
#5617=DIRECTION('',(NaN,NaN,NaN));
#5618=DIRECTION('',(0.8314696645985185,0.5555701547531393,0));
#5619=FACE_BOUND('',#5620,.T.);
#5620=EDGE_LOOP('',(#5621,#5622,#5623));
#5621=ORIENTED_EDGE('',*,*,#5624,.T.);
#5622=ORIENTED_EDGE('',*,*,#5625,.T.);
#5623=ORIENTED_EDGE('',*,*,#5626,.T.);
#5624=EDGE_CURVE('',#143,#145,#5627,.F.);
#5625=EDGE_CURVE('',#145,#145,#5628,.T.);
#5626=EDGE_CURVE('',#145,#143,#5629,.T.);
#5627=LINE('',#142,#5630);
#5628=LINE('',#144,#5631);
#5629=LINE('',#144,#5632);
#5630=VECTOR('',#5633,1.0);
#5631=VECTOR('',#5634,1.0);
#5632=VECTOR('',#5635,1.0);
#5633=DIRECTION('',(0.8314696645985185,0.5555701547531393,0));
#5634=DIRECTION('',(NaN,NaN,NaN));
#5635=DIRECTION('',(-0.8314696645985185,-0.5555701547531393,0));
#5636=FACE_SURFACE('',(#5641),#5637,.T.);
#5637=PLANE('',#5638);
#5638=AXIS2_PLACEMENT_3D('',#144,#5639,#5640);
#5639=DIRECTION('',(NaN,NaN,NaN));
#5640=DIRECTION('',(0.7518396575348835,0.6593459860784998,0));
#5641=FACE_BOUND('',#5642,.T.);
#5642=EDGE_LOOP('',(#5643,#5644,#5645));
#5643=ORIENTED_EDGE('',*,*,#5646,.T.);
#5644=ORIENTED_EDGE('',*,*,#5647,.T.);
#5645=ORIENTED_EDGE('',*,*,#5648,.T.);
#5646=EDGE_CURVE('',#145,#147,#5649,.F.);
#5647=EDGE_CURVE('',#147,#147,#5650,.T.);
#5648=EDGE_CURVE('',#147,#145,#5651,.T.);
#5649=LINE('',#144,#5652);
#5650=LINE('',#146,#5653);
#5651=LINE('',#146,#5654);
#5652=VECTOR('',#5655,1.0);
#5653=VECTOR('',#5656,1.0);
#5654=VECTOR('',#5657,1.0);
#5655=DIRECTION('',(0.7518396575348835,0.6593459860784998,0));
#5656=DIRECTION('',(NaN,NaN,NaN));
#5657=DIRECTION('',(-0.7518396575348835,-0.6593459860784998,0));
#5658=FACE_SURFACE('',(#5663),#5659,.T.);
#5659=PLANE('',#5660);
#5660=AXIS2_PLACEMENT_3D('',#146,#5661,#5662);
#5661=DIRECTION('',(NaN,NaN,NaN));
#5662=DIRECTION('',(0.6593459860784998,0.7518396575348835,0));
#5663=FACE_BOUND('',#5664,.T.);
#5664=EDGE_LOOP('',(#5665,#5666,#5667));
#5665=ORIENTED_EDGE('',*,*,#5668,.T.);
#5666=ORIENTED_EDGE('',*,*,#5669,.T.);
#5667=ORIENTED_EDGE('',*,*,#5670,.T.);
#5668=EDGE_CURVE('',#147,#149,#5671,.F.);
#5669=EDGE_CURVE('',#149,#149,#5672,.T.);
#5670=EDGE_CURVE('',#149,#147,#5673,.T.);
#5671=LINE('',#146,#5674);
#5672=LINE('',#148,#5675);
#5673=LINE('',#148,#5676);
#5674=VECTOR('',#5677,1.0);
#5675=VECTOR('',#5678,1.0);
#5676=VECTOR('',#5679,1.0);
#5677=DIRECTION('',(0.6593459860784998,0.7518396575348835,0));
#5678=DIRECTION('',(NaN,NaN,NaN));
#5679=DIRECTION('',(-0.6593459860784998,-0.7518396575348835,0));
#5680=FACE_SURFACE('',(#5685),#5681,.T.);
#5681=PLANE('',#5682);
#5682=AXIS2_PLACEMENT_3D('',#148,#5683,#5684);
#5683=DIRECTION('',(NaN,NaN,NaN));
#5684=DIRECTION('',(0.5555701547531393,0.8314696645985185,0));
#5685=FACE_BOUND('',#5686,.T.);
#5686=EDGE_LOOP('',(#5687,#5688,#5689));
#5687=ORIENTED_EDGE('',*,*,#5690,.T.);
#5688=ORIENTED_EDGE('',*,*,#5691,.T.);
#5689=ORIENTED_EDGE('',*,*,#5692,.T.);
#5690=EDGE_CURVE('',#149,#151,#5693,.F.);
#5691=EDGE_CURVE('',#151,#151,#5694,.T.);
#5692=EDGE_CURVE('',#151,#149,#5695,.T.);
#5693=LINE('',#148,#5696);
#5694=LINE('',#150,#5697);
#5695=LINE('',#150,#5698);
#5696=VECTOR('',#5699,1.0);
#5697=VECTOR('',#5700,1.0);
#5698=VECTOR('',#5701,1.0);
#5699=DIRECTION('',(0.5555701547531393,0.8314696645985185,0));
#5700=DIRECTION('',(NaN,NaN,NaN));
#5701=DIRECTION('',(-0.5555701547531393,-0.8314696645985185,0));
#5702=FACE_SURFACE('',(#5707),#5703,.T.);
#5703=PLANE('',#5704);
#5704=AXIS2_PLACEMENT_3D('',#150,#5705,#5706);
#5705=DIRECTION('',(NaN,NaN,NaN));
#5706=DIRECTION('',(0.4422889895149352,0.8968725939362053,0));
#5707=FACE_BOUND('',#5708,.T.);
#5708=EDGE_LOOP('',(#5709,#5710,#5711));
#5709=ORIENTED_EDGE('',*,*,#5712,.T.);
#5710=ORIENTED_EDGE('',*,*,#5713,.T.);
#5711=ORIENTED_EDGE('',*,*,#5714,.T.);
#5712=EDGE_CURVE('',#151,#153,#5715,.F.);
#5713=EDGE_CURVE('',#153,#153,#5716,.T.);
#5714=EDGE_CURVE('',#153,#151,#5717,.T.);
#5715=LINE('',#150,#5718);
#5716=LINE('',#152,#5719);
#5717=LINE('',#152,#5720);
#5718=VECTOR('',#5721,1.0);
#5719=VECTOR('',#5722,1.0);
#5720=VECTOR('',#5723,1.0);
#5721=DIRECTION('',(0.4422889895149352,0.8968725939362053,0));
#5722=DIRECTION('',(NaN,NaN,NaN));
#5723=DIRECTION('',(-0.4422889895149352,-0.8968725939362053,0));
#5724=FACE_SURFACE('',(#5729),#5725,.T.);
#5725=PLANE('',#5726);
#5726=AXIS2_PLACEMENT_3D('',#152,#5727,#5728);
#5727=DIRECTION('',(NaN,NaN,NaN));
#5728=DIRECTION('',(0.32143955429703697,0.9469300992857509,0));
#5729=FACE_BOUND('',#5730,.T.);
#5730=EDGE_LOOP('',(#5731,#5732,#5733));
#5731=ORIENTED_EDGE('',*,*,#5734,.T.);
#5732=ORIENTED_EDGE('',*,*,#5735,.T.);
#5733=ORIENTED_EDGE('',*,*,#5736,.T.);
#5734=EDGE_CURVE('',#153,#155,#5737,.F.);
#5735=EDGE_CURVE('',#155,#155,#5738,.T.);
#5736=EDGE_CURVE('',#155,#153,#5739,.T.);
#5737=LINE('',#152,#5740);
#5738=LINE('',#154,#5741);
#5739=LINE('',#154,#5742);
#5740=VECTOR('',#5743,1.0);
#5741=VECTOR('',#5744,1.0);
#5742=VECTOR('',#5745,1.0);
#5743=DIRECTION('',(0.32143955429703697,0.9469300992857509,0));
#5744=DIRECTION('',(NaN,NaN,NaN));
#5745=DIRECTION('',(-0.32143955429703697,-0.9469300992857509,0));
#5746=FACE_SURFACE('',(#5751),#5747,.T.);
#5747=PLANE('',#5748);
#5748=AXIS2_PLACEMENT_3D('',#154,#5749,#5750);
#5749=DIRECTION('',(NaN,NaN,NaN));
#5750=DIRECTION('',(0.19508987653188684,0.9807853690154503,0));
#5751=FACE_BOUND('',#5752,.T.);
#5752=EDGE_LOOP('',(#5753,#5754,#5755));
#5753=ORIENTED_EDGE('',*,*,#5756,.T.);
#5754=ORIENTED_EDGE('',*,*,#5757,.T.);
#5755=ORIENTED_EDGE('',*,*,#5758,.T.);
#5756=EDGE_CURVE('',#155,#157,#5759,.F.);
#5757=EDGE_CURVE('',#157,#157,#5760,.T.);
#5758=EDGE_CURVE('',#157,#155,#5761,.T.);
#5759=LINE('',#154,#5762);
#5760=LINE('',#156,#5763);
#5761=LINE('',#156,#5764);
#5762=VECTOR('',#5765,1.0);
#5763=VECTOR('',#5766,1.0);
#5764=VECTOR('',#5767,1.0);
#5765=DIRECTION('',(0.19508987653188684,0.9807853690154503,0));
#5766=DIRECTION('',(NaN,NaN,NaN));
#5767=DIRECTION('',(-0.19508987653188684,-0.9807853690154503,0));
#5768=FACE_SURFACE('',(#5773),#5769,.T.);
#5769=PLANE('',#5770);
#5770=AXIS2_PLACEMENT_3D('',#156,#5771,#5772);
#5771=DIRECTION('',(NaN,NaN,NaN));
#5772=DIRECTION('',(0.06540339617056334,0.9978589057423682,0));
#5773=FACE_BOUND('',#5774,.T.);
#5774=EDGE_LOOP('',(#5775,#5776,#5777));
#5775=ORIENTED_EDGE('',*,*,#5778,.T.);
#5776=ORIENTED_EDGE('',*,*,#5779,.T.);
#5777=ORIENTED_EDGE('',*,*,#5780,.T.);
#5778=EDGE_CURVE('',#157,#159,#5781,.F.);
#5779=EDGE_CURVE('',#159,#159,#5782,.T.);
#5780=EDGE_CURVE('',#159,#157,#5783,.T.);
#5781=LINE('',#156,#5784);
#5782=LINE('',#158,#5785);
#5783=LINE('',#158,#5786);
#5784=VECTOR('',#5787,1.0);
#5785=VECTOR('',#5788,1.0);
#5786=VECTOR('',#5789,1.0);
#5787=DIRECTION('',(0.06540339617056334,0.9978589057423682,0));
#5788=DIRECTION('',(NaN,NaN,NaN));
#5789=DIRECTION('',(-0.06540339617056334,-0.9978589057423682,0));
#5790=FACE_SURFACE('',(#5795),#5791,.T.);
#5791=PLANE('',#5792);
#5792=AXIS2_PLACEMENT_3D('',#158,#5793,#5794);
#5793=DIRECTION('',(NaN,NaN,NaN));
#5794=DIRECTION('',(-0.06540339617056397,0.997858905742368,0));
#5795=FACE_BOUND('',#5796,.T.);
#5796=EDGE_LOOP('',(#5797,#5798,#5799));
#5797=ORIENTED_EDGE('',*,*,#5800,.T.);
#5798=ORIENTED_EDGE('',*,*,#5801,.T.);
#5799=ORIENTED_EDGE('',*,*,#5802,.T.);
#5800=EDGE_CURVE('',#159,#161,#5803,.F.);
#5801=EDGE_CURVE('',#161,#161,#5804,.T.);
#5802=EDGE_CURVE('',#161,#159,#5805,.T.);
#5803=LINE('',#158,#5806);
#5804=LINE('',#160,#5807);
#5805=LINE('',#160,#5808);
#5806=VECTOR('',#5809,1.0);
#5807=VECTOR('',#5810,1.0);
#5808=VECTOR('',#5811,1.0);
#5809=DIRECTION('',(-0.06540339617056397,0.997858905742368,0));
#5810=DIRECTION('',(NaN,NaN,NaN));
#5811=DIRECTION('',(0.06540339617056397,-0.997858905742368,0));
#5812=FACE_SURFACE('',(#5817),#5813,.T.);
#5813=PLANE('',#5814);
#5814=AXIS2_PLACEMENT_3D('',#160,#5815,#5816);
#5815=DIRECTION('',(NaN,NaN,NaN));
#5816=DIRECTION('',(-0.19508987653188684,0.9807853690154503,0));
#5817=FACE_BOUND('',#5818,.T.);
#5818=EDGE_LOOP('',(#5819,#5820,#5821));
#5819=ORIENTED_EDGE('',*,*,#5822,.T.);
#5820=ORIENTED_EDGE('',*,*,#5823,.T.);
#5821=ORIENTED_EDGE('',*,*,#5824,.T.);
#5822=EDGE_CURVE('',#161,#163,#5825,.F.);
#5823=EDGE_CURVE('',#163,#163,#5826,.T.);
#5824=EDGE_CURVE('',#163,#161,#5827,.T.);
#5825=LINE('',#160,#5828);
#5826=LINE('',#162,#5829);
#5827=LINE('',#162,#5830);
#5828=VECTOR('',#5831,1.0);
#5829=VECTOR('',#5832,1.0);
#5830=VECTOR('',#5833,1.0);
#5831=DIRECTION('',(-0.19508987653188684,0.9807853690154503,0));
#5832=DIRECTION('',(NaN,NaN,NaN));
#5833=DIRECTION('',(0.19508987653188684,-0.9807853690154503,0));
#5834=FACE_SURFACE('',(#5839),#5835,.T.);
#5835=PLANE('',#5836);
#5836=AXIS2_PLACEMENT_3D('',#162,#5837,#5838);
#5837=DIRECTION('',(NaN,NaN,NaN));
#5838=DIRECTION('',(-0.32143955429703697,0.9469300992857509,0));
#5839=FACE_BOUND('',#5840,.T.);
#5840=EDGE_LOOP('',(#5841,#5842,#5843));
#5841=ORIENTED_EDGE('',*,*,#5844,.T.);
#5842=ORIENTED_EDGE('',*,*,#5845,.T.);
#5843=ORIENTED_EDGE('',*,*,#5846,.T.);
#5844=EDGE_CURVE('',#163,#165,#5847,.F.);
#5845=EDGE_CURVE('',#165,#165,#5848,.T.);
#5846=EDGE_CURVE('',#165,#163,#5849,.T.);
#5847=LINE('',#162,#5850);
#5848=LINE('',#164,#5851);
#5849=LINE('',#164,#5852);
#5850=VECTOR('',#5853,1.0);
#5851=VECTOR('',#5854,1.0);
#5852=VECTOR('',#5855,1.0);
#5853=DIRECTION('',(-0.32143955429703697,0.9469300992857509,0));
#5854=DIRECTION('',(NaN,NaN,NaN));
#5855=DIRECTION('',(0.32143955429703697,-0.9469300992857509,0));
#5856=FACE_SURFACE('',(#5861),#5857,.T.);
#5857=PLANE('',#5858);
#5858=AXIS2_PLACEMENT_3D('',#164,#5859,#5860);
#5859=DIRECTION('',(NaN,NaN,NaN));
#5860=DIRECTION('',(-0.4422889895149352,0.8968725939362053,0));
#5861=FACE_BOUND('',#5862,.T.);
#5862=EDGE_LOOP('',(#5863,#5864,#5865));
#5863=ORIENTED_EDGE('',*,*,#5866,.T.);
#5864=ORIENTED_EDGE('',*,*,#5867,.T.);
#5865=ORIENTED_EDGE('',*,*,#5868,.T.);
#5866=EDGE_CURVE('',#165,#167,#5869,.F.);
#5867=EDGE_CURVE('',#167,#167,#5870,.T.);
#5868=EDGE_CURVE('',#167,#165,#5871,.T.);
#5869=LINE('',#164,#5872);
#5870=LINE('',#166,#5873);
#5871=LINE('',#166,#5874);
#5872=VECTOR('',#5875,1.0);
#5873=VECTOR('',#5876,1.0);
#5874=VECTOR('',#5877,1.0);
#5875=DIRECTION('',(-0.4422889895149352,0.8968725939362053,0));
#5876=DIRECTION('',(NaN,NaN,NaN));
#5877=DIRECTION('',(0.4422889895149352,-0.8968725939362053,0));
#5878=FACE_SURFACE('',(#5883),#5879,.T.);
#5879=PLANE('',#5880);
#5880=AXIS2_PLACEMENT_3D('',#166,#5881,#5882);
#5881=DIRECTION('',(NaN,NaN,NaN));
#5882=DIRECTION('',(-0.5555701547531393,0.8314696645985185,0));
#5883=FACE_BOUND('',#5884,.T.);
#5884=EDGE_LOOP('',(#5885,#5886,#5887));
#5885=ORIENTED_EDGE('',*,*,#5888,.T.);
#5886=ORIENTED_EDGE('',*,*,#5889,.T.);
#5887=ORIENTED_EDGE('',*,*,#5890,.T.);
#5888=EDGE_CURVE('',#167,#169,#5891,.F.);
#5889=EDGE_CURVE('',#169,#169,#5892,.T.);
#5890=EDGE_CURVE('',#169,#167,#5893,.T.);
#5891=LINE('',#166,#5894);
#5892=LINE('',#168,#5895);
#5893=LINE('',#168,#5896);
#5894=VECTOR('',#5897,1.0);
#5895=VECTOR('',#5898,1.0);
#5896=VECTOR('',#5899,1.0);
#5897=DIRECTION('',(-0.5555701547531393,0.8314696645985185,0));
#5898=DIRECTION('',(NaN,NaN,NaN));
#5899=DIRECTION('',(0.5555701547531393,-0.8314696645985185,0));
#5900=FACE_SURFACE('',(#5905),#5901,.T.);
#5901=PLANE('',#5902);
#5902=AXIS2_PLACEMENT_3D('',#168,#5903,#5904);
#5903=DIRECTION('',(NaN,NaN,NaN));
#5904=DIRECTION('',(-0.6593459860784998,0.7518396575348835,0));
#5905=FACE_BOUND('',#5906,.T.);
#5906=EDGE_LOOP('',(#5907,#5908,#5909));
#5907=ORIENTED_EDGE('',*,*,#5910,.T.);
#5908=ORIENTED_EDGE('',*,*,#5911,.T.);
#5909=ORIENTED_EDGE('',*,*,#5912,.T.);
#5910=EDGE_CURVE('',#169,#171,#5913,.F.);
#5911=EDGE_CURVE('',#171,#171,#5914,.T.);
#5912=EDGE_CURVE('',#171,#169,#5915,.T.);
#5913=LINE('',#168,#5916);
#5914=LINE('',#170,#5917);
#5915=LINE('',#170,#5918);
#5916=VECTOR('',#5919,1.0);
#5917=VECTOR('',#5920,1.0);
#5918=VECTOR('',#5921,1.0);
#5919=DIRECTION('',(-0.6593459860784998,0.7518396575348835,0));
#5920=DIRECTION('',(NaN,NaN,NaN));
#5921=DIRECTION('',(0.6593459860784998,-0.7518396575348835,0));
#5922=FACE_SURFACE('',(#5927),#5923,.T.);
#5923=PLANE('',#5924);
#5924=AXIS2_PLACEMENT_3D('',#170,#5925,#5926);
#5925=DIRECTION('',(NaN,NaN,NaN));
#5926=DIRECTION('',(-0.7518396575348835,0.6593459860784998,0));
#5927=FACE_BOUND('',#5928,.T.);
#5928=EDGE_LOOP('',(#5929,#5930,#5931));
#5929=ORIENTED_EDGE('',*,*,#5932,.T.);
#5930=ORIENTED_EDGE('',*,*,#5933,.T.);
#5931=ORIENTED_EDGE('',*,*,#5934,.T.);
#5932=EDGE_CURVE('',#171,#173,#5935,.F.);
#5933=EDGE_CURVE('',#173,#173,#5936,.T.);
#5934=EDGE_CURVE('',#173,#171,#5937,.T.);
#5935=LINE('',#170,#5938);
#5936=LINE('',#172,#5939);
#5937=LINE('',#172,#5940);
#5938=VECTOR('',#5941,1.0);
#5939=VECTOR('',#5942,1.0);
#5940=VECTOR('',#5943,1.0);
#5941=DIRECTION('',(-0.7518396575348835,0.6593459860784998,0));
#5942=DIRECTION('',(NaN,NaN,NaN));
#5943=DIRECTION('',(0.7518396575348835,-0.6593459860784998,0));
#5944=FACE_SURFACE('',(#5949),#5945,.T.);
#5945=PLANE('',#5946);
#5946=AXIS2_PLACEMENT_3D('',#172,#5947,#5948);
#5947=DIRECTION('',(NaN,NaN,NaN));
#5948=DIRECTION('',(-0.8314696645985185,0.5555701547531393,0));
#5949=FACE_BOUND('',#5950,.T.);
#5950=EDGE_LOOP('',(#5951,#5952,#5953));
#5951=ORIENTED_EDGE('',*,*,#5954,.T.);
#5952=ORIENTED_EDGE('',*,*,#5955,.T.);
#5953=ORIENTED_EDGE('',*,*,#5956,.T.);
#5954=EDGE_CURVE('',#173,#175,#5957,.F.);
#5955=EDGE_CURVE('',#175,#175,#5958,.T.);
#5956=EDGE_CURVE('',#175,#173,#5959,.T.);
#5957=LINE('',#172,#5960);
#5958=LINE('',#174,#5961);
#5959=LINE('',#174,#5962);
#5960=VECTOR('',#5963,1.0);
#5961=VECTOR('',#5964,1.0);
#5962=VECTOR('',#5965,1.0);
#5963=DIRECTION('',(-0.8314696645985185,0.5555701547531393,0));
#5964=DIRECTION('',(NaN,NaN,NaN));
#5965=DIRECTION('',(0.8314696645985185,-0.5555701547531393,0));
#5966=FACE_SURFACE('',(#5971),#5967,.T.);
#5967=PLANE('',#5968);
#5968=AXIS2_PLACEMENT_3D('',#174,#5969,#5970);
#5969=DIRECTION('',(NaN,NaN,NaN));
#5970=DIRECTION('',(-0.8968725939362053,0.4422889895149352,0));
#5971=FACE_BOUND('',#5972,.T.);
#5972=EDGE_LOOP('',(#5973,#5974,#5975));
#5973=ORIENTED_EDGE('',*,*,#5976,.T.);
#5974=ORIENTED_EDGE('',*,*,#5977,.T.);
#5975=ORIENTED_EDGE('',*,*,#5978,.T.);
#5976=EDGE_CURVE('',#175,#177,#5979,.F.);
#5977=EDGE_CURVE('',#177,#177,#5980,.T.);
#5978=EDGE_CURVE('',#177,#175,#5981,.T.);
#5979=LINE('',#174,#5982);
#5980=LINE('',#176,#5983);
#5981=LINE('',#176,#5984);
#5982=VECTOR('',#5985,1.0);
#5983=VECTOR('',#5986,1.0);
#5984=VECTOR('',#5987,1.0);
#5985=DIRECTION('',(-0.8968725939362053,0.4422889895149352,0));
#5986=DIRECTION('',(NaN,NaN,NaN));
#5987=DIRECTION('',(0.8968725939362053,-0.4422889895149352,0));
#5988=FACE_SURFACE('',(#5993),#5989,.T.);
#5989=PLANE('',#5990);
#5990=AXIS2_PLACEMENT_3D('',#176,#5991,#5992);
#5991=DIRECTION('',(NaN,NaN,NaN));
#5992=DIRECTION('',(-0.9469300992857509,0.32143955429703697,0));
#5993=FACE_BOUND('',#5994,.T.);
#5994=EDGE_LOOP('',(#5995,#5996,#5997));
#5995=ORIENTED_EDGE('',*,*,#5998,.T.);
#5996=ORIENTED_EDGE('',*,*,#5999,.T.);
#5997=ORIENTED_EDGE('',*,*,#6000,.T.);
#5998=EDGE_CURVE('',#177,#179,#6001,.F.);
#5999=EDGE_CURVE('',#179,#179,#6002,.T.);
#6000=EDGE_CURVE('',#179,#177,#6003,.T.);
#6001=LINE('',#176,#6004);
#6002=LINE('',#178,#6005);
#6003=LINE('',#178,#6006);
#6004=VECTOR('',#6007,1.0);
#6005=VECTOR('',#6008,1.0);
#6006=VECTOR('',#6009,1.0);
#6007=DIRECTION('',(-0.9469300992857509,0.32143955429703697,0));
#6008=DIRECTION('',(NaN,NaN,NaN));
#6009=DIRECTION('',(0.9469300992857509,-0.32143955429703697,0));
#6010=FACE_SURFACE('',(#6015),#6011,.T.);
#6011=PLANE('',#6012);
#6012=AXIS2_PLACEMENT_3D('',#178,#6013,#6014);
#6013=DIRECTION('',(NaN,NaN,NaN));
#6014=DIRECTION('',(-0.9807853690154503,0.19508987653188684,0));
#6015=FACE_BOUND('',#6016,.T.);
#6016=EDGE_LOOP('',(#6017,#6018,#6019));
#6017=ORIENTED_EDGE('',*,*,#6020,.T.);
#6018=ORIENTED_EDGE('',*,*,#6021,.T.);
#6019=ORIENTED_EDGE('',*,*,#6022,.T.);
#6020=EDGE_CURVE('',#179,#181,#6023,.F.);
#6021=EDGE_CURVE('',#181,#181,#6024,.T.);
#6022=EDGE_CURVE('',#181,#179,#6025,.T.);
#6023=LINE('',#178,#6026);
#6024=LINE('',#180,#6027);
#6025=LINE('',#180,#6028);
#6026=VECTOR('',#6029,1.0);
#6027=VECTOR('',#6030,1.0);
#6028=VECTOR('',#6031,1.0);
#6029=DIRECTION('',(-0.9807853690154503,0.19508987653188684,0));
#6030=DIRECTION('',(NaN,NaN,NaN));
#6031=DIRECTION('',(0.9807853690154503,-0.19508987653188684,0));
#6032=FACE_SURFACE('',(#6037),#6033,.T.);
#6033=PLANE('',#6034);
#6034=AXIS2_PLACEMENT_3D('',#180,#6035,#6036);
#6035=DIRECTION('',(NaN,NaN,NaN));
#6036=DIRECTION('',(-0.9978589057423682,0.06540339617056369,0));
#6037=FACE_BOUND('',#6038,.T.);
#6038=EDGE_LOOP('',(#6039,#6040,#6041));
#6039=ORIENTED_EDGE('',*,*,#6042,.T.);
#6040=ORIENTED_EDGE('',*,*,#6043,.T.);
#6041=ORIENTED_EDGE('',*,*,#6044,.T.);
#6042=EDGE_CURVE('',#181,#183,#6045,.F.);
#6043=EDGE_CURVE('',#183,#183,#6046,.T.);
#6044=EDGE_CURVE('',#183,#181,#6047,.T.);
#6045=LINE('',#180,#6048);
#6046=LINE('',#182,#6049);
#6047=LINE('',#182,#6050);
#6048=VECTOR('',#6051,1.0);
#6049=VECTOR('',#6052,1.0);
#6050=VECTOR('',#6053,1.0);
#6051=DIRECTION('',(-0.9978589057423682,0.06540339617056369,0));
#6052=DIRECTION('',(NaN,NaN,NaN));
#6053=DIRECTION('',(0.9978589057423682,-0.06540339617056369,0));
#6054=FACE_SURFACE('',(#6059),#6055,.T.);
#6055=PLANE('',#6056);
#6056=AXIS2_PLACEMENT_3D('',#182,#6057,#6058);
#6057=DIRECTION('',(NaN,NaN,NaN));
#6058=DIRECTION('',(-0.997858905742368,-0.06540339617056362,0));
#6059=FACE_BOUND('',#6060,.T.);
#6060=EDGE_LOOP('',(#6061,#6062,#6063));
#6061=ORIENTED_EDGE('',*,*,#6064,.T.);
#6062=ORIENTED_EDGE('',*,*,#6065,.T.);
#6063=ORIENTED_EDGE('',*,*,#6066,.T.);
#6064=EDGE_CURVE('',#183,#185,#6067,.F.);
#6065=EDGE_CURVE('',#185,#185,#6068,.T.);
#6066=EDGE_CURVE('',#185,#183,#6069,.T.);
#6067=LINE('',#182,#6070);
#6068=LINE('',#184,#6071);
#6069=LINE('',#184,#6072);
#6070=VECTOR('',#6073,1.0);
#6071=VECTOR('',#6074,1.0);
#6072=VECTOR('',#6075,1.0);
#6073=DIRECTION('',(-0.997858905742368,-0.06540339617056362,0));
#6074=DIRECTION('',(NaN,NaN,NaN));
#6075=DIRECTION('',(0.997858905742368,0.06540339617056362,0));
#6076=FACE_SURFACE('',(#6081),#6077,.T.);
#6077=PLANE('',#6078);
#6078=AXIS2_PLACEMENT_3D('',#184,#6079,#6080);
#6079=DIRECTION('',(NaN,NaN,NaN));
#6080=DIRECTION('',(-0.9807853690154503,-0.19508987653188684,0));
#6081=FACE_BOUND('',#6082,.T.);
#6082=EDGE_LOOP('',(#6083,#6084,#6085));
#6083=ORIENTED_EDGE('',*,*,#6086,.T.);
#6084=ORIENTED_EDGE('',*,*,#6087,.T.);
#6085=ORIENTED_EDGE('',*,*,#6088,.T.);
#6086=EDGE_CURVE('',#185,#187,#6089,.F.);
#6087=EDGE_CURVE('',#187,#187,#6090,.T.);
#6088=EDGE_CURVE('',#187,#185,#6091,.T.);
#6089=LINE('',#184,#6092);
#6090=LINE('',#186,#6093);
#6091=LINE('',#186,#6094);
#6092=VECTOR('',#6095,1.0);
#6093=VECTOR('',#6096,1.0);
#6094=VECTOR('',#6097,1.0);
#6095=DIRECTION('',(-0.9807853690154503,-0.19508987653188684,0));
#6096=DIRECTION('',(NaN,NaN,NaN));
#6097=DIRECTION('',(0.9807853690154503,0.19508987653188684,0));
#6098=FACE_SURFACE('',(#6103),#6099,.T.);
#6099=PLANE('',#6100);
#6100=AXIS2_PLACEMENT_3D('',#186,#6101,#6102);
#6101=DIRECTION('',(NaN,NaN,NaN));
#6102=DIRECTION('',(-0.9469300992857509,-0.32143955429703697,0));
#6103=FACE_BOUND('',#6104,.T.);
#6104=EDGE_LOOP('',(#6105,#6106,#6107));
#6105=ORIENTED_EDGE('',*,*,#6108,.T.);
#6106=ORIENTED_EDGE('',*,*,#6109,.T.);
#6107=ORIENTED_EDGE('',*,*,#6110,.T.);
#6108=EDGE_CURVE('',#187,#189,#6111,.F.);
#6109=EDGE_CURVE('',#189,#189,#6112,.T.);
#6110=EDGE_CURVE('',#189,#187,#6113,.T.);
#6111=LINE('',#186,#6114);
#6112=LINE('',#188,#6115);
#6113=LINE('',#188,#6116);
#6114=VECTOR('',#6117,1.0);
#6115=VECTOR('',#6118,1.0);
#6116=VECTOR('',#6119,1.0);
#6117=DIRECTION('',(-0.9469300992857509,-0.32143955429703697,0));
#6118=DIRECTION('',(NaN,NaN,NaN));
#6119=DIRECTION('',(0.9469300992857509,0.32143955429703697,0));
#6120=FACE_SURFACE('',(#6125),#6121,.T.);
#6121=PLANE('',#6122);
#6122=AXIS2_PLACEMENT_3D('',#188,#6123,#6124);
#6123=DIRECTION('',(NaN,NaN,NaN));
#6124=DIRECTION('',(-0.8968725939362053,-0.4422889895149352,0));
#6125=FACE_BOUND('',#6126,.T.);
#6126=EDGE_LOOP('',(#6127,#6128,#6129));
#6127=ORIENTED_EDGE('',*,*,#6130,.T.);
#6128=ORIENTED_EDGE('',*,*,#6131,.T.);
#6129=ORIENTED_EDGE('',*,*,#6132,.T.);
#6130=EDGE_CURVE('',#189,#191,#6133,.F.);
#6131=EDGE_CURVE('',#191,#191,#6134,.T.);
#6132=EDGE_CURVE('',#191,#189,#6135,.T.);
#6133=LINE('',#188,#6136);
#6134=LINE('',#190,#6137);
#6135=LINE('',#190,#6138);
#6136=VECTOR('',#6139,1.0);
#6137=VECTOR('',#6140,1.0);
#6138=VECTOR('',#6141,1.0);
#6139=DIRECTION('',(-0.8968725939362053,-0.4422889895149352,0));
#6140=DIRECTION('',(NaN,NaN,NaN));
#6141=DIRECTION('',(0.8968725939362053,0.4422889895149352,0));
#6142=FACE_SURFACE('',(#6147),#6143,.T.);
#6143=PLANE('',#6144);
#6144=AXIS2_PLACEMENT_3D('',#190,#6145,#6146);
#6145=DIRECTION('',(NaN,NaN,NaN));
#6146=DIRECTION('',(-0.8314696645985185,-0.5555701547531393,0));
#6147=FACE_BOUND('',#6148,.T.);
#6148=EDGE_LOOP('',(#6149,#6150,#6151));
#6149=ORIENTED_EDGE('',*,*,#6152,.T.);
#6150=ORIENTED_EDGE('',*,*,#6153,.T.);
#6151=ORIENTED_EDGE('',*,*,#6154,.T.);
#6152=EDGE_CURVE('',#191,#193,#6155,.F.);
#6153=EDGE_CURVE('',#193,#193,#6156,.T.);
#6154=EDGE_CURVE('',#193,#191,#6157,.T.);
#6155=LINE('',#190,#6158);
#6156=LINE('',#192,#6159);
#6157=LINE('',#192,#6160);
#6158=VECTOR('',#6161,1.0);
#6159=VECTOR('',#6162,1.0);
#6160=VECTOR('',#6163,1.0);
#6161=DIRECTION('',(-0.8314696645985185,-0.5555701547531393,0));
#6162=DIRECTION('',(NaN,NaN,NaN));
#6163=DIRECTION('',(0.8314696645985185,0.5555701547531393,0));
#6164=FACE_SURFACE('',(#6169),#6165,.T.);
#6165=PLANE('',#6166);
#6166=AXIS2_PLACEMENT_3D('',#192,#6167,#6168);
#6167=DIRECTION('',(NaN,NaN,NaN));
#6168=DIRECTION('',(-0.7518396575348835,-0.6593459860784998,0));
#6169=FACE_BOUND('',#6170,.T.);
#6170=EDGE_LOOP('',(#6171,#6172,#6173));
#6171=ORIENTED_EDGE('',*,*,#6174,.T.);
#6172=ORIENTED_EDGE('',*,*,#6175,.T.);
#6173=ORIENTED_EDGE('',*,*,#6176,.T.);
#6174=EDGE_CURVE('',#193,#195,#6177,.F.);
#6175=EDGE_CURVE('',#195,#195,#6178,.T.);
#6176=EDGE_CURVE('',#195,#193,#6179,.T.);
#6177=LINE('',#192,#6180);
#6178=LINE('',#194,#6181);
#6179=LINE('',#194,#6182);
#6180=VECTOR('',#6183,1.0);
#6181=VECTOR('',#6184,1.0);
#6182=VECTOR('',#6185,1.0);
#6183=DIRECTION('',(-0.7518396575348835,-0.6593459860784998,0));
#6184=DIRECTION('',(NaN,NaN,NaN));
#6185=DIRECTION('',(0.7518396575348835,0.6593459860784998,0));
#6186=FACE_SURFACE('',(#6191),#6187,.T.);
#6187=PLANE('',#6188);
#6188=AXIS2_PLACEMENT_3D('',#194,#6189,#6190);
#6189=DIRECTION('',(NaN,NaN,NaN));
#6190=DIRECTION('',(-0.6593459860784998,-0.7518396575348835,0));
#6191=FACE_BOUND('',#6192,.T.);
#6192=EDGE_LOOP('',(#6193,#6194,#6195));
#6193=ORIENTED_EDGE('',*,*,#6196,.T.);
#6194=ORIENTED_EDGE('',*,*,#6197,.T.);
#6195=ORIENTED_EDGE('',*,*,#6198,.T.);
#6196=EDGE_CURVE('',#195,#197,#6199,.F.);
#6197=EDGE_CURVE('',#197,#197,#6200,.T.);
#6198=EDGE_CURVE('',#197,#195,#6201,.T.);
#6199=LINE('',#194,#6202);
#6200=LINE('',#196,#6203);
#6201=LINE('',#196,#6204);
#6202=VECTOR('',#6205,1.0);
#6203=VECTOR('',#6206,1.0);
#6204=VECTOR('',#6207,1.0);
#6205=DIRECTION('',(-0.6593459860784998,-0.7518396575348835,0));
#6206=DIRECTION('',(NaN,NaN,NaN));
#6207=DIRECTION('',(0.6593459860784998,0.7518396575348835,0));
#6208=FACE_SURFACE('',(#6213),#6209,.T.);
#6209=PLANE('',#6210);
#6210=AXIS2_PLACEMENT_3D('',#196,#6211,#6212);
#6211=DIRECTION('',(NaN,NaN,NaN));
#6212=DIRECTION('',(-0.5555701547531393,-0.8314696645985185,0));
#6213=FACE_BOUND('',#6214,.T.);
#6214=EDGE_LOOP('',(#6215,#6216,#6217));
#6215=ORIENTED_EDGE('',*,*,#6218,.T.);
#6216=ORIENTED_EDGE('',*,*,#6219,.T.);
#6217=ORIENTED_EDGE('',*,*,#6220,.T.);
#6218=EDGE_CURVE('',#197,#199,#6221,.F.);
#6219=EDGE_CURVE('',#199,#199,#6222,.T.);
#6220=EDGE_CURVE('',#199,#197,#6223,.T.);
#6221=LINE('',#196,#6224);
#6222=LINE('',#198,#6225);
#6223=LINE('',#198,#6226);
#6224=VECTOR('',#6227,1.0);
#6225=VECTOR('',#6228,1.0);
#6226=VECTOR('',#6229,1.0);
#6227=DIRECTION('',(-0.5555701547531393,-0.8314696645985185,0));
#6228=DIRECTION('',(NaN,NaN,NaN));
#6229=DIRECTION('',(0.5555701547531393,0.8314696645985185,0));
#6230=FACE_SURFACE('',(#6235),#6231,.T.);
#6231=PLANE('',#6232);
#6232=AXIS2_PLACEMENT_3D('',#198,#6233,#6234);
#6233=DIRECTION('',(NaN,NaN,NaN));
#6234=DIRECTION('',(-0.4422889895149352,-0.8968725939362053,0));
#6235=FACE_BOUND('',#6236,.T.);
#6236=EDGE_LOOP('',(#6237,#6238,#6239));
#6237=ORIENTED_EDGE('',*,*,#6240,.T.);
#6238=ORIENTED_EDGE('',*,*,#6241,.T.);
#6239=ORIENTED_EDGE('',*,*,#6242,.T.);
#6240=EDGE_CURVE('',#199,#201,#6243,.F.);
#6241=EDGE_CURVE('',#201,#201,#6244,.T.);
#6242=EDGE_CURVE('',#201,#199,#6245,.T.);
#6243=LINE('',#198,#6246);
#6244=LINE('',#200,#6247);
#6245=LINE('',#200,#6248);
#6246=VECTOR('',#6249,1.0);
#6247=VECTOR('',#6250,1.0);
#6248=VECTOR('',#6251,1.0);
#6249=DIRECTION('',(-0.4422889895149352,-0.8968725939362053,0));
#6250=DIRECTION('',(NaN,NaN,NaN));
#6251=DIRECTION('',(0.4422889895149352,0.8968725939362053,0));
#6252=FACE_SURFACE('',(#6257),#6253,.T.);
#6253=PLANE('',#6254);
#6254=AXIS2_PLACEMENT_3D('',#200,#6255,#6256);
#6255=DIRECTION('',(NaN,NaN,NaN));
#6256=DIRECTION('',(-0.32143955429703697,-0.9469300992857509,0));
#6257=FACE_BOUND('',#6258,.T.);
#6258=EDGE_LOOP('',(#6259,#6260,#6261));
#6259=ORIENTED_EDGE('',*,*,#6262,.T.);
#6260=ORIENTED_EDGE('',*,*,#6263,.T.);
#6261=ORIENTED_EDGE('',*,*,#6264,.T.);
#6262=EDGE_CURVE('',#201,#203,#6265,.F.);
#6263=EDGE_CURVE('',#203,#203,#6266,.T.);
#6264=EDGE_CURVE('',#203,#201,#6267,.T.);
#6265=LINE('',#200,#6268);
#6266=LINE('',#202,#6269);
#6267=LINE('',#202,#6270);
#6268=VECTOR('',#6271,1.0);
#6269=VECTOR('',#6272,1.0);
#6270=VECTOR('',#6273,1.0);
#6271=DIRECTION('',(-0.32143955429703697,-0.9469300992857509,0));
#6272=DIRECTION('',(NaN,NaN,NaN));
#6273=DIRECTION('',(0.32143955429703697,0.9469300992857509,0));
#6274=FACE_SURFACE('',(#6279),#6275,.T.);
#6275=PLANE('',#6276);
#6276=AXIS2_PLACEMENT_3D('',#202,#6277,#6278);
#6277=DIRECTION('',(NaN,NaN,NaN));
#6278=DIRECTION('',(-0.19508987653188684,-0.9807853690154503,0));
#6279=FACE_BOUND('',#6280,.T.);
#6280=EDGE_LOOP('',(#6281,#6282,#6283));
#6281=ORIENTED_EDGE('',*,*,#6284,.T.);
#6282=ORIENTED_EDGE('',*,*,#6285,.T.);
#6283=ORIENTED_EDGE('',*,*,#6286,.T.);
#6284=EDGE_CURVE('',#203,#205,#6287,.F.);
#6285=EDGE_CURVE('',#205,#205,#6288,.T.);
#6286=EDGE_CURVE('',#205,#203,#6289,.T.);
#6287=LINE('',#202,#6290);
#6288=LINE('',#204,#6291);
#6289=LINE('',#204,#6292);
#6290=VECTOR('',#6293,1.0);
#6291=VECTOR('',#6294,1.0);
#6292=VECTOR('',#6295,1.0);
#6293=DIRECTION('',(-0.19508987653188684,-0.9807853690154503,0));
#6294=DIRECTION('',(NaN,NaN,NaN));
#6295=DIRECTION('',(0.19508987653188684,0.9807853690154503,0));
#6296=FACE_SURFACE('',(#6301),#6297,.T.);
#6297=PLANE('',#6298);
#6298=AXIS2_PLACEMENT_3D('',#204,#6299,#6300);
#6299=DIRECTION('',(NaN,NaN,NaN));
#6300=DIRECTION('',(-0.06540339617056404,-0.9978589057423681,0));
#6301=FACE_BOUND('',#6302,.T.);
#6302=EDGE_LOOP('',(#6303,#6304,#6305));
#6303=ORIENTED_EDGE('',*,*,#6306,.T.);
#6304=ORIENTED_EDGE('',*,*,#6307,.T.);
#6305=ORIENTED_EDGE('',*,*,#6308,.T.);
#6306=EDGE_CURVE('',#205,#207,#6309,.F.);
#6307=EDGE_CURVE('',#207,#207,#6310,.T.);
#6308=EDGE_CURVE('',#207,#205,#6311,.T.);
#6309=LINE('',#204,#6312);
#6310=LINE('',#206,#6313);
#6311=LINE('',#206,#6314);
#6312=VECTOR('',#6315,1.0);
#6313=VECTOR('',#6316,1.0);
#6314=VECTOR('',#6317,1.0);
#6315=DIRECTION('',(-0.06540339617056404,-0.9978589057423681,0));
#6316=DIRECTION('',(NaN,NaN,NaN));
#6317=DIRECTION('',(0.06540339617056404,0.9978589057423681,0));
#6318=FACE_SURFACE('',(#6323),#6319,.T.);
#6319=PLANE('',#6320);
#6320=AXIS2_PLACEMENT_3D('',#206,#6321,#6322);
#6321=DIRECTION('',(NaN,NaN,NaN));
#6322=DIRECTION('',(0.06540339617056329,-0.997858905742368,0));
#6323=FACE_BOUND('',#6324,.T.);
#6324=EDGE_LOOP('',(#6325,#6326,#6327));
#6325=ORIENTED_EDGE('',*,*,#6328,.T.);
#6326=ORIENTED_EDGE('',*,*,#6329,.T.);
#6327=ORIENTED_EDGE('',*,*,#6330,.T.);
#6328=EDGE_CURVE('',#207,#209,#6331,.F.);
#6329=EDGE_CURVE('',#209,#209,#6332,.T.);
#6330=EDGE_CURVE('',#209,#207,#6333,.T.);
#6331=LINE('',#206,#6334);
#6332=LINE('',#208,#6335);
#6333=LINE('',#208,#6336);
#6334=VECTOR('',#6337,1.0);
#6335=VECTOR('',#6338,1.0);
#6336=VECTOR('',#6339,1.0);
#6337=DIRECTION('',(0.06540339617056329,-0.997858905742368,0));
#6338=DIRECTION('',(NaN,NaN,NaN));
#6339=DIRECTION('',(-0.06540339617056329,0.997858905742368,0));
#6340=FACE_SURFACE('',(#6345),#6341,.T.);
#6341=PLANE('',#6342);
#6342=AXIS2_PLACEMENT_3D('',#208,#6343,#6344);
#6343=DIRECTION('',(NaN,NaN,NaN));
#6344=DIRECTION('',(0.19508987653188684,-0.9807853690154503,0));
#6345=FACE_BOUND('',#6346,.T.);
#6346=EDGE_LOOP('',(#6347,#6348,#6349));
#6347=ORIENTED_EDGE('',*,*,#6350,.T.);
#6348=ORIENTED_EDGE('',*,*,#6351,.T.);
#6349=ORIENTED_EDGE('',*,*,#6352,.T.);
#6350=EDGE_CURVE('',#209,#211,#6353,.F.);
#6351=EDGE_CURVE('',#211,#211,#6354,.T.);
#6352=EDGE_CURVE('',#211,#209,#6355,.T.);
#6353=LINE('',#208,#6356);
#6354=LINE('',#210,#6357);
#6355=LINE('',#210,#6358);
#6356=VECTOR('',#6359,1.0);
#6357=VECTOR('',#6360,1.0);
#6358=VECTOR('',#6361,1.0);
#6359=DIRECTION('',(0.19508987653188684,-0.9807853690154503,0));
#6360=DIRECTION('',(NaN,NaN,NaN));
#6361=DIRECTION('',(-0.19508987653188684,0.9807853690154503,0));
#6362=FACE_SURFACE('',(#6367),#6363,.T.);
#6363=PLANE('',#6364);
#6364=AXIS2_PLACEMENT_3D('',#210,#6365,#6366);
#6365=DIRECTION('',(NaN,NaN,NaN));
#6366=DIRECTION('',(0.32143955429703697,-0.9469300992857509,0));
#6367=FACE_BOUND('',#6368,.T.);
#6368=EDGE_LOOP('',(#6369,#6370,#6371));
#6369=ORIENTED_EDGE('',*,*,#6372,.T.);
#6370=ORIENTED_EDGE('',*,*,#6373,.T.);
#6371=ORIENTED_EDGE('',*,*,#6374,.T.);
#6372=EDGE_CURVE('',#211,#213,#6375,.F.);
#6373=EDGE_CURVE('',#213,#213,#6376,.T.);
#6374=EDGE_CURVE('',#213,#211,#6377,.T.);
#6375=LINE('',#210,#6378);
#6376=LINE('',#212,#6379);
#6377=LINE('',#212,#6380);
#6378=VECTOR('',#6381,1.0);
#6379=VECTOR('',#6382,1.0);
#6380=VECTOR('',#6383,1.0);
#6381=DIRECTION('',(0.32143955429703697,-0.9469300992857509,0));
#6382=DIRECTION('',(NaN,NaN,NaN));
#6383=DIRECTION('',(-0.32143955429703697,0.9469300992857509,0));
#6384=FACE_SURFACE('',(#6389),#6385,.T.);
#6385=PLANE('',#6386);
#6386=AXIS2_PLACEMENT_3D('',#212,#6387,#6388);
#6387=DIRECTION('',(NaN,NaN,NaN));
#6388=DIRECTION('',(0.4422889895149352,-0.8968725939362053,0));
#6389=FACE_BOUND('',#6390,.T.);
#6390=EDGE_LOOP('',(#6391,#6392,#6393));
#6391=ORIENTED_EDGE('',*,*,#6394,.T.);
#6392=ORIENTED_EDGE('',*,*,#6395,.T.);
#6393=ORIENTED_EDGE('',*,*,#6396,.T.);
#6394=EDGE_CURVE('',#213,#215,#6397,.F.);
#6395=EDGE_CURVE('',#215,#215,#6398,.T.);
#6396=EDGE_CURVE('',#215,#213,#6399,.T.);
#6397=LINE('',#212,#6400);
#6398=LINE('',#214,#6401);
#6399=LINE('',#214,#6402);
#6400=VECTOR('',#6403,1.0);
#6401=VECTOR('',#6404,1.0);
#6402=VECTOR('',#6405,1.0);
#6403=DIRECTION('',(0.4422889895149352,-0.8968725939362053,0));
#6404=DIRECTION('',(NaN,NaN,NaN));
#6405=DIRECTION('',(-0.4422889895149352,0.8968725939362053,0));
#6406=FACE_SURFACE('',(#6411),#6407,.T.);
#6407=PLANE('',#6408);
#6408=AXIS2_PLACEMENT_3D('',#214,#6409,#6410);
#6409=DIRECTION('',(NaN,NaN,NaN));
#6410=DIRECTION('',(0.5555701547531393,-0.8314696645985185,0));
#6411=FACE_BOUND('',#6412,.T.);
#6412=EDGE_LOOP('',(#6413,#6414,#6415));
#6413=ORIENTED_EDGE('',*,*,#6416,.T.);
#6414=ORIENTED_EDGE('',*,*,#6417,.T.);
#6415=ORIENTED_EDGE('',*,*,#6418,.T.);
#6416=EDGE_CURVE('',#215,#217,#6419,.F.);
#6417=EDGE_CURVE('',#217,#217,#6420,.T.);
#6418=EDGE_CURVE('',#217,#215,#6421,.T.);
#6419=LINE('',#214,#6422);
#6420=LINE('',#216,#6423);
#6421=LINE('',#216,#6424);
#6422=VECTOR('',#6425,1.0);
#6423=VECTOR('',#6426,1.0);
#6424=VECTOR('',#6427,1.0);
#6425=DIRECTION('',(0.5555701547531393,-0.8314696645985185,0));
#6426=DIRECTION('',(NaN,NaN,NaN));
#6427=DIRECTION('',(-0.5555701547531393,0.8314696645985185,0));
#6428=FACE_SURFACE('',(#6433),#6429,.T.);
#6429=PLANE('',#6430);
#6430=AXIS2_PLACEMENT_3D('',#216,#6431,#6432);
#6431=DIRECTION('',(NaN,NaN,NaN));
#6432=DIRECTION('',(0.6593459860784998,-0.7518396575348835,0));
#6433=FACE_BOUND('',#6434,.T.);
#6434=EDGE_LOOP('',(#6435,#6436,#6437));
#6435=ORIENTED_EDGE('',*,*,#6438,.T.);
#6436=ORIENTED_EDGE('',*,*,#6439,.T.);
#6437=ORIENTED_EDGE('',*,*,#6440,.T.);
#6438=EDGE_CURVE('',#217,#219,#6441,.F.);
#6439=EDGE_CURVE('',#219,#219,#6442,.T.);
#6440=EDGE_CURVE('',#219,#217,#6443,.T.);
#6441=LINE('',#216,#6444);
#6442=LINE('',#218,#6445);
#6443=LINE('',#218,#6446);
#6444=VECTOR('',#6447,1.0);
#6445=VECTOR('',#6448,1.0);
#6446=VECTOR('',#6449,1.0);
#6447=DIRECTION('',(0.6593459860784998,-0.7518396575348835,0));
#6448=DIRECTION('',(NaN,NaN,NaN));
#6449=DIRECTION('',(-0.6593459860784998,0.7518396575348835,0));
#6450=FACE_SURFACE('',(#6455),#6451,.T.);
#6451=PLANE('',#6452);
#6452=AXIS2_PLACEMENT_3D('',#218,#6453,#6454);
#6453=DIRECTION('',(NaN,NaN,NaN));
#6454=DIRECTION('',(0.7518396575348835,-0.6593459860784998,0));
#6455=FACE_BOUND('',#6456,.T.);
#6456=EDGE_LOOP('',(#6457,#6458,#6459));
#6457=ORIENTED_EDGE('',*,*,#6460,.T.);
#6458=ORIENTED_EDGE('',*,*,#6461,.T.);
#6459=ORIENTED_EDGE('',*,*,#6462,.T.);
#6460=EDGE_CURVE('',#219,#221,#6463,.F.);
#6461=EDGE_CURVE('',#221,#221,#6464,.T.);
#6462=EDGE_CURVE('',#221,#219,#6465,.T.);
#6463=LINE('',#218,#6466);
#6464=LINE('',#220,#6467);
#6465=LINE('',#220,#6468);
#6466=VECTOR('',#6469,1.0);
#6467=VECTOR('',#6470,1.0);
#6468=VECTOR('',#6471,1.0);
#6469=DIRECTION('',(0.7518396575348835,-0.6593459860784998,0));
#6470=DIRECTION('',(NaN,NaN,NaN));
#6471=DIRECTION('',(-0.7518396575348835,0.6593459860784998,0));
#6472=FACE_SURFACE('',(#6477),#6473,.T.);
#6473=PLANE('',#6474);
#6474=AXIS2_PLACEMENT_3D('',#220,#6475,#6476);
#6475=DIRECTION('',(NaN,NaN,NaN));
#6476=DIRECTION('',(0.8314696645985185,-0.5555701547531393,0));
#6477=FACE_BOUND('',#6478,.T.);
#6478=EDGE_LOOP('',(#6479,#6480,#6481));
#6479=ORIENTED_EDGE('',*,*,#6482,.T.);
#6480=ORIENTED_EDGE('',*,*,#6483,.T.);
#6481=ORIENTED_EDGE('',*,*,#6484,.T.);
#6482=EDGE_CURVE('',#221,#223,#6485,.F.);
#6483=EDGE_CURVE('',#223,#223,#6486,.T.);
#6484=EDGE_CURVE('',#223,#221,#6487,.T.);
#6485=LINE('',#220,#6488);
#6486=LINE('',#222,#6489);
#6487=LINE('',#222,#6490);
#6488=VECTOR('',#6491,1.0);
#6489=VECTOR('',#6492,1.0);
#6490=VECTOR('',#6493,1.0);
#6491=DIRECTION('',(0.8314696645985185,-0.5555701547531393,0));
#6492=DIRECTION('',(NaN,NaN,NaN));
#6493=DIRECTION('',(-0.8314696645985185,0.5555701547531393,0));
#6494=FACE_SURFACE('',(#6499),#6495,.T.);
#6495=PLANE('',#6496);
#6496=AXIS2_PLACEMENT_3D('',#222,#6497,#6498);
#6497=DIRECTION('',(NaN,NaN,NaN));
#6498=DIRECTION('',(0.8968725939362053,-0.4422889895149352,0));
#6499=FACE_BOUND('',#6500,.T.);
#6500=EDGE_LOOP('',(#6501,#6502,#6503));
#6501=ORIENTED_EDGE('',*,*,#6504,.T.);
#6502=ORIENTED_EDGE('',*,*,#6505,.T.);
#6503=ORIENTED_EDGE('',*,*,#6506,.T.);
#6504=EDGE_CURVE('',#223,#225,#6507,.F.);
#6505=EDGE_CURVE('',#225,#225,#6508,.T.);
#6506=EDGE_CURVE('',#225,#223,#6509,.T.);
#6507=LINE('',#222,#6510);
#6508=LINE('',#224,#6511);
#6509=LINE('',#224,#6512);
#6510=VECTOR('',#6513,1.0);
#6511=VECTOR('',#6514,1.0);
#6512=VECTOR('',#6515,1.0);
#6513=DIRECTION('',(0.8968725939362053,-0.4422889895149352,0));
#6514=DIRECTION('',(NaN,NaN,NaN));
#6515=DIRECTION('',(-0.8968725939362053,0.4422889895149352,0));
#6516=FACE_SURFACE('',(#6521),#6517,.T.);
#6517=PLANE('',#6518);
#6518=AXIS2_PLACEMENT_3D('',#224,#6519,#6520);
#6519=DIRECTION('',(NaN,NaN,NaN));
#6520=DIRECTION('',(0.9469300992857509,-0.32143955429703697,0));
#6521=FACE_BOUND('',#6522,.T.);
#6522=EDGE_LOOP('',(#6523,#6524,#6525));
#6523=ORIENTED_EDGE('',*,*,#6526,.T.);
#6524=ORIENTED_EDGE('',*,*,#6527,.T.);
#6525=ORIENTED_EDGE('',*,*,#6528,.T.);
#6526=EDGE_CURVE('',#225,#227,#6529,.F.);
#6527=EDGE_CURVE('',#227,#227,#6530,.T.);
#6528=EDGE_CURVE('',#227,#225,#6531,.T.);
#6529=LINE('',#224,#6532);
#6530=LINE('',#226,#6533);
#6531=LINE('',#226,#6534);
#6532=VECTOR('',#6535,1.0);
#6533=VECTOR('',#6536,1.0);
#6534=VECTOR('',#6537,1.0);
#6535=DIRECTION('',(0.9469300992857509,-0.32143955429703697,0));
#6536=DIRECTION('',(NaN,NaN,NaN));
#6537=DIRECTION('',(-0.9469300992857509,0.32143955429703697,0));
#6538=FACE_SURFACE('',(#6543),#6539,.T.);
#6539=PLANE('',#6540);
#6540=AXIS2_PLACEMENT_3D('',#226,#6541,#6542);
#6541=DIRECTION('',(NaN,NaN,NaN));
#6542=DIRECTION('',(0.9807853690154503,-0.19508987653188684,0));
#6543=FACE_BOUND('',#6544,.T.);
#6544=EDGE_LOOP('',(#6545,#6546,#6547));
#6545=ORIENTED_EDGE('',*,*,#6548,.T.);
#6546=ORIENTED_EDGE('',*,*,#6549,.T.);
#6547=ORIENTED_EDGE('',*,*,#6550,.T.);
#6548=EDGE_CURVE('',#227,#229,#6551,.F.);
#6549=EDGE_CURVE('',#229,#229,#6552,.T.);
#6550=EDGE_CURVE('',#229,#227,#6553,.T.);
#6551=LINE('',#226,#6554);
#6552=LINE('',#228,#6555);
#6553=LINE('',#228,#6556);
#6554=VECTOR('',#6557,1.0);
#6555=VECTOR('',#6558,1.0);
#6556=VECTOR('',#6559,1.0);
#6557=DIRECTION('',(0.9807853690154503,-0.19508987653188684,0));
#6558=DIRECTION('',(NaN,NaN,NaN));
#6559=DIRECTION('',(-0.9807853690154503,0.19508987653188684,0));
#6560=FACE_SURFACE('',(#6565),#6561,.T.);
#6561=PLANE('',#6562);
#6562=AXIS2_PLACEMENT_3D('',#228,#6563,#6564);
#6563=DIRECTION('',(NaN,NaN,NaN));
#6564=DIRECTION('',(0.997858905742368,-0.06540339617056362,0));
#6565=FACE_BOUND('',#6566,.T.);
#6566=EDGE_LOOP('',(#6567,#6568,#6569));
#6567=ORIENTED_EDGE('',*,*,#6570,.T.);
#6568=ORIENTED_EDGE('',*,*,#6571,.T.);
#6569=ORIENTED_EDGE('',*,*,#6572,.T.);
#6570=EDGE_CURVE('',#229,#133,#6573,.F.);
#6571=EDGE_CURVE('',#133,#133,#6574,.T.);
#6572=EDGE_CURVE('',#133,#229,#6575,.T.);
#6573=LINE('',#228,#6576);
#6574=LINE('',#132,#6577);
#6575=LINE('',#132,#6578);
#6576=VECTOR('',#6579,1.0);
#6577=VECTOR('',#6580,1.0);
#6578=VECTOR('',#6581,1.0);
#6579=DIRECTION('',(0.997858905742368,-0.06540339617056362,0));
#6580=DIRECTION('',(NaN,NaN,NaN));
#6581=DIRECTION('',(-0.997858905742368,0.06540339617056362,0));
#6582=FACE_SURFACE('',(#6587),#6583,.T.);
#6583=PLANE('',#6584);
#6584=AXIS2_PLACEMENT_3D('',#230,#6585,#6586);
#6585=DIRECTION('',(1,-0,0));
#6586=DIRECTION('',(0,0,-1));
#6587=FACE_BOUND('',#6588,.T.);
#6588=EDGE_LOOP('',(#6589,#6590,#6591));
#6589=ORIENTED_EDGE('',*,*,#6592,.T.);
#6590=ORIENTED_EDGE('',*,*,#6593,.T.);
#6591=ORIENTED_EDGE('',*,*,#6594,.T.);
#6592=EDGE_CURVE('',#231,#233,#6595,.F.);
#6593=EDGE_CURVE('',#233,#235,#6596,.T.);
#6594=EDGE_CURVE('',#235,#231,#6597,.T.);
#6595=LINE('',#230,#6598);
#6596=LINE('',#232,#6599);
#6597=LINE('',#234,#6600);
#6598=VECTOR('',#6601,1.0);
#6599=VECTOR('',#6602,1.0);
#6600=VECTOR('',#6603,1.0);
#6601=DIRECTION('',(0,0,-1));
#6602=DIRECTION('',(0,0.9987523388778446,0.04993761694389213));
#6603=DIRECTION('',(0,-1,0));
#6604=FACE_SURFACE('',(#6609),#6605,.T.);
#6605=PLANE('',#6606);
#6606=AXIS2_PLACEMENT_3D('',#232,#6607,#6608);
#6607=DIRECTION('',(1,-0,0));
#6608=DIRECTION('',(0,1,-2.2510622245354094E-16));
#6609=FACE_BOUND('',#6610,.T.);
#6610=EDGE_LOOP('',(#6611,#6612,#6613));
#6611=ORIENTED_EDGE('',*,*,#6614,.T.);
#6612=ORIENTED_EDGE('',*,*,#6615,.T.);
#6613=ORIENTED_EDGE('',*,*,#6616,.T.);
#6614=EDGE_CURVE('',#233,#237,#6617,.F.);
#6615=EDGE_CURVE('',#237,#235,#6618,.T.);
#6616=EDGE_CURVE('',#235,#233,#6619,.T.);
#6617=LINE('',#232,#6620);
#6618=LINE('',#236,#6621);
#6619=LINE('',#234,#6622);
#6620=VECTOR('',#6623,1.0);
#6621=VECTOR('',#6624,1.0);
#6622=VECTOR('',#6625,1.0);
#6623=DIRECTION('',(0,1,-2.2510622245354094E-16));
#6624=DIRECTION('',(0,0,1));
#6625=DIRECTION('',(0,-0.9987523388778446,-0.04993761694389213));
#6626=FACE_SURFACE('',(#6631),#6627,.T.);
#6627=PLANE('',#6628);
#6628=AXIS2_PLACEMENT_3D('',#238,#6629,#6630);
#6629=DIRECTION('',(-1,-0,-0));
#6630=DIRECTION('',(0,0,-1));
#6631=FACE_BOUND('',#6632,.T.);
#6632=EDGE_LOOP('',(#6633,#6634,#6635));
#6633=ORIENTED_EDGE('',*,*,#6636,.T.);
#6634=ORIENTED_EDGE('',*,*,#6637,.T.);
#6635=ORIENTED_EDGE('',*,*,#6638,.T.);
#6636=EDGE_CURVE('',#239,#241,#6639,.F.);
#6637=EDGE_CURVE('',#241,#243,#6640,.T.);
#6638=EDGE_CURVE('',#243,#239,#6641,.T.);
#6639=LINE('',#238,#6642);
#6640=LINE('',#240,#6643);
#6641=LINE('',#242,#6644);
#6642=VECTOR('',#6645,1.0);
#6643=VECTOR('',#6646,1.0);
#6644=VECTOR('',#6647,1.0);
#6645=DIRECTION('',(0,0,-1));
#6646=DIRECTION('',(0,-0.9987523388778446,0.04993761694389235));
#6647=DIRECTION('',(0,1,0));
#6648=FACE_SURFACE('',(#6653),#6649,.T.);
#6649=PLANE('',#6650);
#6650=AXIS2_PLACEMENT_3D('',#240,#6651,#6652);
#6651=DIRECTION('',(-1,0,0));
#6652=DIRECTION('',(0,-1,2.2510622245354094E-16));
#6653=FACE_BOUND('',#6654,.T.);
#6654=EDGE_LOOP('',(#6655,#6656,#6657));
#6655=ORIENTED_EDGE('',*,*,#6658,.T.);
#6656=ORIENTED_EDGE('',*,*,#6659,.T.);
#6657=ORIENTED_EDGE('',*,*,#6660,.T.);
#6658=EDGE_CURVE('',#241,#245,#6661,.F.);
#6659=EDGE_CURVE('',#245,#243,#6662,.T.);
#6660=EDGE_CURVE('',#243,#241,#6663,.T.);
#6661=LINE('',#240,#6664);
#6662=LINE('',#244,#6665);
#6663=LINE('',#242,#6666);
#6664=VECTOR('',#6667,1.0);
#6665=VECTOR('',#6668,1.0);
#6666=VECTOR('',#6669,1.0);
#6667=DIRECTION('',(0,-1,2.2510622245354094E-16));
#6668=DIRECTION('',(0,0,1));
#6669=DIRECTION('',(0,0.9987523388778446,-0.04993761694389235));
#6670=FACE_SURFACE('',(#6675),#6671,.T.);
#6671=PLANE('',#6672);
#6672=AXIS2_PLACEMENT_3D('',#238,#6673,#6674);
#6673=DIRECTION('',(-0,0,1));
#6674=DIRECTION('',(0,-1,0));
#6675=FACE_BOUND('',#6676,.T.);
#6676=EDGE_LOOP('',(#6677,#6678,#6679));
#6677=ORIENTED_EDGE('',*,*,#6680,.T.);
#6678=ORIENTED_EDGE('',*,*,#6681,.T.);
#6679=ORIENTED_EDGE('',*,*,#6682,.T.);
#6680=EDGE_CURVE('',#239,#243,#6683,.F.);
#6681=EDGE_CURVE('',#243,#235,#6684,.T.);
#6682=EDGE_CURVE('',#235,#239,#6685,.T.);
#6683=LINE('',#238,#6686);
#6684=LINE('',#242,#6687);
#6685=LINE('',#234,#6688);
#6686=VECTOR('',#6689,1.0);
#6687=VECTOR('',#6690,1.0);
#6688=VECTOR('',#6691,1.0);
#6689=DIRECTION('',(0,-1,0));
#6690=DIRECTION('',(0.7071067811865475,0.7071067811865475,0));
#6691=DIRECTION('',(-1,0,0));
#6692=FACE_SURFACE('',(#6697),#6693,.T.);
#6693=PLANE('',#6694);
#6694=AXIS2_PLACEMENT_3D('',#242,#6695,#6696);
#6695=DIRECTION('',(0,0,1));
#6696=DIRECTION('',(1,0,0));
#6697=FACE_BOUND('',#6698,.T.);
#6698=EDGE_LOOP('',(#6699,#6700,#6701));
#6699=ORIENTED_EDGE('',*,*,#6702,.T.);
#6700=ORIENTED_EDGE('',*,*,#6703,.T.);
#6701=ORIENTED_EDGE('',*,*,#6704,.T.);
#6702=EDGE_CURVE('',#243,#231,#6705,.F.);
#6703=EDGE_CURVE('',#231,#235,#6706,.T.);
#6704=EDGE_CURVE('',#235,#243,#6707,.T.);
#6705=LINE('',#242,#6708);
#6706=LINE('',#230,#6709);
#6707=LINE('',#234,#6710);
#6708=VECTOR('',#6711,1.0);
#6709=VECTOR('',#6712,1.0);
#6710=VECTOR('',#6713,1.0);
#6711=DIRECTION('',(1,0,0));
#6712=DIRECTION('',(0,1,0));
#6713=DIRECTION('',(-0.7071067811865475,-0.7071067811865475,0));
#6714=FACE_SURFACE('',(#6719),#6715,.T.);
#6715=PLANE('',#6716);
#6716=AXIS2_PLACEMENT_3D('',#244,#6717,#6718);
#6717=DIRECTION('',(0,-2.2510622245354094E-16,-1));
#6718=DIRECTION('',(0,1,-2.2510622245354094E-16));
#6719=FACE_BOUND('',#6720,.T.);
#6720=EDGE_LOOP('',(#6721,#6722,#6723));
#6721=ORIENTED_EDGE('',*,*,#6724,.T.);
#6722=ORIENTED_EDGE('',*,*,#6725,.T.);
#6723=ORIENTED_EDGE('',*,*,#6726,.T.);
#6724=EDGE_CURVE('',#245,#241,#6727,.F.);
#6725=EDGE_CURVE('',#241,#233,#6728,.T.);
#6726=EDGE_CURVE('',#233,#245,#6729,.T.);
#6727=LINE('',#244,#6730);
#6728=LINE('',#240,#6731);
#6729=LINE('',#232,#6732);
#6730=VECTOR('',#6733,1.0);
#6731=VECTOR('',#6734,1.0);
#6732=VECTOR('',#6735,1.0);
#6733=DIRECTION('',(0,1,-2.2510622245354094E-16));
#6734=DIRECTION('',(0.7071067811865475,-0.7071067811865475,1.5917413638418625E-16));
#6735=DIRECTION('',(-1,0,0));
#6736=FACE_SURFACE('',(#6741),#6737,.T.);
#6737=PLANE('',#6738);
#6738=AXIS2_PLACEMENT_3D('',#240,#6739,#6740);
#6739=DIRECTION('',(0,-2.2510622245354094E-16,-1));
#6740=DIRECTION('',(1,0,0));
#6741=FACE_BOUND('',#6742,.T.);
#6742=EDGE_LOOP('',(#6743,#6744,#6745));
#6743=ORIENTED_EDGE('',*,*,#6746,.T.);
#6744=ORIENTED_EDGE('',*,*,#6747,.T.);
#6745=ORIENTED_EDGE('',*,*,#6748,.T.);
#6746=EDGE_CURVE('',#241,#237,#6749,.F.);
#6747=EDGE_CURVE('',#237,#233,#6750,.T.);
#6748=EDGE_CURVE('',#233,#241,#6751,.T.);
#6749=LINE('',#240,#6752);
#6750=LINE('',#236,#6753);
#6751=LINE('',#232,#6754);
#6752=VECTOR('',#6755,1.0);
#6753=VECTOR('',#6756,1.0);
#6754=VECTOR('',#6757,1.0);
#6755=DIRECTION('',(1,0,0));
#6756=DIRECTION('',(0,-1,2.2510622245354094E-16));
#6757=DIRECTION('',(-0.7071067811865475,0.7071067811865475,-1.5917413638418625E-16));
#6758=FACE_SURFACE('',(#6763),#6759,.T.);
#6759=PLANE('',#6760);
#6760=AXIS2_PLACEMENT_3D('',#242,#6761,#6762);
#6761=DIRECTION('',(0,-1,0));
#6762=DIRECTION('',(0,0,-1));
#6763=FACE_BOUND('',#6764,.T.);
#6764=EDGE_LOOP('',(#6765,#6766,#6767));
#6765=ORIENTED_EDGE('',*,*,#6768,.T.);
#6766=ORIENTED_EDGE('',*,*,#6769,.T.);
#6767=ORIENTED_EDGE('',*,*,#6770,.T.);
#6768=EDGE_CURVE('',#243,#245,#6771,.F.);
#6769=EDGE_CURVE('',#245,#231,#6772,.T.);
#6770=EDGE_CURVE('',#231,#243,#6773,.T.);
#6771=LINE('',#242,#6774);
#6772=LINE('',#244,#6775);
#6773=LINE('',#230,#6776);
#6774=VECTOR('',#6777,1.0);
#6775=VECTOR('',#6778,1.0);
#6776=VECTOR('',#6779,1.0);
#6777=DIRECTION('',(0,0,-1));
#6778=DIRECTION('',(0.9987523388778446,0,0.04993761694389213));
#6779=DIRECTION('',(-1,0,0));
#6780=FACE_SURFACE('',(#6785),#6781,.T.);
#6781=PLANE('',#6782);
#6782=AXIS2_PLACEMENT_3D('',#244,#6783,#6784);
#6783=DIRECTION('',(0,-1,0));
#6784=DIRECTION('',(1,0,0));
#6785=FACE_BOUND('',#6786,.T.);
#6786=EDGE_LOOP('',(#6787,#6788,#6789));
#6787=ORIENTED_EDGE('',*,*,#6790,.T.);
#6788=ORIENTED_EDGE('',*,*,#6791,.T.);
#6789=ORIENTED_EDGE('',*,*,#6792,.T.);
#6790=EDGE_CURVE('',#245,#233,#6793,.F.);
#6791=EDGE_CURVE('',#233,#231,#6794,.T.);
#6792=EDGE_CURVE('',#231,#245,#6795,.T.);
#6793=LINE('',#244,#6796);
#6794=LINE('',#232,#6797);
#6795=LINE('',#230,#6798);
#6796=VECTOR('',#6799,1.0);
#6797=VECTOR('',#6800,1.0);
#6798=VECTOR('',#6801,1.0);
#6799=DIRECTION('',(1,0,0));
#6800=DIRECTION('',(0,0,1));
#6801=DIRECTION('',(-0.9987523388778446,0,-0.04993761694389213));
#6802=FACE_SURFACE('',(#6807),#6803,.T.);
#6803=PLANE('',#6804);
#6804=AXIS2_PLACEMENT_3D('',#234,#6805,#6806);
#6805=DIRECTION('',(0,1,0));
#6806=DIRECTION('',(0,0,-1));
#6807=FACE_BOUND('',#6808,.T.);
#6808=EDGE_LOOP('',(#6809,#6810,#6811));
#6809=ORIENTED_EDGE('',*,*,#6812,.T.);
#6810=ORIENTED_EDGE('',*,*,#6813,.T.);
#6811=ORIENTED_EDGE('',*,*,#6814,.T.);
#6812=EDGE_CURVE('',#235,#237,#6815,.F.);
#6813=EDGE_CURVE('',#237,#239,#6816,.T.);
#6814=EDGE_CURVE('',#239,#235,#6817,.T.);
#6815=LINE('',#234,#6818);
#6816=LINE('',#236,#6819);
#6817=LINE('',#238,#6820);
#6818=VECTOR('',#6821,1.0);
#6819=VECTOR('',#6822,1.0);
#6820=VECTOR('',#6823,1.0);
#6821=DIRECTION('',(0,0,-1));
#6822=DIRECTION('',(-0.9987523388778446,0,0.04993761694389235));
#6823=DIRECTION('',(1,0,0));
#6824=FACE_SURFACE('',(#6829),#6825,.T.);
#6825=PLANE('',#6826);
#6826=AXIS2_PLACEMENT_3D('',#236,#6827,#6828);
#6827=DIRECTION('',(0,1,0));
#6828=DIRECTION('',(-1,0,0));
#6829=FACE_BOUND('',#6830,.T.);
#6830=EDGE_LOOP('',(#6831,#6832,#6833));
#6831=ORIENTED_EDGE('',*,*,#6834,.T.);
#6832=ORIENTED_EDGE('',*,*,#6835,.T.);
#6833=ORIENTED_EDGE('',*,*,#6836,.T.);
#6834=EDGE_CURVE('',#237,#241,#6837,.F.);
#6835=EDGE_CURVE('',#241,#239,#6838,.T.);
#6836=EDGE_CURVE('',#239,#237,#6839,.T.);
#6837=LINE('',#236,#6840);
#6838=LINE('',#240,#6841);
#6839=LINE('',#238,#6842);
#6840=VECTOR('',#6843,1.0);
#6841=VECTOR('',#6844,1.0);
#6842=VECTOR('',#6845,1.0);
#6843=DIRECTION('',(-1,0,0));
#6844=DIRECTION('',(0,0,1));
#6845=DIRECTION('',(0.9987523388778446,0,-0.04993761694389235));
ENDSEC;
END-ISO-10303-21;
